COMPKEY,W/O #,Service Request #,No. Breaks,W/O Date,SRC,Asset Type,Mat,Dia,FROM NODE,TO NODE,Failure Type,Failure Cause,W/M Depth,Soil Type,UNIT,Street,Pres Zone,Zone,Tile
939272,  2266621,2620484,1,29/08/2015,C_UT,WMN,DI,300,595851,6591019,1.3,8.5,2.20 ,CLAY,,CLARK BLVD,5,B62,0819
508195,  2263400,2551442,1,24/08/2015,C_UT,WMN,PVC,150,599097,599015,2.1,8.6,1.70 ,CLAY,NP,NEWPORT ST,6,B45,0953
859158,  2260934,2603375,1,18/08/2015,C_UT,WMN,DI,150,6582257,599165,1.3,8.5,1.70 ,CLAY,128,KINGSWOOD DR,6,B43,0895
507822,  2260822,2603375,1,18/08/2015,C_UT,WMN,DI,150,599531,599163,1.3,8.5,1.70 ,CLAY,98,KINGSWOOD DR,6,B43,0895
877491,  2256142,2586263,1,06/08/2015,C_UT,WMN,DI,400,597779,6585940,1.3,8.5,2.00 ,CLAY,499,STEELES AVE,5,B59,0690
512133,  2256133,2586378,1,06/08/2015,C_UT,WMN,DI,300,596277,596278,1.3,8.7,2.00 ,CLAY,24,MELANIE DR,4,B80,0722
860629,  2253440,2581464,1,03/08/2015,C_UT,WMN,DI,300,596256,6582624,1.3,,0.00 ,,6,WESTWYN CT,4,B78,0671
717007,  2253443,2581453,1,03/08/2015,C_UT,WMN,CI,150,6556406,597020,1.1,,0.00 ,,10,AINTREE CR,5,B63,0795
512133,  2253457,2581168,1,02/08/2015,C_UT,WMN,DI,300,596277,596278,1.3,8.7,1.83 ,CLAY,28,MELANIE DR,4,B80,0722
882134,  2252748,2580231,1,31/07/2015,C_UT,WMN,CI,250,6586966,597126,1.1,,1.70 ,CLAY,64,BARTLEY BULL PKWY,5,B60,0715
716703,  2242429,2493805,1,13/07/2015,C_UT,WMN,CI,150,6556064,597040,1.1,8.5,2.00 ,CLAY,13,CHILTERN CT,5,B63,0821
648761,  2238883,2544737,1,06/07/2015,C_UT,WMN,PVC,300,6507765,6459522,2.1,8.4,2.00 ,CLAY,240,BRISDALE DR,6,B22,0998
774769,  2235691,2532197,1,26/06/2015,C_UT,WMN,DI,150,6566607,596322,1.3,8.5,2.00 ,CLAY,304,ROYAL SALISBURY WAY,6,B44,0896
836436,  2234440,2529010,1,24/06/2015,C_UT,WMN,DIHYPC,400,6566934,6575748,1.3,8.5,2.40 ,SAGR,Gore,CASTLEMORE RD,5,B52,1044
878240,  2233702,2477521,1,23/06/2015,C_UT,WMN,CPP,400,6586080,6586076,4.1,8.7,3.50 ,CLAY,Country,TORBRAM RD,6,B30,1150
511499,  2202688,2471115,1,01/05/2015,C_UT,WMN,COPP,50,598873,598504,1.3,8.1,2.00 ,CLAY,11,HOMELAND CT,5,B46,0871
788078,  2199672,2468371,1,29/04/2015,C_UT,WMN,DI,300,596349,6568445,,,0.00 ,,2000,CLARK BLVD,5,B65,0825
747081,  2197252,2464619,1,26/04/2015,C_UT,WMN,DI,150,6563004,599329,1.3,8.5,2.00 ,CLAY,471,HANSEN RD,6,B44,0923
526464,  2197251,2464447,3,26/04/2015,C_UT,WMN,DI,300,608636,608630,1.3,8.7,3.50 ,CLAY,Tortois,GOREWAY DR,5,B31,1125
509576,  2197097,2464500,1,25/04/2015,C_UT,WMN,DI,300,6325461,596874,1.3,8.7,2.00 ,CLAY,67,SELBY RD,5,B61,0766
516319,  2196485,2463052,1,24/04/2015,C_UT,WMN,DI,150,601057,601058,1.3,8.7,2.00 ,CLAY,7302,REDFOX RD,4,Z48W,0654
516558,  2188783,2456394,1,18/04/2015,C_UT,WMN,CPP,400,600691,600688,4.1,8.7,2.50 ,,1935,DREW RD,4,,0624
512434,  2178381,2446537,1,09/04/2015,C_UT,WMN,CI,300,596935,596957,1.3,8.5,3.00 ,CLST,55,WEST DR,5,B62,0793
511250,  2167313,2441954,1,06/04/2015,C_UT,WMN,DI,150,599535,599536,1.3,8.5,2.00 ,CLAY,6,WRIGHT ST,5,B43,0894
507670,  2164483,2438457,1,01/04/2015,C_UT,WMN,PVC,150,599481,599734,1.1,8.7,2.00 ,CLST,63,MOORE ST,5,B42,0893
885861,  2163005,2435483,1,30/03/2015,C_UT,WMN,DI,300,598951,6587905,5.1,8.5,2.00 ,CLAY,106,RUTHERFORD RD,5,B44,0869
509239,  2161817,2370969,1,27/03/2015,C_UT,WMN,DI,300,599261,597494,,,0.00 ,,49,QUEEN ST,5,B42,0815
508054,  2160647,2429240,1,25/03/2015,C_UT,WMN,DI,150,598953,598952,1.1,8.7,1.80 ,CLAY,34,REIGATE AVE,5,B44,0869
508054,  2158787,2429240,1,20/03/2015,C_UT,WMN,DI,150,598953,598952,1.1,8.7,1.80 ,CLAY,34,REIGATE AVE,5,B44,0869
672004,  2151659,2425976,1,16/03/2015,C_UT,WMN,DI,150,6524228,6524224,4.1,8.7,1.60 ,CLAY,32,GLENFIELD CR,5,B47,0901
515971,  2149491,2422489,1,11/03/2015,C_UT,WMN,CI,300,592758,592738,1.1,8.5,1.80 ,CLAY,Airway,VISCOUNT RD,4,Z40W,0525
507358,  2148899,2421725,1,10/03/2015,C_UT,WMN,PVC,150,600036,600033,1.1,8.5,2.50 ,CYSI,2,LENECK AVE,5,B41,0813
526587,  2146956,2417812,1,05/03/2015,C_UT,WMN,COPP,50,598662,598664,4.1,8.5,1.60 ,CLAY,48,LAMONT PL,5,B45,0844
885262,  2146525,2416457,1,04/03/2015,C_UT,WMN,PVC,300,6587738,6587739,2.1,8.7,2.00 ,CYSI,Bram,ORENDA RD,5,B63,0745
508547,  2139568,2408983,1,20/02/2015,C_UT,WMN,DI,150,598597,598598,1.1,8.5,2.00 ,CLAY,65,GREENWOOD CR,5,B47,0901
508001,  2137126,2407696,1,17/02/2015,C_UT,WMN,DI,300,599326,599386,1.3,8.5,2.50 ,CLAY,252,RUTHERFORD RD,6,B44,0896
525923,  2131474,2399918,1,04/02/2015,C_UT,WMN,DI,300,601168,601164,1.3,8.5,2.00 ,CLAY,7347,KIMBEL ST,4,,0652
665552,  2127822,2394906,1,27/01/2015,C_UT,WMN,AC,150,6521145,596750,1.1,8.5,2.00 ,CLAY,12,DUDLEY PL,5,B64,0771
859655,  2125752,2391476,1,25/01/2015,C_UT,WMN,PVC,300,6582341,592746,5.1,8.5,2.00 ,CLAY,6810,PROFESSIONAL CT,4,Z40W,0602
507303,  2125775,2393679,1,25/01/2015,C_UT,WMN,DI,150,600029,600030,1.1,8.5,2.00 ,CLAY,3,CAMBRIDGE CR,5,B41,0838
853147,  2107832,2387865,1,16/01/2015,C_UT,WMN,PVC,150,6576982,6580357,5.1,8.7,2.00 ,CLAY,8666,CREDITVIEW RD,5,B56,0759
516283,  2105963,2385190,1,12/01/2015,C_UT,WMN,CI,200,600649,600945,1.1,8.7,2.50 ,CLAY,3805,MORNING STAR DR,4,Z48E,0656
699773,  2095274,2380038,1,03/01/2015,C_UT,WMN,CI,200,600613,6539145,1.1,8.5,8.00 ,CLAY,3615,MORNING STAR DR,4,Z48E,0678
509239,  2094063,2370969,1,29/12/2014,C_UT,WMN,DI,300,599261,597494,4.1,8.5,8.00 ,,43,QUEEN ST,5,B42,0815
863863,  2078660,2373362,1,21/12/2014,C_UT,WMN,CI,300,601454,6583656,,,0.00 ,,11623,DIXIE RD,6,B10,1147
697740,  2032075,2354367,1,10/12/2014,C_UT,WMN,CPP,600,595855,6537786,4.1,8.5,2.00 ,CLAY,,QUEEN ST,5,B58,0814
507442,  2027473,2361185,1,02/12/2014,C_UT,WMN,CI,150,600149,599995,1.1,8.7,2.00 ,CYSI,26,SANFORD CR,5,B41,0839
509571,  2027088,2360651,1,01/12/2014,C_UT,WMN,DI,300,597350,597351,1.1,8.7,2.00 ,CLAY,147,HEART LAKE RD,5,B61,0793
509239,  2017943,2349526,1,15/11/2014,C_UT,WMN,DI,300,599261,597494,1.3,8.5,2.50 ,SICY,33,QUEEN ST,5,B42,0815
806948,  2014838,2346316,1,11/11/2014,C_UT,WMN,DI,300,6543005,6572700,1.3,8.5,2.00 ,SICY,87,EASEMENT ,5,B61,0792
656891,  2008240,2334598,1,25/10/2014,C_UT,WMN,CI,150,1068954,6514464,1.1,8.7,6.00 ,CLAY,11,HASLEMERE AVE,5,B60,0816
877491,  2003201,2330113,1,19/10/2014,C_UT,WMN,DI,400,597779,6585940,1.3,8.3,2.80 ,SACL,499,STEELES AVE,5,B59,0690
511080,  2003007,2328817,1,18/10/2014,C_UT,WMN,PVC,150,600103,600104,1.2,8.7,6.00 ,CLAY,64,CORTEZ CT,6,B41,0837
716703,  1999705,2325243,1,13/10/2014,C_UT,WMN,CI,150,6556064,597040,1.1,8.1,2.00 ,CLAY,17,CHILTERN CT,5,B63,0821
716703,  1999715,2325207,1,13/10/2014,C_UT,WMN,CI,150,6556064,597040,1.1,8.1,2.00 ,CLAY,17,CHILTERN CT,5,B63,0821
853850,  1999972,2322340,1,09/10/2014,C_UT,WMN,DI,200,6580525,592317,1.3,8.5,1.70 ,CLAY,40,REYNIER DR,6,B26,1059
754592,  1992137,2313848,1,28/09/2014,C_UT,WMN,DI,200,6565527,601769,1.3,8.7,2.25 ,CLAY,,SUTTER AVE,6,B25,1030
690722,  1984470,2304004,1,17/09/2014,C_UT,WMN,PVC,200,599936,6531608,4.1,8.7,2.50 ,CLAY,10950,THE GORE RD,5,B33,1157
638727,  1983642,2303451,1,16/09/2014,C_UT,WMN,DI,400,6475193,597782,1.3,8.5,3.00 ,CLAY,Opp 160,MAIN ST,5,B59,0763
638727,  1983241,2302908,1,15/09/2014,C_UT,WMN,DI,400,6475193,597782,1.3,8.5,2.50 ,CLAY,opp 160,MAIN ST,5,B59,0763
703841,  1976048,2292817,1,03/09/2014,C_UT,WMN,DI,400,6541804,6543006,1.3,8.5,3.00 ,GRAV,50,CLARENCE ST,5,B61,0766
508513,  1975176,2291520,1,02/09/2014,C_UT,WMN,DI,150,598402,598522,1.3,8.5,2.00 ,CLAY,,HILLDALE CR,5,B46,0899
509678,  1972390,2287908,1,27/08/2014,C_UT,WMN,DI,200,596962,596937,,,0.00 ,,5,TILBURY CT,5,B62,0793
510530,  1969892,2285606,1,25/08/2014,C_UT,WMN,DI,400,597520,597131,1.3,8.5,2.30 ,CLAY,184,MAIN ST,5,B59,0763
916842,  1966400,2279976,1,18/08/2014,C_UT,WMN,CI,300,596793,6588596,1.1,8.7,2.10 ,CASP,114,EAST DR,5,B64,0745
516416,  1966242,2278685,1,15/08/2014,C_UT,WMN,DI,150,601058,601057,2.1,8.5,2.00 ,SICY,7229,REINDEER DR,4,Z48W,0654
679629,  1957062,2264843,1,30/07/2014,C_UT,WMN,PVC,150,6526805,6526964,,,1.80 ,,5,HOMEVIEW RD,4,B50,0988
511353,  1943385,2243392,1,07/07/2014,C_UT,WMN,DI,150,599314,599178,1.3,8.5,1.70 ,CLAY,20,CAMBERLEY CR,6,B43,0922
509678,  1937478,2226467,1,22/06/2014,C_UT,WMN,DI,200,596962,596937,1.3,8.5,2.00 ,CLAY,5,TILBURY CT,5,B62,0793
509678,  1937323,2226467,3,21/06/2014,C_UT,WMN,DI,200,596962,596937,1.3,8.5,2.00 ,CLAY,5,TILBURY CT,5,B62,0793
509678,  1937330,2226467,1,21/06/2014,C_UT,WMN,DI,200,596962,596937,1.3,8.5,2.00 ,CLAY,,TILBURY CT,5,B62,0793
509678,  1937336,2226467,1,21/06/2014,C_UT,WMN,DI,200,596962,596937,1.3,8.5,2.00 ,CLAY,7,TILBURY CT,5,B62,0793
509678,  1937125,2226467,1,20/06/2014,C_UT,WMN,DI,200,596962,596937,1.2,8.5,2.00 ,CLAY,1,TILBURY CT,5,B62,0793
853499,  1936284,2214785,1,19/06/2014,C_UT,WMN,PVC,200,597979,6580441,4.1,8.7,2.00 ,CLAY,Wards,MISSISSAUGA RD,5,B55,0708
511271,  1935845,2223609,1,18/06/2014,C_UT,WMN,DI,150,599627,599628,1.3,8.5,2.50 ,CLAY,14,CROSSWOOD LANE,6,B43,0950
748450,  1922369,2211281,1,31/05/2014,C_UT,WMN,PE,300,592423,6563587,2.1,8.5,2.00 ,CLAY,Sandal,HEART LAKE RD,6,B26,1061
511379,  1905928,2192182,1,02/05/2014,C_UT,WMN,DI,150,599353,599351,1.3,8.1,2.00 ,CLAY,34,ASHURST CR,6,B44,0951
507956,  1874762,2166920,1,02/04/2014,C_UT,WMN,DI,150,599390,598989,1.1,8.5,2.00 ,CLAY,31,IVYBRIDGE DR,6,B44,0896
510204,  1866281,2157273,1,18/03/2014,C_UT,WMN,PVC,200,596106,596120,4.1,8.5,1.50 ,CLAY,176,CHERRYTREE DR,5,B75,0643
662821,  1863006,2158128,1,11/03/2014,C_UT,WMN,CI,150,6519965,6519904,1.1,8.5,2.00 ,CLAY,7297,VERNOR DR,4,Z48W,0654
940760,  1859656,2154056,1,03/03/2014,C_UT,WMN,CI,300,6591219,596966,4.1,8.3,1.50 ,CLAY,Orenda,DIXIE RD,5,B63,0794
765230,  1859014,2152726,1,28/02/2014,C_UT,WMN,PVC,200,600104,6566016,1.1,8.7,3.00 ,CLAY,Cortez,WAYNE NICOL DR,,B41,0837
940760,  1857015,2151365,1,26/02/2014,C_UT,WMN,CI,300,6591219,596966,4.1,8.7,2.00 ,CYSI,Orenda,DIXIE RD,5,B63,0794
669941,  1856623,2136420,1,25/02/2014,C_UT,WMN,PVC,300,6521105,6523452,4.1,8.1,2.50 ,CLAY,147,DEARBOURNE BLVD,5,B64,0771
506631,  1853515,2144463,1,19/02/2014,C_UT,WMN,COPP,50,601639,601640,4.1,8.7,2.00 ,CLAY,40,CRENSHAW CT,6,B25,1057
508053,  1846339,2144653,1,11/02/2014,C_UT,WMN,DI,150,598951,598953,1.3,8.7,2.00 ,CLAY,2,REIGATE AVE,5,B44,0869
516365,  1845191,2143430,1,08/02/2014,C_UT,WMN,DI,150,600990,600994,1.1,8.5,1.80 ,CLAY,7402,SILLS RD,4,Z48W,0676
526447,  1844041,2142110,1,05/02/2014,C_UT,WMN,CI,250,597569,597122,1.2,8.2,2.00 ,CLAY,56,BARTLEY BULL PKWY,5,B60,0715
665552,  1842348,2140317,1,01/02/2014,C_UT,WMN,AC,150,6521145,596750,1.1,8.2,2.00 ,CLAY,14,DUDLEY PL,5,B64,0771
509447,  1842006,2139605,1,31/01/2014,C_UT,WMN,CI,150,597129,597128,1.1,8.5,2.00 ,CLAY,35,INGLEWOOD DR,5,B60,0715
945723,  1805048,2123538,1,04/01/2014,C_UT,WMN,DI,150,6548404,6592419,1.1,8.5,2.00 ,CLAY,,HAGGERT AVE,5,B42,0839
713166,  1802691,2116477,1,30/12/2013,C_UT,WMN,CI,300,6551484,596950,1.1,8.5,2.00 ,CLAY,1300,STEELES AVE,5,B62,0718
511770,  1800677,2078188,1,22/12/2013,C_UT,WMN,CI,150,597537,597538,1.1,8.5,2.13 ,CLAY,,HAROLD ST,5,B59,0789
516438,  1794738,2046290,1,17/12/2013,C_UT,WMN,CI,150,601077,601076,1.1,8.1,7.00 ,CLAY,,DRIFTON CR,4,Z48W,0677
721717,  1797300,2060805,1,17/12/2013,C_UT,WMN,DI,250,601000,6560012,1.3,8.5,2.00 ,CLAY,7299,LANCASTER AVE,4,Z48W,0653
508650,  1792358,2039481,1,11/12/2013,C_UT,WMN,DI,200,598603,598585,1.3,8.5,2.00 ,CLAY,17,GREENMOUNT RD,5,B47,0874
508650,  1791956,2039481,1,10/12/2013,C_UT,WMN,DI,200,598603,598585,1.3,8.5,1.50 ,CLAY,17,GREENMOUNT RD,5,B47,0874
515955,  1737245,2029626,1,07/12/2013,C_UT,WMN,CI,300,592738,592733,1.1,8.7,2.00 ,CLAY,6525,VISCOUNT RD,4,Z40W,0550
507346,  1737096,2024786,1,06/12/2013,C_UT,WMN,CI,150,600022,600026,1.3,8.5,2.00 ,CLAY,18,KINGSMERE CR,5,B41,0814
510822,  1725660,2006567,1,13/11/2013,C_UT,WMN,DI,150,601830,601831,1.1,8.5,1.50 ,CLAY,28,BLUERIDGE SQ,6,B25,1086
508692,  1724392,2007672,1,12/11/2013,C_UT,WMN,DI,200,598186,598187,1.3,8.5,2.00 ,CLAY,71/73,JAYFIELD RD,5,B47,0928
508692,  1724875,2007672,1,12/11/2013,C_UT,WMN,DI,200,598186,598187,1.3,8.5,2.00 ,CLAY,71/73,JAYFIELD RD,5,B47,0928
508707,  1725369,2007228,2,11/11/2013,C_UT,WMN,DI,200,598218,598215,1.3,8.5,2.40 ,CLAY,31,JAYFIELD RD,5,B47,0956
752209,  1723925,2006562,1,10/11/2013,C_UT,WMN,DI,300,6564831,596899,1.3,8.5,2.00 ,CLAY,16,HALE RD,5,B61,0741
509261,  1720185,2002641,1,01/11/2013,C_UT,WMN,DI,150,597866,597476,1.3,8.5,1.50 ,CLAY,70,ELGIN DR,5,B59,0738
508630,  1716478,1999592,1,26/10/2013,C_UT,WMN,DI,150,598572,598571,1.3,8.5,2.00 ,CLAY,49,GARSIDE CR,5,B47,0873
511371,  1716157,1999177,1,25/10/2013,C_UT,WMN,DI,150,598953,598954,1.3,8.7,2.00 ,CLAY,26,GABLE DR,5,B44,0869
508443,  1715224,1997581,1,24/10/2013,C_UT,WMN,DI,300,598379,598378,2.1,8.7,2.50 ,CLAY,,CENTRAL PARK DR,5,B46,0899
508402,  1714595,1997846,2,23/10/2013,C_UT,WMN,DI,200,598782,598799,1.3,8.7,2.00 ,CLAY,,MACKAY ST,5,B46,0926
508640,  1714686,1997837,1,23/10/2013,C_UT,WMN,DI,200,598587,598584,1.3,8.5,4.50 ,CLAY,36,GREENMOUNT RD,5,B47,0874
509248,  1714629,1997839,2,23/10/2013,C_UT,WMN,DI,200,597458,597796,1.3,8.5,1.50 ,CLAY,374,MILL ST,5,B59,0714
721717,  1712013,1994800,1,17/10/2013,C_UT,WMN,DI,250,601000,6560012,1.3,8.5,2.00 ,CLAY,7275,LANCASTER AVE,4,Z48W,0653
506631,  1710343,1991866,1,11/10/2013,C_UT,WMN,COPP,50,601639,601640,1.3,8.5,2.00 ,CLST,40,CRENSHAW CT,6,B25,1057
508513,  1707069,1987727,1,04/10/2013,C_UT,WMN,DI,150,598402,598522,1.3,8.5,1.50 ,CLAY,,HILLDALE CR,5,B46,0899
773588,  1705341,1985683,1,01/10/2013,C_UT,WMN,DI,150,6566449,600980,1.3,8.5,2.10 ,CLAY,7656,ALMADALE CT,4,Z48W,0701
511658,  1699405,1979781,1,23/09/2013,C_UT,WMN,CPP,400,598108,598109,4.1,8.7,2.00 ,TS,8270,MCLAUGHLIN RD,5,B58,0713
526271,  1696217,1973857,1,12/09/2013,C_UT,WMN,DI,150,597401,597404,1.2,8.5,1.50 ,CLAY,73,FREDERICK ST,5,B59,0789
703756,  1694558,1972352,1,09/09/2013,C_UT,WMN,DI,300,6542947,6325461,1.1,8.5,2.00 ,CLAY,,SELBY RD,5,B61,0766
516472,  1693368,1970483,1,05/09/2013,C_UT,WMN,DI,300,601116,601117,1.3,8.5,2.50 ,CLAY,1868,DREW RD,4,,0652
752209,  1691986,1968784,1,03/09/2013,C_UT,WMN,DI,300,6564831,596899,1.3,8.5,0.00 ,CLAY,16,HALE RD,5,B61,0741
692249,  1681325,1952065,1,07/08/2013,C_UT,WMN,PVC,300,6533248,6533265,1.2,8.7,2.00 ,CLAY,381,MOUNTAINASH RD,6,B30,1151
508694,  1680002,1951496,1,05/08/2013,C_UT,WMN,DI,150,598189,598187,1.3,8.5,2.00 ,CLAY,8 & 10,JILL CR,5,B47,0956
525998,  1680004,1951728,1,05/08/2013,C_UT,WMN,DI,150,601000,601008,1.3,8.5,2.00 ,CLAY,3117,HAROLD SHEARD DR,4,Z48W,0653
508692,  1676808,1946540,1,27/07/2013,C_UT,WMN,DI,200,598186,598187,1.3,8.5,2.00 ,CLAY,51,JAYFIELD RD,5,B47,0928
775583,  1676790,1946619,1,27/07/2013,C_UT,WMN,PVC,150,6566651,6566677,1.2,8.7,1.80 ,CLAY,36,GORERIDGE CR,4,B52,0936
516490,  1674409,1943224,1,23/07/2013,C_UT,WMN,DI,300,601117,601165,1.3,8.5,2.00 ,CLAY,2662,KIMBEL ST,4,Z49E,0652
526268,  1673085,1940490,1,19/07/2013,C_UT,WMN,DI,150,597372,597369,1.3,8.7,2.00 ,CLAY,14,ROSEVILLE DR,5,B59,0762
507934,  1668741,1932865,1,10/07/2013,C_UT,WMN,DI,150,598895,598896,1.3,8.5,2.00 ,CLAY,5,LARKFIELD RD,6,B44,0895
511923,  1668625,1931910,1,10/07/2013,C_UT,WMN,DI,300,597044,597048,1.3,8.7,2.00 ,CLAY,18,KENSINGTON RD,5,B63,0847
883535,  1666713,1927836,1,05/07/2013,C_UT,WMN,DI,150,6587277,601037,1.3,8.7,2.00 ,CLAY,71529,CODLIN AVE,4,Z48W,0654
526271,  1664224,1923650,1,29/06/2013,C_UT,WMN,DI,150,597401,597404,1.3,8.5,1.50 ,CLAY,71,FREDERICK ST,5,B59,0789
702354,  1638438,1908937,1,05/06/2013,C_UT,WMN,COPP,50,6541617,6541614,1.3,8.5,1.50 ,CLAY,8,MORENCI CT,4,B56,0685
703826,  1637209,1907051,1,01/06/2013,C_UT,WMN,DI,400,6542985,6325461,1.3,8.7,2.00 ,CLAY,,CLARENCE ST,5,B61,0766
508417,  1631565,1898872,1,21/05/2013,C_UT,WMN,DI,200,598837,598838,1.3,8.5,2.00 ,CLAY,92,MASSEY ST,6,B46,0981
700091,  1621728,1885637,1,02/05/2013,C_UT,WMN,CI,150,6539425,6539466,1.2,8.5,1.50 ,CLAY,3414,LADDIE CR,4,Z48E,0629
509571,  1610538,1884919,1,30/04/2013,C_UT,WMN,DI,300,597350,597351,1.1,8.5,1.50 ,CLAY,145,HEART LAKE RD,5,B61,0793
515932,  1594784,1877342,2,17/04/2013,C_UT,WMN,DI,300,592722,592718,1.3,8.5,2.50 ,CLAY,3939,NASHUA DR,4,Z40E,0603
508565,  1589698,1871074,1,08/04/2013,C_UT,WMN,COPP,50,598141,598142,1.3,8.7,2.00 ,CLAY,18 & 19,GATSBY SQ,5,B47,0928
508643,  1589201,1870509,2,05/04/2013,C_UT,WMN,DI,150,598593,598595,1.3,8.5,2.00 ,CLAY,3,GROVELAND CR,5,B47,0874
507650,  1588892,1869452,1,04/04/2013,C_UT,WMN,PVC,150,599856,599439,1.2,8.1,2.80 ,CLAY,2,DAVID ST,5,B42,0840
512131,  1588476,1868778,1,03/04/2013,C_UT,WMN,DI,300,596276,596269,1.3,8.5,2.50 ,CLAY,OPP. 9,RAINHAM CT,4,B79,0695
877491,  1587095,1866771,1,01/04/2013,C_UT,WMN,DI,400,597779,6585940,1.3,8.7,2.00 ,CLAY,,STEELES AVE,5,B59,0690
506839,  1578817,1856735,1,11/03/2013,C_UT,WMN,DI,150,592378,592315,1.1,8.5,2.00 ,CLAY,45,SPARKLETT CR,6,B26,1031
639695,  1579052,1856753,1,11/03/2013,C_UT,WMN,PVC,150,6481081,6481062,,,0.00 ,,67,PAULINE CR,6,B23,1026
679018,  1576708,1854122,1,05/03/2013,C_UT,WMN,PVC,200,599966,6526924,1.2,8.4,2.10 ,CLAY,10059,CLARKWAY DR,5,B34,1045
507259,  1575937,1853038,1,03/03/2013,C_UT,WMN,DI,200,599934,599935,1.3,8.5,7.00 ,CLAY,4032,COUNTRYSIDE DR,5,B33,1184
511091,  1573841,1851033,1,27/02/2013,C_UT,WMN,DI,150,600039,599648,1.1,8.7,2.00 ,CLAY,4,NORFOLK AVE,5,B41,0813
509678,  1572142,1849845,1,25/02/2013,C_UT,WMN,DI,200,596962,596937,1.3,8.5,2.00 ,CLAY,7,TILBURY CT,5,B62,0793
508325,  1569421,1846557,2,18/02/2013,C_UT,WMN,DI,150,598797,598798,1.3,8.5,5.00 ,CLAY,46,WOLVERTON CR,5,B46,0954
717007,  1568709,1845749,1,15/02/2013,C_UT,WMN,CI,150,6556406,597020,1.1,8.7,2.00 ,CLAY,22,AINTREE CR,5,B63,0795
526627,  1561647,1837225,1,29/01/2013,C_UT,WMN,DI,200,598297,598342,1.3,8.5,2.00 ,CLAY,70,PHILOSOPHERS TR,6,B47,1010
742368,  1561022,1836484,1,28/01/2013,C_UT,WMN,PVC,300,596835,6561089,1.3,8.5,2.50 ,CLAY,189,SUMMERLEA RD,5,B65,0798
507348,  1553491,1830002,1,14/01/2013,C_UT,WMN,CI,150,600027,600019,1.1,8.5,2.50 ,CLAY,OPP. 59,GRETNA DR,5,B41,0838
507356,  1552313,1828550,1,10/01/2013,C_UT,WMN,CI,150,600033,600023,1.3,8.7,2.00 ,SACL,18,KIMBARK DR,5,B41,0813
885016,  1551887,1828059,1,09/01/2013,C_UT,WMN,CI,300,6587667,592737,1.1,8.5,2.00 ,CLAY,,AIRWAY DR,4,Z40W,0551
509571,  1549039,1828141,1,09/01/2013,C_UT,WMN,DI,300,597350,597351,1.3,8.7,1.60 ,CLAY,147,HEART LAKE RD,5,B61,0793
775502,  1539253,1821912,1,04/01/2013,C_UT,WMN,DI,300,6566665,599004,1.3,8.5,2.50 ,CLAY,392,VODDEN ST,6,B44,0896
511371,  1535861,1823000,1,31/12/2012,C_UT,WMN,DI,150,598953,598954,1.1,8.5,2.50 ,CLAY,14,GABLE DR,5,B44,0869
510586,  1533297,1815564,1,17/12/2012,C_UT,WMN,CI,300,596974,596793,1.1,8.5,2.00 ,CLAY,,BRAMALEA RD,5,B64,0745
526557,  1481647,1811719,1,10/12/2012,C_UT,WMN,CI,150,599725,599481,1.1,8.5,2.50 ,CLAY,71,MOORE ST,5,B42,0893
717007,  1480618,1810443,1,06/12/2012,C_UT,WMN,CI,150,6556406,597020,1.1,8.5,2.50 ,CLAY,24,AINTREE CR,5,B63,0795
507346,  1478675,1808296,1,02/12/2012,C_UT,WMN,CI,150,600022,600026,1.1,8.5,2.00 ,CASP,12,KINGSMERE CR,5,B41,0814
877491,  1478537,1808342,1,02/12/2012,C_UT,WMN,DI,400,597779,6585940,1.3,8.5,2.50 ,CLAY,,STEELES AVE,5,B59,0690
507769,  1472944,1800630,1,17/11/2012,C_UT,WMN,DI,150,599543,599540,1.3,8.7,2.00 ,SAND,16,SKELTON BLVD,5,B43,0894
779054,  1472988,1800031,4,16/11/2012,C_UT,WMN,DI,150,6566899,599398,1.3,8.5,2.00 ,CLAY,7,TALBOT ST,5,B42,0893
508856,  1471193,1798124,1,13/11/2012,C_UT,WMN,DI,400,597946,597954,1.3,8.5,2.00 ,CLAY,,AIRPORT RD,5,B48,1012
839786,  1470675,1795590,1,09/11/2012,C_UT,WMN,PVC,300,6576482,6576484,1.2,8.1,2.10 ,SAND,,MISSISSAUGA RD,5,B56,0708
516488,  1466009,1790091,1,31/10/2012,C_UT,WMN,DI,250,601124,601162,1.3,8.5,2.00 ,CR,7535,BATH RD,4,Z49E,0676
721717,  1465451,1789530,1,30/10/2012,C_UT,WMN,DI,250,601000,6560012,1.3,8.7,2.00 ,CR,7303,LANCASTER AVE,4,Z48W,0653
885016,  1462197,1784909,1,22/10/2012,C_UT,WMN,CI,300,6587667,592737,1.3,8.7,2.00 ,CLAY,6390,AIRWAY DR,4,Z40W,0551
523175,  1460787,1782594,1,17/10/2012,C_UT,WMN,CI,300,601079,607030,1.3,8.5,2.00 ,CR,3420,MORNING STAR DR,4,,0678
508460,  1459177,1780422,1,13/10/2012,C_UT,WMN,DI,200,598441,598876,1.3,8.7,2.00 ,CLAY,22,HANOVER RD,5,B46,0846
788467,  1458989,1765088,1,12/10/2012,C_UT,WMN,DI,200,598281,6568546,1.2,8.5,2.00 ,CLAY,108 & 110,PHILOSOPHERS TR,6,B47,0983
526316,  1457290,1776733,1,07/10/2012,C_UT,WMN,PVC,150,599686,599688,1.2,8.7,2.00 ,CLAY,46 & 48,CLARRIDGE CT,5,B42,0920
511348,  1454287,1772195,1,28/09/2012,C_UT,WMN,DI,200,599622,599307,1.3,8.5,2.00 ,CR,14,ELDERWOOD PL,6,B43,0921
516440,  1453196,1770472,1,26/09/2012,C_UT,WMN,CI,150,601078,601077,1.1,8.5,2.00 ,CLAY,7323,DRIFTON CR,4,Z48W,0654
775750,  1451705,1768689,1,23/09/2012,C_UT,WMN,DI,300,599604,6566699,1.3,8.5,2.00 ,CLAY,112,CENTRE ST,5,B43,0867
509678,  1445373,1760725,1,10/09/2012,C_UT,WMN,DI,200,596962,596937,1.3,8.5,2.50 ,CLAY,5,TILBURY CT,5,B62,0793
510133,  1444747,1752094,1,07/09/2012,C_UT,WMN,PVC,150,596526,596525,1.2,8.4,2.00 ,CLAY,115,LAURAGLEN CR,5,B74,0616
526268,  1442972,1756691,1,04/09/2012,C_UT,WMN,DI,150,597372,597369,1.3,8.7,2.00 ,CLAY,26,ROSEVILLE DR,5,B59,0762
515932,  1442889,1756212,1,02/09/2012,C_UT,WMN,DI,300,592722,592718,1.3,8.6,2.00 ,CLAY,3965,NASHUA DR,4,Z40E,0603
512133,  1441708,1744953,1,30/08/2012,C_UT,WMN,DI,300,596277,596278,1.3,8.5,2.00 ,CLAY,20,MELANIE DR,4,B80,0722
938141,  1440277,1752469,1,27/08/2012,C_UT,WMN,DI,300,6565817,6590850,1.3,8.5,2.50 ,CLAY,,CLARK BLVD,5,B65,0824
512133,  1435977,1744953,1,15/08/2012,C_UT,WMN,DI,300,596277,596278,,,0.00 ,,20,MELANIE DR,4,B80,0722
714827,  1431217,1735669,1,01/08/2012,C_UT,WMN,CI,300,6553752,598931,1.3,8.5,2.00 ,CLAY,,ARCHDEKIN DR,5,B44,0843
764432,  1429731,1733729,1,30/07/2012,C_UT,WMN,DI,300,596602,6565950,1.3,8.5,2.50 ,CLAY,,CENTRAL PARK DR,5,B63,0846
643721,  1427403,1728325,1,21/07/2012,C_UT,WMN,PVC,200,6493703,6494543,1.2,8.7,2.00 ,CLAY,2,PRINCESS VALLEY CR,5,B50,0987
764432,  1424682,1724925,1,17/07/2012,C_UT,WMN,DI,300,596602,6565950,1.3,8.5,2.00 ,CLAY,,CENTRAL PARK DR,5,B63,0846
512416,  1425369,1723108,1,14/07/2012,C_UT,WMN,DI,200,598268,598266,,,0.00 ,,6,PANDA LANE,5,B47,0983
526268,  1425428,1722948,1,14/07/2012,C_UT,WMN,DI,150,597372,597369,1.1,8.5,2.00 ,CLAY,20,ROSEVILLE DR,5,B59,0762
507766,  1424090,1722954,1,14/07/2012,C_UT,WMN,DI,150,599159,599540,,,0.00 ,,,TOLTON DR,5,B43,0867
507903,  1424086,1722929,1,14/07/2012,C_UT,WMN,DI,300,599309,599195,,,0.00 ,,,CENTRE ST,5,B43,0841
508692,  1424192,1722916,1,14/07/2012,C_UT,WMN,DI,200,598186,598187,1.3,8.7,1.80 ,CLAY,,JAYFIELD RD,5,B47,0928
526268,  1424183,1722948,1,14/07/2012,C_UT,WMN,DI,150,597372,597369,1.1,8.5,2.00 ,CLAY,20,ROSEVILLE DR,5,B59,0762
508753,  1423527,1719550,1,11/07/2012,C_UT,WMN,DI,250,598321,598325,1.3,8.7,2.00 ,CLAY,,PROFESSOR'S LAKE PKWY,6,B47,0982
507416,  1422513,1715582,1,08/07/2012,C_UT,WMN,PVC,150,600074,600115,1.2,8.7,1.80 ,CLAY,,MURDOCH DR,6,B41,0864
716389,  1421899,1713190,1,04/07/2012,C_UT,WMN,CI,150,6555670,6555664,1.1,8.5,2.00 ,CLAY,,CHINOOK DR,4,Z48W,0676
882228,  1421539,1711258,1,03/07/2012,C_UT,WMN,CI,200,600925,6586998,1.1,8.5,2.00 ,CLAY,3757,MORNING STAR DR,4,Z48E,0656
721695,  1420156,1708155,1,27/06/2012,C_UT,WMN,DI,150,601001,6560008,1.3,8.7,2.00 ,CLAY,,COLLETT RD,4,Z48W,0653
508415,  1410506,1685168,1,29/05/2012,C_UT,WMN,DI,200,598815,598822,1.3,8.7,2.50 ,CLAY,,MAITLAND ST,5,B46,0926
773588,  1405545,1676443,1,16/05/2012,C_UT,WMN,DI,150,6566449,600980,1.3,8.5,2.00 ,CR,,ALMADALE CT,4,Z48W,0701
763650,  1404520,1674990,1,14/05/2012,C_UT,WMN,DI,250,596846,6565837,1.2,8.5,2.00 ,CLAY,,SHAFTSBURY LANE,5,B65,0849
508397,  1404301,1674380,1,13/05/2012,C_UT,WMN,DI,200,598791,598790,1.3,8.5,2.50 ,CLAY,,MAITLAND ST,6,B46,0926
509576,  1401279,1,1,07/05/2012,C_UT,WMN,DI,300,6325461,596874,1.3,8.5,2.00 ,CLAY,,SELBY RD,5,B61,0766
858668,  1398254,1665078,1,30/04/2012,C_UT,WMN,CPP,400,601121,6582101,,,0.00 ,,,RENA RD,4,Z49E,0675
916842,  1393680,1658289,1,18/04/2012,C_UT,WMN,CI,300,596793,6588596,1.2,8.5,2.50 ,CLAY,,EAST DR,5,B64,0745
712390,  1383654,1,1,16/04/2012,C_UT,WMN,DI,200,6550764,601416,1.3,8.7,3.50 ,CLAY,,COUNTRYSIDE DR,5,B31,1154
511827,  1373129,1,1,20/03/2012,C_UT,WMN,CI,150,597232,597233,1.1,8.5,1.50 ,CLAY,,CORE CR,5,B60,0739
507303,  1371624,1636518,1,15/03/2012,C_UT,WMN,DI,150,600029,600030,1.1,8.5,2.50 ,CLAY,,CAMBRIDGE CR,5,B41,0838
508564,  1371199,1635742,1,14/03/2012,C_UT,WMN,COPP,50,598139,598140,5.1,8.5,2.00 ,CLAY,,GARRISON SQ,5,B47,0901
526274,  1371190,1635280,1,14/03/2012,C_UT,WMN,DI,400,597781,597520,1.3,8.5,2.50 ,CLAY,,MAIN ST,5,B59,0763
877492,  1370946,1635100,2,13/03/2012,C_UT,WMN,DI,400,6585940,596126,,,0.00 ,,,STEELES AVE,5,B59,0690
508662,  1362658,1630524,1,04/03/2012,C_UT,WMN,DI,200,598123,598625,1.3,8.5,1.60 ,CLAY,,GLENFOREST RD,5,B47,0900
939068,  1362631,1630556,1,04/03/2012,C_UT,WMN,PVC,200,6590980,608377,2.1,8.5,2.50 ,GRAV,,THE GORE RD,5,B15,1215
884332,  1362513,1630450,1,03/03/2012,C_UT,WMN,CI,300,6587571,592735,1.1,8.7,2.20 ,CLAY,,ORLANDO DR,4,Z40W,0551
512077,  1353148,1627728,2,27/02/2012,C_UT,WMN,PVC,150,596588,596584,2.1,8.5,2.00 ,CLAY,,NEW LONDON CT,5,B75,0666
718427,  1353151,1627590,1,27/02/2012,C_UT,WMN,DI,150,600965,6558166,1.1,8.7,2.00 ,CLAY,,TASMAN CT,4,Z48W,0701
717164,  1349951,1625818,1,22/02/2012,C_UT,WMN,CI,150,6556692,6556691,1.1,8.5,2.00 ,CLAY,7221,MADIERA RD,4,Z48E,0656
516623,  1346914,1622283,2,13/02/2012,C_UT,WMN,CPP,400,592726,592737,1.3,8.5,1.50 ,CLAY,6350,NORTHWEST DR,4,Z40W,0551
706807,  1344515,1619733,1,07/02/2012,C_UT,WMN,CI,200,600917,6545691,1.1,8.6,2.00 ,CLAY,,MORNING STAR DR,4,Z48E,0656
510530,  1344199,1,1,06/02/2012,C_UT,WMN,DI,400,597520,597131,1.3,8.7,2.00 ,CLAY,,MAIN ST,5,B59,0763
717855,  1337383,1616290,1,30/01/2012,C_UT,WMN,PVC,300,6557566,601157,1.2,8.1,2.00 ,SACL,,DERRY RD,4,Z49E,0600
877491,  1336964,1615688,1,29/01/2012,C_UT,WMN,DI,400,597779,6585940,,,0.00 ,,,STEELES AVE,5,B59,0690
703826,  1337117,1615625,1,28/01/2012,C_UT,WMN,DI,400,6542985,6325461,1.3,8.5,0.50 ,CLAY,,CLARENCE ST,5,B61,0766
700301,  1321254,1611445,1,18/01/2012,C_UT,WMN,CI,150,6539685,600145,1.1,8.7,2.00 ,CLAY,,HADRINA ST,5,B41,0865
507445,  1310517,1604507,1,04/01/2012,C_UT,WMN,CI,150,600028,599646,1.1,8.5,2.00 ,CR,,KIMBARK DR,5,B41,0838
877491,  1269553,1590958,1,09/12/2011,C_UT,WMN,DI,400,597779,6585940,1.3,8.5,2.00 ,CLAY,,STEELES AVE,5,B59,0690
773588,  1266823,1,1,02/12/2011,C_UT,WMN,DI,150,6566449,600980,1.3,8.7,1.80 ,CR,,ALMADALE CT,4,Z48W,0701
511200,  1260615,1581601,1,20/11/2011,C_UT,WMN,DI,400,599668,599664,1.3,8.5,2.50 ,CLAY,,ELMGROVE AVE,5,B42,0865
716687,  1257870,1,1,10/11/2011,C_UT,WMN,CI,150,597037,6556045,1.1,8.7,2.00 ,CLAY,,CLARKSON CT,5,B63,0821
721752,  1249117,1565846,1,19/10/2011,C_UT,WMN,CI,200,6560045,601063,1.3,8.5,2.00 ,CLAY,7349,CAMBRETT DR,4,Z48W,0677
780437,  1249230,1,1,19/10/2011,C_UT,WMN,PVC,300,6567000,597934,1.3,8.7,2.00 ,CLAY,,AUTOMATIC RD,5,B49,0959
668836,  1247116,1,1,13/10/2011,C_UT,WMN,DI,250,596803,6523046,3.1,8.5,2.00 ,TS,,EASTBOURNE DR,5,B64,0797
512133,  1243912,1558217,1,04/10/2011,C_UT,WMN,DI,300,596277,596278,1.3,8.5,2.00 ,CLAY,,MELANIE DR,4,B80,0722
515932,  1238738,1551240,1,20/09/2011,C_UT,WMN,DI,300,592722,592718,1.3,8.5,2.00 ,CLAY,3939,NASHUA DR,4,Z40E,0603
516416,  1238234,1550587,1,19/09/2011,C_UT,WMN,DI,150,601058,601057,1.3,8.5,2.00 ,CLAY,,REINDEER DR,4,Z48W,0654
746777,  1236928,1549114,1,15/09/2011,C_UT,WMN,DI,150,601037,6562804,,,0.00 ,,,CODLIN AVE,4,Z48W,0628
507986,  1236216,1547724,1,13/09/2011,C_UT,WMN,DI,200,599360,599359,2.1,8.7,2.00 ,SACL,,WEYBRIDGE TR,6,B44,0922
508903,  1234941,1545631,1,09/09/2011,C_UT,WMN,PVC,150,598104,598105,1.2,8.7,1.70 ,,,STOKES RD,5,B58,0736
650940,  1232220,1,1,01/09/2011,C_UT,WMN,PVC,200,6509484,6509485,1.2,8.4,1.70 ,SAND,,DEEPCORAL CT,6,B44,0978
703826,  1230077,1,1,29/08/2011,C_UT,WMN,DI,400,6542985,6325461,1.2,8.5,2.50 ,CLAY,,CLARENCE ST,5,B61,0766
512434,  1229625,1538333,1,26/08/2011,C_UT,WMN,CI,300,596935,596957,1.1,8.5,2.00 ,CLAY,,WEST DR,5,B62,0793
508789,  1225395,1535108,2,21/08/2011,C_UT,WMN,DI,200,597873,598599,1.3,8.5,6.00 ,CASP,,GREENMOUNT RD,5,B47,0874
511091,  1225323,1534434,1,19/08/2011,C_UT,WMN,DI,150,600039,599648,1.2,8.5,2.10 ,CLAY,,NORFOLK AVE,5,B41,0813
508409,  1224878,1530996,1,18/08/2011,C_UT,WMN,DI,200,598808,598809,1.3,8.5,2.00 ,CLAY,,MANORCREST ST,5,B46,0955
706891,  1223063,1531611,1,15/08/2011,C_UT,WMN,PVC,150,6545704,6429428,1.2,8.7,15.00 ,SACL,,ROWLAND ST,6,B22,0944
858343,  1222988,1,1,12/08/2011,C_UT,WMN,CI,200,601059,6582004,1.1,8.7,2.00 ,CLAY,,CAMBRETT DR,4,Z48W,0654
526580,  1220958,1527921,1,09/08/2011,C_UT,WMN,DI,150,598920,598922,1.3,8.5,2.50 ,SACL,,GREENE DR,6,B44,0895
507998,  1214483,1,1,24/07/2011,C_UT,WMN,DI,300,599376,599375,1.3,8.5,2.00 ,CLAY,332,HANSEN RD,6,B44,0922
511301,  1212173,1,1,17/07/2011,C_UT,WMN,CI,150,599506,607338,1.1,8.7,2.00 ,CLAY,,POST RD,5,B43,0867
515955,  1211214,1,1,14/07/2011,C_UT,WMN,CI,300,592738,592733,1.3,8.5,1.50 ,CR,,VISCOUNT RD,4,Z40W,0550
511207,  1210800,1,1,13/07/2011,C_UT,WMN,DI,150,599698,599690,1.3,8.5,2.00 ,CR,54,COWAN RD,5,B42,0920
712605,  1209986,1,1,11/07/2011,C_UT,WMN,CPP,400,6551004,592755,1.2,,2.00 ,CR,,AMERICAN DR,4,Z40W,0525
507984,  1208375,1,1,07/07/2011,C_UT,WMN,DI,250,599358,599344,1.3,8.7,3.00 ,,,RUTHERFORD RD,6,B44,0950
841813,  1206774,1,1,04/07/2011,C_UT,WMN,PVC,150,6508445,6576982,4.1,8.7,2.00 ,CLAY,,CREDITVIEW RD,5,B56,0759
799752,  1199848,1,1,17/06/2011,C_UT,WMN,PVC,300,6571176,597982,1.2,8.1,5.00 ,SAGR,,MISSISSAUGA RD,,B38,0783
509122,  1199554,1,1,16/06/2011,C_UT,WMN,DI,150,597475,597476,1.3,8.7,2.50 ,CLST,,TROTTERS LANE,5,B59,0738
511387,  1196401,1,1,09/06/2011,C_UT,WMN,DI,150,598923,598921,1.3,8.7,2.00 ,CLAY,,GREENE DR,6,B44,0895
508034,  1195687,1,1,07/06/2011,C_UT,WMN,DI,150,607341,598932,1.3,8.5,2.00 ,CLAY,,NEWSTEAD CR,5,B44,0843
509679,  1195078,1,1,07/06/2011,C_UT,WMN,DI,300,596964,596965,1.3,8.5,2.00 ,CLAY,,SILVER MAPLE CT,5,B62,0845
510409,  1192130,1,1,31/05/2011,C_UT,WMN,DI,400,597954,608633,4.1,8.7,3.00 ,,,MOUNT RANIER CR,5,,1012
652571,  1189108,1,1,22/05/2011,C_UT,WMN,PVC,250,597975,6510665,,,0.00 ,,,HERITAGE RD,5,B55,0706
526578,  1187903,1,1,18/05/2011,C_UT,WMN,DI,150,599377,599378,,,0.00 ,,,ABELL DR,6,B44,0895
526578,  1186897,1,1,16/05/2011,C_UT,WMN,DI,150,599377,599378,1.3,8.5,2.50 ,CLST,,ABELL DR,6,B44,0895
526578,  1186756,1,1,13/05/2011,C_UT,WMN,DI,150,599377,599378,1.3,8.5,5.00 ,CLST,,ABELL DR,6,B44,0895
510990,  1185784,1,1,12/05/2011,C_UT,WMN,COPP,50,601269,601271,2.1,8.7,1.70 ,SACL,,TORBRAM RD,6,B30,1150
507416,  1183948,1,1,06/05/2011,C_UT,WMN,PVC,150,600074,600115,1.2,8.7,2.00 ,CLAY,,MURDOCH DR,6,B41,0864
511285,  1180692,1,1,27/04/2011,C_UT,WMN,DI,150,599167,599168,1.1,8.7,2.00 ,CLAY,,CARTER DR,6,B43,0922
506676,  1175284,1,1,12/04/2011,C_UT,WMN,PVC,150,601612,601611,5.2,8.4,2.20 ,CLAY,,AURORA PL,6,,1030
511940,  1174365,1455597,1,12/04/2011,C_UT,WMN,AC,150,596731,596732,1.1,8.5,2.50 ,CLST,,EXETER PL,5,B64,0796
526279,  1157916,1,1,26/03/2011,C_UT,WMN,CPP,500,596879,596876,4.1,8.5,2.00 ,CLAY,,SELBY RD,5,B61,0766
511772,  1132753,1,2,28/02/2011,C_UT,WMN,PVC,150,597540,597541,1.3,8.5,1.50 ,CLST,,HAROLD ST,5,B59,0789
511867,  1132775,1,2,28/02/2011,C_UT,WMN,CI,150,597301,597302,1.1,8.5,1.00 ,CYSI,,STERNE AVE,5,B60,0790
716687,  1130736,1433092,1,23/02/2011,C_UT,WMN,CI,150,597037,6556045,1.3,8.5,8.00 ,CLST,,CLARKSON CT,5,B63,0821
703841,  1130067,1431723,1,20/02/2011,C_UT,WMN,DI,400,6541804,6543006,,,0.00 ,,,CLARENCE ST,5,B61,0766
703841,  1130143,1431723,1,20/02/2011,C_UT,WMN,DI,400,6541804,6543006,,,0.00 ,,,CLARENCE ST,5,B61,0766
508458,  1130372,1431536,1,19/02/2011,C_UT,WMN,DI,200,598439,598807,,,0.00 ,,,MANORCREST ST,5,B46,0955
511927,  1130379,1431540,1,19/02/2011,C_UT,WMN,DI,300,597047,596628,1.3,8.5,5.00 ,CLST,,KENSINGTON RD,5,B63,0846
511927,  1130410,1431536,1,19/02/2011,C_UT,WMN,DI,300,597047,596628,1.3,8.5,7.00 ,CLST,,KENSINGTON RD,5,B63,0846
703841,  1130371,1,1,19/02/2011,C_UT,WMN,DI,400,6541804,6543006,,,0.00 ,,,CLARENCE ST,5,B61,0766
510315,  1127178,1,1,14/02/2011,C_UT,WMN,CI,300,596270,596268,1.1,8.5,2.00 ,CR,,ADVANCE BLVD,4,B79,0720
858668,  1125828,1427584,2,09/02/2011,C_UT,WMN,CPP,400,601121,6582101,1.3,8.5,2.00 ,CLST,,RENA RD,4,Z49E,0675
836211,  1123914,1423918,1,05/02/2011,C_UT,WMN,DI,300,6575655,596273,1.3,8.7,2.00 ,CR,,ADVANCE BLVD,4,B79,0720
774288,  1122478,1424714,1,03/02/2011,C_UT,WMN,DI,150,6566561,6566554,1.3,8.5,2.00 ,CLST,,JEROME CR,5,B47,0955
700301,  1116546,1,1,01/02/2011,C_UT,WMN,CI,150,6539685,600145,1.1,8.5,1.50 ,CLST,,HADRINA ST,5,B41,0865
508335,  1111757,1,1,21/01/2011,C_UT,WMN,COPP,50,598882,598375,2.1,8.6,2.00 ,CLST,,HEDGESON CT,5,B46,0872
883567,  1111658,1419284,1,21/01/2011,C_UT,WMN,CI,150,601074,6587286,1.1,8.7,1.80 ,CLST,,HERMITAGE RD,4,Z48W,0654
658476,  1110575,1,1,19/01/2011,C_UT,WMN,DI,200,597359,6516267,1.1,8.5,2.50 ,CYSI,,HANSEN RD,5,B61,0843
508413,  1101503,1416240,2,14/01/2011,C_UT,WMN,DI,150,598564,598820,1.3,8.5,2.50 ,CYSI,,MANSION ST,6,B46,0926
511385,  1101564,1416258,1,14/01/2011,C_UT,WMN,DI,150,598888,599337,1.3,8.5,2.40 ,CYSI,,ARCHDEKIN DR,6,B44,0896
719515,  1099948,1414707,1,11/01/2011,C_UT,WMN,CI,150,600145,6558830,1.1,8.5,2.00 ,CLST,,HADRINA ST,5,B41,0839
717278,  1099283,1414137,1,10/01/2011,C_UT,WMN,DI,250,6556785,6556805,1.3,8.5,2.50 ,CLST,,AIRPORT RD,4,Z49E,0700
512434,  1097910,1,1,06/01/2011,C_UT,WMN,CI,300,596935,596957,2.1,8.5,2.20 ,CLST,,WEST DR,5,B62,0793
508638,  1096603,1,1,04/01/2011,C_UT,WMN,DI,300,598583,598566,1.3,8.5,2.00 ,CR,,CENTRAL PARK DR,5,B47,0901
526578,  1096078,1410648,1,03/01/2011,C_UT,WMN,DI,150,599377,599378,1.3,8.5,2.50 ,CLAY,,ABELL DR,6,B44,0895
511787,  1096030,1410698,1,02/01/2011,C_UT,WMN,DI,150,597793,597866,1.3,8.5,2.50 ,CLAY,,ELGIN DR,5,B59,0738
877491,  1096025,1410612,2,01/01/2011,C_UT,WMN,DI,400,597779,6585940,1.3,8.5,2.50 ,CYSI,,STEELES AVE,5,B59,0690
654812,  1066545,1,1,20/12/2010,C_UT,WMN,PVC,150,599653,6512644,1.1,8.7,1.80 ,CR,,FAIRFIELD AVE,5,B41,0839
509576,  1066411,1,2,19/12/2010,C_UT,WMN,DI,300,6325461,596874,1.3,8.5,2.00 ,CR,,SELBY RD,5,B61,0766
718427,  1066431,1,1,19/12/2010,C_UT,WMN,DI,150,600965,6558166,1.1,8.5,2.00 ,CR,,TASMAN CT,4,Z48W,0701
790895,  1065586,1,1,16/12/2010,C_UT,WMN,CI,300,6561325,6569183,1.1,8.5,2.50 ,CR,,BARTLEY BULL PKWY,5,B60,0740
516670,  1064517,1,1,14/12/2010,C_UT,WMN,CPP,400,601119,596282,,,2.00 ,CR,,TORBRAM RD,4,Z49W,0698
717164,  1062686,1,1,08/12/2010,C_UT,WMN,CI,150,6556692,6556691,1.1,8.7,2.00 ,CR,,MADIERA RD,4,Z48E,0656
510443,  1058147,1,1,03/12/2010,C_UT,WMN,PVC,300,599550,599427,1.3,8.7,2.00 ,CASP,,MAIN ST,5,B43,0866
507283,  1057144,1,1,01/12/2010,C_UT,WMN,PE,200,599984,599972,1.3,8.1,2.00 ,CASP,,RIVER RD,,B38,0808
509799,  1051122,1,1,17/11/2010,C_UT,WMN,DI,300,597078,597056,1.3,8.5,2.00 ,CASP,,STEELES AVE,5,B63,0720
516488,  1050930,1390635,3,16/11/2010,C_UT,WMN,DI,250,601124,601162,1.3,8.5,2.00 ,CYSI,,BATH RD,4,Z49E,0676
717622,  1049550,1,1,11/11/2010,C_UT,WMN,CI,150,6557304,601105,1.1,8.7,2.00 ,CR,,PICKFAIR DR,4,Z48W,0677
722365,  1049586,1,1,11/11/2010,C_UT,WMN,DI,200,597357,6560405,1.1,8.5,2.50 ,SACL,,HANSEN RD,5,B61,0818
509678,  1043447,1,2,25/10/2010,C_UT,WMN,DI,200,596962,596937,1.3,8.5,2.00 ,CYSI,,TILBURY CT,5,B62,0793
509678,  1043204,1,1,24/10/2010,C_UT,WMN,DI,200,596962,596937,1.3,8.5,2.00 ,CYSI,,TILBURY CT,5,B62,0793
511306,  1043210,1379723,1,24/10/2010,C_UT,WMN,DI,150,599303,599538,1.3,8.5,3.00 ,CASP,,NEWBY CT,5,B43,0867
508462,  1041389,1,1,19/10/2010,C_UT,WMN,PHOEN,400,596640,598448,1.3,8.7,2.00 ,CYSI,,QUEEN ST,5,B46,0847
508421,  1040475,1376376,1,17/10/2010,C_UT,WMN,DI,200,598833,598842,1.3,8.5,2.00 ,CASP,,MASSEY ST,6,B46,0981
511352,  1040386,1376225,1,16/10/2010,C_UT,WMN,DI,150,599177,599314,1.3,8.7,2.00 ,CASP,,CAMBERLEY CR,6,B43,0922
509576,  1039419,1374324,1,13/10/2010,C_UT,WMN,DI,300,6325461,596874,1.3,8.7,8.00 ,CASP,,SELBY RD,5,B61,0766
526274,  1035013,1368568,2,30/09/2010,C_UT,WMN,DI,400,597781,597520,1.3,8.5,1.50 ,SISA,,MAIN ST,5,B59,0763
847756,  1025428,1359338,1,12/09/2010,C_UT,WMN,PVC,300,6579002,592425,1.2,8.7,2.00 ,CASP,,HEART LAKE RD,6,B26,1033
511379,  1023496,1355905,1,07/09/2010,C_UT,WMN,DI,150,599353,599351,1.1,8.5,2.00 ,CYSI,,ASHURST CR,6,B44,0951
547372,  1023457,1,1,07/09/2010,C_UT,WMN,CI,200,597014,597017,1.1,8.5,2.00 ,CLST,,ADDINGTON CR,5,B63,0795
516378,  1023185,1355744,1,06/09/2010,C_UT,WMN,DI,150,601008,601001,1.3,8.5,1.50 ,CASP,,HAROLD SHEARD DR,4,Z48W,0653
547372,  1023174,1,1,06/09/2010,C_UT,WMN,CI,200,597014,597017,1.1,8.5,2.50 ,CASP,,ADDINGTON CR,5,B63,0795
511371,  1022687,1,1,02/09/2010,C_UT,WMN,DI,150,598953,598954,1.3,8.5,1.50 ,CYSI,,GABLE DR,5,B44,0869
508638,  1020497,1351807,1,29/08/2010,C_UT,WMN,DI,300,598583,598566,1.3,8.5,2.50 ,CASP,,CENTRAL PARK DR,5,B47,0901
511371,  1017194,1346673,1,19/08/2010,C_UT,WMN,DI,150,598953,598954,4.1,8.7,2.00 ,CYSI,,GABLE DR,5,B44,0869
516413,  1015512,1344749,1,16/08/2010,C_UT,WMN,DI,250,601056,601007,1.3,8.7,2.00 ,CYSI,,LANCASTER AVE,4,Z48W,0654
516378,  1014730,1344619,1,15/08/2010,C_UT,WMN,DI,150,601008,601001,1.3,8.5,2.00 ,CASP,,HAROLD SHEARD DR,4,Z48W,0653
508847,  1014612,1,1,14/08/2010,C_UT,WMN,PVC,300,597936,597933,,8.1,2.00 ,CASP,,WILLIAMS PKWY,5,B49,0931
509576,  1011777,1338935,1,04/08/2010,C_UT,WMN,DI,300,6325461,596874,1.3,8.5,2.50 ,CASP,,SELBY RD,5,B61,0766
526271,  1010009,1,1,29/07/2010,C_UT,WMN,DI,150,597401,597404,1.3,8.7,2.00 ,CYSI,,FREDERICK ST,5,B59,0789
512131,  1006776,1,2,23/07/2010,C_UT,WMN,DI,300,596276,596269,1.3,8.5,2.00 ,CLAY,,RAINHAM CT,4,B79,0695
526280,  1006779,1,1,23/07/2010,C_UT,WMN,DI,150,597053,597054,1.1,8.7,0.00 ,CYSI,,DIXIE RD,5,,0719
791850,  1006785,1,1,23/07/2010,C_UT,WMN,CI,300,597115,6569407,1.1,8.7,2.00 ,CLAY,,BARTLEY BULL PKWY,5,B60,0715
510448,   998426,1318777,2,01/07/2010,C_UT,WMN,PHOEN,600,607354,599752,2.1,8.5,2.13 ,SACL,,QUEEN ST,5,B42,0815
508988,   984162,1,1,26/05/2010,C_UT,WMN,PVC,300,598055,598101,1.2,8.2,2.00 ,CLST,,CHAROLAIS BLVD,5,B58,0712
509048,   964967,1274374,1,21/04/2010,C_UT,WMN,CPP,400,597626,597675,1.3,8.5,2.00 ,CLST,,BEACONSFIELD AVE,5,B58,0687
862970,   957972,1270691,1,12/04/2010,C_UT,WMN,DI,300,596940,6583458,1.3,8.5,2.00 ,CLST,,ORENDA RD,5,B62,0767
507440,   947960,1254923,1,15/03/2010,C_UT,WMN,CI,150,600148,600038,1.1,8.5,2.00 ,CLST,,SANFORD CR,5,B41,0838
507442,   942665,1249222,1,28/02/2010,C_UT,WMN,CI,150,600149,599995,1.1,8.5,2.00 ,CLST,,SANFORD CR,5,B41,0839
775750,   942872,1249149,1,28/02/2010,C_UT,WMN,DI,300,599604,6566699,1.3,8.5,2.00 ,CR,,CENTRE ST,5,B43,0867
747738,   935243,1247202,1,22/02/2010,C_UT,WMN,AC,150,596681,6563229,1.1,8.7,2.00 ,CLST,,FLAVIAN CR,5,B64,0823
703826,   930655,1243523,2,13/02/2010,C_UT,WMN,DI,400,6542985,6325461,1.3,8.5,2.00 ,CR,,CLARENCE ST,5,B61,0766
524063,   926464,1041486,1,09/02/2010,C_UT,WMN,CPP,400,607455,601167,2.1,8.5,2.20 ,CLST,,DREW RD,4,Z49W,0625
507738,   926105,1230649,1,08/02/2010,C_UT,WMN,CI,150,599500,599499,1.1,8.5,1.50 ,CR,,GARFIELD CR,5,B43,0895
703826,   925497,1243523,1,06/02/2010,C_UT,WMN,DI,400,6542985,6325461,1.1,8.5,2.00 ,CR,,CLARENCE ST,5,B61,0766
506401,   924749,1240217,1,03/02/2010,C_UT,WMN,CPP,400,608816,608662,1.3,8.5,2.50 ,CLST,,HURONTARIO ST,6,B06,1142
716389,   923373,1238739,1,01/02/2010,C_UT,WMN,CI,150,6555670,6555664,1.1,8.5,2.00 ,CLST,,CHINOOK DR,4,Z48W,0676
525998,   920862,1,1,28/01/2010,C_UT,WMN,DI,150,601000,601008,1.3,8.5,1.50 ,CR,,HAROLD SHEARD DR,4,Z48W,0653
511818,   916041,1233262,1,18/01/2010,C_UT,WMN,CI,150,597128,597129,1.1,8.5,2.50 ,CR,,PALGRAVE CR,5,B60,0715
508415,   910040,1229131,1,08/01/2010,C_UT,WMN,DI,200,598815,598822,1.1,8.5,2.00 ,CR,,MAITLAND ST,5,B46,0926
511827,   906841,1227843,1,06/01/2010,C_UT,WMN,CI,150,597232,597233,1.1,8.7,1.50 ,SACL,,CORE CR,5,B60,0739
509268,   902506,1222371,1,29/12/2009,C_UT,WMN,DIHYPC,400,597782,597488,1.3,8.5,2.00 ,CLST,,MAIN ST,5,B59,0763
773588,   902431,1222512,2,29/12/2009,C_UT,WMN,DI,150,6566449,600980,1.3,8.5,2.00 ,CLST,,ALMADALE CT,4,Z48W,0701
516670,   902121,1220879,1,25/12/2009,C_UT,WMN,CPP,400,601119,596282,2.1,8.5,2.00 ,CLST,,TORBRAM RD,4,Z49W,0698
511867,   861684,1216312,1,15/12/2009,C_UT,WMN,CI,150,597301,597302,1.1,8.5,2.00 ,CR,,STERNE AVE,5,B60,0790
658476,   852232,1206535,1,02/12/2009,C_UT,WMN,DI,200,597359,6516267,1.1,8.1,2.00 ,CLST,,HANSEN RD,5,B61,0843
510491,   848804,1,1,24/11/2009,C_UT,WMN,PHOEN,450,598448,598579,4.1,8.7,1.50 ,CLST,,GOODWOOD RD,5,B46,0873
508443,   848186,1203187,1,23/11/2009,C_UT,WMN,DI,300,598379,598378,1.3,8.5,1.83 ,CR,,CENTRAL PARK DR,5,B46,0899
511396,   846375,1202563,1,18/11/2009,C_UT,WMN,ST,600,598996,608398,1.3,8.7,2.00 ,CLST,,VODDEN ST,,B44,0896
511207,   845103,1203268,1,16/11/2009,C_UT,WMN,DI,150,599698,599690,1.3,8.7,2.00 ,CR,,COWAN RD,5,B42,0920
511207,   845097,1203268,1,16/11/2009,C_UT,WMN,DI,150,599698,599690,1.3,8.7,2.00 ,CR,,COWAN RD,5,B42,0920
512209,   844454,1202563,1,13/11/2009,C_UT,WMN,DI,300,608403,608399,1.3,8.7,2.00 ,CLST,,VODDEN ST,6,B44,0868
508510,   842303,1199357,1,08/11/2009,C_UT,WMN,DI,300,598517,598376,1.2,8.5,2.20 ,CLST,,CENTRAL PARK DR,5,B46,0872
746777,   842273,1,1,06/11/2009,C_UT,WMN,DI,150,601037,6562804,1.3,8.5,2.00 ,CLST,,CODLIN AVE,4,Z48W,0628
813511,   842376,1,1,06/11/2009,C_UT,WMN,CPP,400,6574465,592730,1.3,8.5,2.00 ,CR,,NORTHWEST DR,4,Z40W,0576
510432,   840841,1,1,05/11/2009,C_UT,WMN,DI,300,599458,599844,1.3,8.5,2.00 ,CR,,QUEEN ST,5,B42,0815
508513,   840798,1198013,1,05/11/2009,C_UT,WMN,DI,150,598402,598522,1.3,8.5,1.90 ,CLST,,HILLDALE CR,5,B46,0899
525998,   831124,1189359,1,20/10/2009,C_UT,WMN,DI,150,601000,601008,1.3,8.7,1.83 ,CLST,,HAROLD SHEARD DR,4,Z48W,0653
511836,   831216,1,2,19/10/2009,C_UT,WMN,DI,200,597284,597285,1.3,8.5,2.30 ,CR,,ELDOMAR AVE,5,,0763
511610,   829522,1186923,1,15/10/2009,C_UT,WMN,DI,150,598595,598594,1.3,8.7,2.10 ,CLST,,GROVELAND CR,5,B47,0874
668836,   829537,1186928,1,15/10/2009,C_UT,WMN,DI,250,596803,6523046,1.3,8.5,1.50 ,CLST,,EASTBOURNE DR,5,B64,0797
511360,   828201,1184453,1,09/10/2009,C_UT,WMN,DI,300,599385,599386,1.3,8.5,2.40 ,CLST,,BRUCE BEER DR,6,B44,0923
507361,   826481,1182136,1,05/10/2009,C_UT,WMN,CI,150,600042,600038,1.1,8.5,2.13 ,CLST,,GRETNA DR,5,B41,0838
883554,   825793,1180673,1,02/10/2009,C_UT,WMN,CI,200,6519944,6587284,1.1,8.5,2.00 ,CLST,,CAMBRETT DR,4,Z48W,0654
511836,   811010,1090788,1,01/09/2009,C_UT,WMN,DI,200,597284,597285,1.3,8.5,2.50 ,,,ELDOMAR AVE,5,,0763
526626,   807371,1157207,1,23/08/2009,C_UT,WMN,DI,200,598313,598284,1.3,8.5,1.50 ,CR,,PROFESSOR'S LAKE PKWY,6,B47,0983
509298,   807356,1156950,1,21/08/2009,C_UT,WMN,DI,150,597530,597369,1.3,8.5,1.50 ,CR,,HAROLD ST,5,B59,0762
508527,   804643,1151911,1,14/08/2009,C_UT,WMN,DI,150,598545,598379,1.3,8.5,1.83 ,CLST,,HILLDALE CR,5,B46,0900
511612,   802377,1149459,1,10/08/2009,C_UT,WMN,DI,200,598566,598609,1.3,8.5,2.00 ,CLST,,GLENVALE BLVD,5,B47,0901
638757,   801941,1135692,2,08/08/2009,C_UT,WMN,PVC,200,6475193,6475318,1.3,8.5,2.50 ,SHCL,,NANWOOD DR,5,B60,0764
712522,   801774,1147144,1,06/08/2009,C_UT,WMN,CPP,500,6550865,6550925,1.2,8.7,6.00 ,CLST,,COUNTRYSIDE DR,5,B13,1153
516524,   797921,1084989,1,30/07/2009,C_UT,WMN,CI,300,601125,601163,3.1,8.5,2.00 ,SACL,,SLOUGH ST,4,Z49E,0675
885016,   793367,1,1,21/07/2009,C_UT,WMN,CI,300,6587667,592737,2.1,8.5,0.00 ,CLST,,AIRWAY DR,4,Z40W,0551
508247,   789966,1133335,1,13/07/2009,C_UT,WMN,CPP,600,596972,598659,2.1,8.1,1.20 ,,,QUEEN ST,5,B45,0845
718238,   783884,1,1,24/06/2009,C_UT,WMN,CPP,400,6557965,6557964,2.1,8.5,3.00 ,CLAY,,CHINGUACOUSY RD,6,B40,0890
507606,   782928,1114884,1,22/06/2009,C_UT,WMN,DI,150,599896,599897,1.1,8.5,1.50 ,CR,,NANCY MCCREDIE DR,5,B42,0866
791850,   780010,1116557,1,17/06/2009,C_UT,WMN,CI,300,597115,6569407,1.2,8.7,1.50 ,CR,,BARTLEY BULL PKWY,5,B60,0715
526468,   778504,1114649,1,13/06/2009,C_UT,WMN,CPP,400,608633,597953,4.1,8.5,4.00 ,,,BOVAIRD DR,5,B30,1012
516316,   778388,1,2,12/06/2009,C_UT,WMN,DI,150,601037,601038,1.3,8.7,2.00 ,,3189,NEWBOUND CT,4,Z48W,0628
703826,   771715,1104754,2,27/05/2009,C_UT,WMN,DI,400,6542985,6325461,1.3,8.7,2.13 ,,,CLARENCE ST,5,B61,0766
762937,   768858,1100882,1,21/05/2009,C_UT,WMN,DI,150,6565760,598760,,,0.00 ,,,LILLINGTON ST,5,B45,0870
775493,   764095,1094027,1,12/05/2009,C_UT,WMN,DI,300,6566664,598970,1.3,8.1,2.00 ,CLAY,,VODDEN ST,6,B44,0896
938513,   759281,1085533,1,30/04/2009,C_UT,WMN,CPP,600,595854,6590898,1.2,8.1,1.52 ,CLAY,,WEST DR,5,B62,0819
511836,   752033,1081128,1,23/04/2009,C_UT,WMN,DI,200,597284,597285,1.3,8.7,3.96 ,CASP,,ELDOMAR AVE,5,,0763
508641,   746808,1078012,1,18/04/2009,C_UT,WMN,DI,200,598584,598593,1.3,8.5,2.00 ,CLST,,GREENMOUNT RD,5,B47,0874
718382,   746787,1,1,17/04/2009,C_UT,WMN,PVC,150,6558124,6558125,,,0.00 ,,,REDSTONE RD,4,Z48W,0700
711819,   733714,1051200,1,13/03/2009,C_UT,WMN,DI,300,599195,6550024,1.3,8.5,1.83 ,CLAY,,CENTRE ST,5,B43,0841
877491,   727212,1056957,1,12/03/2009,C_UT,WMN,DI,400,597779,6585940,1.3,8.7,3.35 ,,,STEELES AVE,5,B59,0690
511960,   724405,1,1,10/03/2009,C_UT,WMN,AC,150,596723,596729,1.1,8.5,2.44 ,CLST,,EDENBOROUGH DR,5,B64,0822
507841,   723856,1053803,1,06/03/2009,C_UT,WMN,DI,300,599195,599604,2.1,8.7,3.00 ,,,CENTRE ST,5,B43,0841
516415,   723702,1054158,1,06/03/2009,C_UT,WMN,DI,150,601056,601058,1.3,8.5,1.50 ,CR,,REINDEER DR,4,Z48W,0654
508694,   723067,1053762,1,04/03/2009,C_UT,WMN,DI,150,598189,598187,1.3,8.7,1.83 ,CLAY,37,JILL CR,5,B47,0956
865700,   721976,1050741,1,27/02/2009,C_UT,WMN,DI,150,6584002,6584100,1.3,8.2,1.83 ,CLAY,7421,FINERY CR,4,Z48E,0679
516319,   720968,949400,1,25/02/2009,C_UT,WMN,DI,150,601057,601058,1.3,8.1,2.00 ,CLST,7258,REDFOX RD,4,Z48W,0654
837041,   720802,1049326,1,24/02/2009,C_UT,WMN,DI,300,592722,6575921,1.3,8.5,1.83 ,CLST,6675,REXWOOD RD,4,Z40E,0603
792017,   720289,1047896,1,23/02/2009,C_UT,WMN,CI,150,6569476,6569475,1.1,8.7,2.13 ,CLST,31,WATSON CR,5,B60,0740
509048,   718516,1032684,1,18/02/2009,C_UT,WMN,CPP,400,597626,597675,1.2,8.7,1.83 ,SACL,,BEACONSFIELD AVE,5,B58,0687
511371,   718546,1046531,1,18/02/2009,C_UT,WMN,DI,150,598953,598954,1.1,8.5,2.13 ,CLST,10,GABLE DR,5,B44,0869
508415,   715886,1042337,1,11/02/2009,C_UT,WMN,DI,200,598815,598822,1.1,8.2,2.13 ,CLAY,,MAITLAND ST,5,B46,0926
516472,   714699,1041486,1,09/02/2009,C_UT,WMN,DI,300,601116,601117,1.3,8.7,2.13 ,,2535,DREW RD,4,,0652
509048,   713529,1032684,1,04/02/2009,C_UT,WMN,CPP,400,597626,597675,1.2,8.7,1.83 ,CLAY,110,BEACONSFIELD AVE,5,B58,0687
511387,   711559,1008978,1,28/01/2009,C_UT,WMN,DI,150,598923,598921,2.1,8.5,1.63 ,CLST,,GREENE DR,6,B44,0895
516475,   710433,1035552,3,24/01/2009,C_UT,WMN,CPP,400,601123,601124,1.3,8.5,2.00 ,SSS,,BATH RD,4,Z49E,0700
691408,   710212,1035027,1,23/01/2009,C_UT,WMN,DI,200,6532430,597357,1.1,,5.00 ,CR,,ORENDA RD,5,B61,0817
716687,   710303,1035376,1,23/01/2009,C_UT,WMN,CI,150,597037,6556045,1.1,8.7,2.00 ,CLST,11,CLARKSON CT,5,B63,0821
792017,   707736,1032676,1,18/01/2009,C_UT,WMN,CI,150,6569476,6569475,1.3,8.5,2.13 ,CLST,55,WATSON CR,5,B60,0740
507925,   699852,1,1,27/12/2008,C_UT,WMN,DI,150,599352,599353,1.3,8.5,1.80 ,CLST,38,RUSTHALL WAY,6,B44,0951
511827,   664008,1,1,10/12/2008,C_UT,WMN,CI,150,597232,597233,1.1,8.7,2.13 ,CLAY,,CORE CR,5,B60,0739
509299,   663214,1,1,08/12/2008,C_UT,WMN,DI,150,597808,597531,1.3,8.5,1.83 ,CLST,102,HAROLD ST,5,B59,0762
511387,   657310,1008978,1,01/12/2008,C_UT,WMN,DI,150,598923,598921,1.3,8.7,2.00 ,CASP,,GREENE DR,6,B44,0895
508003,   657311,1,1,01/12/2008,C_UT,WMN,DI,300,599387,599330,1.2,8.7,1.50 ,CLST,352,HANSEN RD,6,B44,0922
510822,   655029,1,1,23/11/2008,C_UT,WMN,DI,150,601830,601831,1.3,8.7,2.13 ,CASP,,BLUERIDGE SQ,6,B25,1086
512196,   652726,1,1,13/11/2008,C_UT,WMN,PVC,150,599829,599828,1.1,8.7,2.50 ,CLAY,77,MAIN ST,5,,0840
774057,   651731,1,1,09/11/2008,C_UT,WMN,CPP,400,6566522,597688,1.3,8.7,2.13 ,SHAL,,CHINGUACOUSY RD,5,B58,0735
882228,   650535,1,1,04/11/2008,C_UT,WMN,CI,200,600925,6586998,1.1,8.7,2.13 ,CASP,,MORNING STAR DR,4,Z48E,0656
698224,   641692,1,1,27/10/2008,C_UT,WMN,CI,200,600945,6538164,1.1,8.7,2.00 ,CLST,,MORNING STAR DR,4,Z48E,0656
834980,   641569,1,1,26/10/2008,C_UT,WMN,CI,200,6575030,6575198,1.1,8.5,1.75 ,CLST,,CAROGA DR,4,Z33,0476
938141,   641567,1,1,26/10/2008,C_UT,WMN,DI,300,6565817,6590850,1.2,8.7,2.00 ,CLST,,CLARK BLVD,5,B65,0824
507839,   639616,1,1,16/10/2008,C_UT,WMN,PVC,200,599865,599194,1.1,8.7,1.83 ,CLST,,VODDEN ST,5,B43,0866
882207,   638367,1,1,11/10/2008,C_UT,WMN,CI,150,597123,6586996,1.1,,1.70 ,,,INGLEWOOD DR,5,B60,0715
508025,   637076,1,1,04/10/2008,C_UT,WMN,DI,300,598921,598893,1.3,8.5,2.00 ,,,HANSEN RD,6,B44,0895
508741,   637082,1,1,04/10/2008,C_UT,WMN,DI,200,598287,598281,1.3,8.5,6.00 ,,,PHILOSOPHERS TR,6,B47,0983
511383,   636300,1,1,01/10/2008,C_UT,WMN,DI,150,599378,599376,1.3,8.5,1.80 ,CLAY,,ABELL DR,6,B44,0922
515955,   631518,1,1,09/09/2008,C_UT,WMN,CI,300,592738,592733,1.3,8.5,1.52 ,CLAY,,VISCOUNT RD,4,Z40W,0550
774288,   630493,1,3,04/09/2008,C_UT,WMN,DI,150,6566561,6566554,1.3,8.7,1.98 ,CR,,JEROME CR,5,B47,0955
764432,   625632,1,1,29/08/2008,C_UT,WMN,DI,300,596602,6565950,1.3,8.5,2.44 ,CLST,,CENTRAL PARK DR,5,B63,0846
748291,   601442,1,1,19/08/2008,C_UT,WMN,DI,150,6563466,598838,1.3,,1.83 ,CLAY,,MARCHBANK CR,6,B46,0981
512206,   600243,1,1,13/08/2008,C_UT,WMN,DI,150,599310,599169,1.3,8.7,1.52 ,CLST,,RADFORD DR,6,B43,0922
516319,   599263,949400,2,09/08/2008,C_UT,WMN,DI,150,601057,601058,1.1,,1.83 ,CR,,REDFOX RD,4,Z48W,0654
713707,   597495,1,1,02/08/2008,C_UT,WMN,DI,300,6552194,599548,1.1,,2.13 ,CLAY,,MAIN ST,5,B43,0840
507921,   590913,1,1,18/07/2008,C_UT,WMN,DI,150,599322,599245,1.3,8.5,2.00 ,,,ASHFORD CT,6,B43,0921
516475,   584796,1,1,10/07/2008,C_UT,WMN,CPP,400,601123,601124,1.3,8.7,2.13 ,CLAY,,BATH RD,4,Z49E,0700
511826,   578873,1,1,24/06/2008,C_UT,WMN,PVC,150,597211,597212,5.2,8.7,1.52 ,CLAY,,JAMES ST,5,B60,0816
547372,   573159,1,1,08/06/2008,C_UT,WMN,CI,200,597014,597017,1.1,,2.00 ,CR,,ADDINGTON CR,5,B63,0795
720615,   573002,1,1,06/06/2008,C_UT,WMN,DIHYPC,400,6559444,6543425,1.2,8.1,2.50 ,CLAY,,THE GORE RD,4,B52,0990
645512,   567534,1,1,19/05/2008,C_UT,WMN,PVC,200,6501505,6501620,4.1,8.1,2.13 ,CLST,,JANETVILLE ST,5,B50,1014
764238,   558536,1,1,19/04/2008,C_UT,WMN,DI,150,6565939,601468,1.3,,2.44 ,CLST,,DALLA RIVA CT,5,B14,1183
800416,   558152,1,1,17/04/2008,C_UT,WMN,DI,300,595876,6571348,4.1,8.4,2.00 ,CLST,,MCVEAN DR,5,B33,1155
788165,   557759,1,1,16/04/2008,C_UT,WMN,PVC,200,6568470,6568471,1.1,8.7,3.00 ,,,RED STAG RD,5,B30,1011
526271,   557560,1,1,15/04/2008,C_UT,WMN,DI,150,597401,597404,1.1,8.7,2.50 ,,,FREDERICK ST,5,B59,0789
510315,   551853,1,2,21/03/2008,C_UT,WMN,CI,300,596270,596268,2.1,8.5,2.13 ,,,ADVANCE BLVD,4,B79,0720
916842,   551868,1,1,21/03/2008,C_UT,WMN,CI,300,596793,6588596,2.1,8.5,2.13 ,,,EAST DR,5,B64,0745
515771,   551486,855015,1,19/03/2008,C_UT,WMN,DI,300,592540,593044,1.3,8.5,2.13 ,,,CRESTLAWN DR,3,Z27,0331
650467,   546811,1,1,01/03/2008,C_UT,WMN,PVC,150,6509105,6509144,1.2,8.7,2.00 ,CLAY,,MONABELLE CR,5,B13,1182
712561,   544450,1,1,21/02/2008,C_UT,WMN,CPP,500,592750,6550987,1.2,8.7,9.50 ,CLAY,,AIRPORT RD,4,Z41E,0601
507303,   541081,1,1,11/02/2008,C_UT,WMN,DI,150,600029,600030,1.1,,1.83 ,,,CAMBRIDGE CR,5,B41,0838
509864,   538967,1,1,04/02/2008,C_UT,WMN,AC,150,596721,596722,1.1,8.7,7.00 ,CASP,,EARLSDALE CR,5,B64,0822
509799,   537379,1,1,29/01/2008,C_UT,WMN,DI,300,597078,597056,1.3,8.5,2.50 ,CROS,,STEELES AVE,5,B63,0720
508841,   537264,1,1,28/01/2008,C_UT,WMN,PVC,300,597940,597941,2.1,8.7,2.50 ,CLAY,,WARD RD,5,B49,0931
710915,   535030,827528,1,19/01/2008,C_UT,WMN,CI,150,599261,6548964,1.1,8.5,50.00 ,,17,MAIN ST,5,B59,0815
507356,   532390,1,1,09/01/2008,C_UT,WMN,CI,150,600033,600023,1.1,8.5,2.50 ,CROS,,KIMBARK DR,5,B41,0813
507442,   530321,1,1,01/01/2008,C_UT,WMN,CI,150,600149,599995,1.1,8.5,2.00 ,CROS,,SANFORD CR,5,B41,0839
717007,   530127,1,1,31/12/2007,C_UT,WMN,CI,150,6556406,597020,1.1,8.5,2.44 ,CROS,38,AINTREE CR,5,B63,0795
525861,   528288,1,1,19/12/2007,C_UT,WMN,CI,300,607031,6519986,1.1,8.5,2.50 ,GRAC,,MORNING STAR DR,4,Z48E,0678
716718,   525428,1,1,08/12/2007,C_UT,WMN,CI,300,6556066,597106,1.2,8.7,10.00 ,CASP,201,CLARK BLVD,5,B63,0821
507352,   519631,1,1,15/11/2007,C_UT,WMN,CI,150,600019,600030,1.1,8.5,0.00 ,CLST,,GRETNA DR,5,B41,0813
516665,   514484,781429,1,20/10/2007,C_UT,WMN,CPP,400,592719,601114,1.1,,2.00 ,CLST,,GOREWAY DR,4,,0629
837041,   512677,1,1,12/10/2007,C_UT,WMN,DI,300,592722,6575921,1.3,8.5,1.70 ,CLAY,6775,REXWOOD RD,4,Z40E,0603
516356,   512380,1,1,11/10/2007,C_UT,WMN,CPP,400,600986,600983,1.3,8.5,2.00 ,CR,,BRANDON GATE DR,4,Z48W,0701
510459,   510871,1,1,02/10/2007,C_UT,WMN,DI,150,599605,599598,3.1,8.7,7.00 ,CLAY,,SALISBURY CIR,5,B43,0867
507507,   509446,1,1,25/09/2007,C_UT,WMN,PVC,150,599224,599442,3.2,,1.82 ,CLST,510,MAIN ST,5,B42,0920
526274,   509030,764410,3,23/09/2007,C_UT,WMN,DI,400,597781,597520,1.3,8.5,3.00 ,,,MAIN ST,5,B59,0763
721717,   508758,1,1,20/09/2007,C_UT,WMN,DI,250,601000,6560012,1.3,8.7,2.50 ,CLAY,7297,LANCASTER AVE,4,Z48W,0653
516426,   508640,1,2,20/09/2007,C_UT,WMN,CI,200,601069,601061,1.3,8.5,2.50 ,CLST,7298,CAMBRETT DR,4,Z48W,0654
510363,   507507,1,1,13/09/2007,C_UT,WMN,CPP,400,599635,601564,5.1,8.5,3.00 ,CR,,BOVAIRD DR,6,B43,0949
627690,   506196,1,1,06/09/2007,C_UT,WMN,PVC,300,1063449,6425364,1.1,8.5,15.00 ,CLAY,,EASEMENT ,7,C05,1201
941048,   505678,1,1,04/09/2007,C_UT,WMN,CPP,900,596825,6591277,1.3,8.5,2.50 ,CASP,,WALKER DR,4,B65,0747
507791,   505443,1,2,03/09/2007,C_UT,WMN,DI,150,599598,599605,1.3,8.5,6.00 ,SHCL,,SALISBURY CIR,5,B43,0867
712561,   503239,1,1,21/08/2007,C_UT,WMN,CPP,500,592750,6550987,1.1,,3.00 ,CR,,AIRPORT RD,4,Z41E,0601
792017,   502658,1,1,17/08/2007,C_UT,WMN,CI,150,6569476,6569475,1.1,8.7,1.80 ,CR,35,WATSON CR,5,B60,0740
638727,   501305,1,1,12/08/2007,C_UT,WMN,DI,400,6475193,597782,1.3,,7.00 ,CLAY,,MAIN ST,5,B59,0763
834980,   500291,738477,1,05/08/2007,C_UT,WMN,CI,200,6575030,6575198,1.3,8.5,2.10 ,CR,3300,CAROGA DR,4,Z33,0476
877491,   499928,1,1,02/08/2007,C_UT,WMN,DI,400,597779,6585940,1.3,8.5,3.00 ,CR,,STEELES AVE,5,B59,0690
508409,   499515,1,1,31/07/2007,C_UT,WMN,DI,200,598808,598809,1.3,8.7,1.80 ,CLAY,22,MANORCREST ST,5,B46,0955
515957,   499482,1,1,31/07/2007,C_UT,WMN,CPP,400,592740,592734,1.3,8.5,2.50 ,CR,3320,AMERICAN DR,4,Z40W,0526
508378,   497339,1,1,19/07/2007,C_UT,WMN,COPP,50,598531,598539,1.2,8.7,6.00 ,CLAY,,HERNON CT,5,B46,0900
508704,   496980,1,2,18/07/2007,C_UT,WMN,DI,200,598363,598214,1.3,8.7,1.80 ,CLAY,,JARDINE ST,5,B47,0956
516664,   496462,1,1,16/07/2007,C_UT,WMN,CPP,400,601110,600622,1.3,8.5,4.00 ,CLAY,7440,GOREWAY DR,4,Z48E,0678
885815,   494800,724670,1,08/07/2007,C_UT,WMN,DI,150,6587871,598954,1.3,8.5,2.00 ,CR,64,SUTHERLAND AVE,5,B44,0869
781030,   488868,1,1,06/06/2007,C_UT,WMN,DI,150,6567066,6566491,1.3,8.5,7.00 ,CLAY,,VALLEYVIEW RD,6,B07,1172
512133,   483657,1,2,09/05/2007,C_UT,WMN,DI,300,596277,596278,4.1,8.5,8.00 ,CLAY,12,MELANIE DR,4,B80,0722
508547,   480937,1,1,26/04/2007,C_UT,WMN,DI,150,598597,598598,2.1,8.7,0.00 ,REDC,,GREENWOOD CR,5,B47,0901
516623,   476872,1,1,05/04/2007,C_UT,WMN,CPP,400,592726,592737,5.1,,6.50 ,CLAY,6365,NORTHWEST DR,4,Z40W,0551
507541,   475200,1,1,29/03/2007,C_UT,WMN,PVC,150,599710,599723,1.3,,7.00 ,CASP,,MAIN ST,5,B42,0920
507355,   474440,663899,1,25/03/2007,C_UT,WMN,CI,150,600018,600033,1.1,,8.50 ,CR,24,KIMBARK DR,5,B41,0813
511978,   473690,1,1,22/03/2007,C_UT,WMN,PVC,300,596349,596842,2.1,,7.00 ,CLAY,,WALKER DR,5,B65,0825
516536,   473101,1,1,21/03/2007,C_UT,WMN,DI,300,600670,600667,1.3,,6.00 ,CASP,2390-2400,ANSON DR,4,Z49W,0625
885167,   468983,1,1,06/03/2007,C_UT,WMN,CI,150,6587716,597092,1.1,,6.00 ,CLST,19,VICTORIA CR,5,B63,0744
511351,   467920,1,1,04/03/2007,C_UT,WMN,DI,150,599313,599169,1.2,,7.00 ,CLAY,5-7,RADFORD DR,6,B43,0921
508437,   467095,1,1,27/02/2007,C_UT,WMN,DI,300,598866,598556,1.3,8.5,2.00 ,,,HOWDEN BLVD,5,,0871
526317,   466519,1,1,24/02/2007,C_UT,WMN,CPP,400,599660,599799,5.1,,7.00 ,CR,,VODDEN ST,5,B42,0892
714838,   464426,1,1,18/02/2007,C_UT,WMN,DI,150,6553768,6326307,1.3,,7.00 ,CLAY,44,RUTHERFORD RD,5,B44,0843
511960,   464232,1,1,16/02/2007,C_UT,WMN,AC,150,596723,596729,1.1,8.7,6.00 ,SHCL,47-49,EDENBOROUGH DR,5,B64,0822
507629,   463192,1,1,13/02/2007,C_UT,WMN,PVC,150,599481,599406,1.3,,8.50 ,CR,,GARDEN AVE,5,B42,0893
507541,   462966,1,1,12/02/2007,C_UT,WMN,PVC,150,599710,599723,1.3,,2.00 ,CR,,MAIN ST,5,B42,0920
865904,   462374,647844,1,09/02/2007,C_UT,WMN,CI,150,6584141,601074,1.1,8.7,18.00 ,CLAY,7256,DOOLEY DR,4,Z48W,0654
691408,   461362,1,1,06/02/2007,C_UT,WMN,DI,200,6532430,597357,1.1,8.7,6.00 ,CLAY,71,ORENDA RD,5,B61,0817
516319,   460061,1,1,01/02/2007,C_UT,WMN,DI,150,601057,601058,3.1,8.7,6.00 ,GRAC,7248,REDFOX RD,4,Z48W,0654
511387,   459747,1,1,31/01/2007,C_UT,WMN,DI,150,598923,598921,1.2,,8.00 ,CR,56,GREENE DR,6,B44,0895
510315,   459147,1,1,30/01/2007,C_UT,WMN,CI,300,596270,596268,1.2,,2.50 ,CR,55,ADVANCE BLVD,4,B79,0720
662821,   456108,1,1,18/01/2007,C_UT,WMN,CI,150,6519965,6519904,1.1,8.7,2.00 ,CLST,7301,VERNOR DR,4,Z48W,0654
883915,   452497,1,1,03/01/2007,C_UT,WMN,CI,300,6587420,601115,1.3,,0.00 ,CLST,,DERRY RD,4,Z48W,0628
512209,   451647,629744,1,26/12/2006,C_UT,WMN,DI,300,608403,608399,1.3,8.7,6.00 ,CLAY,264,VODDEN ST,6,B44,0868
834544,   451555,628503,1,23/12/2006,C_UT,WMN,CPP,400,6574899,6574998,5.1,8.7,7.00 ,CLAY,61,DELTA PARK BLVD,4,B66,0825
516472,   446974,1,1,05/12/2006,C_UT,WMN,DI,300,601116,601117,1.3,8.7,7.00 ,SACL,,DREW RD,4,,0652
516472,   446707,1,1,04/12/2006,C_UT,WMN,DI,300,601116,601117,1.3,,7.00 ,CLST,,DREW RD,4,,0652
764211,   444045,1,1,21/11/2006,C_UT,WMN,DI,150,601740,6565933,1.3,8.5,8.00 ,CR,14,MITCHELL AVE,6,B25,1030
715538,   443279,618427,1,19/11/2006,C_UT,WMN,PVC,150,601020,6554706,1.3,,7.00 ,CR,,VICTORY CR,4,Z48W,0653
508415,   443207,1,1,16/11/2006,C_UT,WMN,DI,200,598815,598822,1.3,,5.00 ,,,MAITLAND ST,5,B46,0926
526582,   442253,615304,1,10/11/2006,C_UT,WMN,DI,150,598954,598952,1.3,,6.50 ,CLST,64,SUTHERLAND AVE,5,B44,0869
717164,   441007,1,1,06/11/2006,C_UT,WMN,CI,150,6556692,6556691,1.1,,6.00 ,CASP,7232,MADIERA RD,4,Z48E,0656
509632,   439613,1,1,31/10/2006,C_UT,WMN,DI,300,596883,596861,1.1,,2.50 ,CLST,,ORENDA RD,5,B61,0792
715536,   439597,1,1,31/10/2006,C_UT,WMN,PVC,150,6554705,601020,5.2,,0.00 ,CLAY,,MCNAUGHTON AVE,4,Z48W,0627
518340,   437563,607055,1,19/10/2006,C_UT,WMN,DI,150,603251,603252,1.3,8.7,6.00 ,CLAY,,POWDERHORN CT,3,Z31,0237
515937,   436656,1,1,13/10/2006,C_UT,WMN,DI,300,592730,592731,1.3,8.7,6.00 ,CLAY,,CARAVELLE DR,4,Z40W,0575
509576,   435515,1,1,08/10/2006,C_UT,WMN,DI,300,6325461,596874,1.3,,8.00 ,CLAY,,SELBY RD,5,B61,0766
507715,   435451,1,1,07/10/2006,C_UT,WMN,DI,150,599208,599209,1.3,8.5,1.20 ,,,QUEEN ST,5,B43,0816
526326,   435438,1,1,07/10/2006,C_UT,WMN,DI,150,599357,599379,1.3,8.5,6.50 ,CLAY,,STEPHENSEN CT,6,B44,0923
516319,   432695,1,1,24/09/2006,C_UT,WMN,DI,150,601057,601058,1.3,8.5,6.00 ,GRAC,,REDFOX RD,4,Z48W,0654
940760,   432672,1,1,21/09/2006,C_UT,WMN,CI,300,6591219,596966,1.3,8.5,2.50 ,,,DIXIE RD,5,B63,0794
526279,   425383,1,1,15/08/2006,C_UT,WMN,CPP,500,596879,596876,1.3,8.7,6.00 ,CLAY,,SELBY RD,5,B61,0766
511567,   424779,1,1,11/08/2006,C_UT,WMN,DI,150,598240,598241,5.1,8.7,0.00 ,CLAY,,JUNIPER CR,5,B47,0927
716705,   422255,1,1,30/07/2006,C_UT,WMN,PVC,150,6556047,6556064,1.1,8.7,2.00 ,CLAY,,CRAWLEY DR,5,B63,0821
516622,   421249,1,1,23/07/2006,C_UT,WMN,CPP,400,592727,592726,1.3,,0.00 ,CLAY,,NORTHWEST DR,4,,0527
511379,   420538,1,1,20/07/2006,C_UT,WMN,DI,150,599353,599351,1.3,,7.00 ,CLAY,,ASHURST CR,6,B44,0951
509919,   418343,1,1,08/07/2006,C_UT,WMN,AC,150,596721,596720,1.1,8.7,7.00 ,CLAY,,EDENRIDGE DR,5,B64,0822
526464,   417842,1,1,05/07/2006,C_UT,WMN,DI,300,608636,608630,1.3,8.5,3.00 ,CLAY,,GOREWAY DR,5,B31,1125
942451,   414864,1,1,19/06/2006,C_UT,WMN,DI,250,6591642,596866,1.3,8.7,1.00 ,CLAY,,BRAM CT,5,B61,0717
773588,   414860,1,1,19/06/2006,C_UT,WMN,DI,150,6566449,600980,1.3,8.5,1.50 ,CLAY,,ALMADALE CT,4,Z48W,0701
773588,   414590,1,1,18/06/2006,C_UT,WMN,DI,150,6566449,600980,1.3,8.5,1.50 ,CLST,,ALMADALE CT,4,Z48W,0701
773588,   414607,1,1,18/06/2006,C_UT,WMN,DI,150,6566449,600980,1.3,8.5,1.50 ,CLST,,ALMADALE CT,4,Z48W,0701
507416,   412686,1,1,07/06/2006,C_UT,WMN,PVC,150,600074,600115,1.2,8.7,6.00 ,SHAL,,MURDOCH DR,6,B41,0864
507253,   412698,1,1,07/06/2006,C_UT,WMN,PVC,150,599910,599909,3.1,8.7,7.00 ,CLAY,,RAE AVE,5,,1070
508548,   409782,1,1,23/05/2006,C_UT,WMN,DI,150,598598,598599,4.1,8.7,5.00 ,CLAY,,GULLIVER CR,5,B47,0874
508459,   405073,1,1,27/04/2006,C_UT,WMN,DI,200,598865,598441,1.3,,12.00 ,CLAY,,HANOVER RD,5,B46,0872
860460,   405024,1,1,27/04/2006,C_UT,WMN,DI,300,6582584,599909,1.3,,12.00 ,CLAY,,MCVEAN DR,5,B33,1098
713011,   404303,1,1,22/04/2006,C_UT,WMN,DI,450,6551344,597048,1.3,,2.00 ,CLAY,,BRAMALEA RD,5,B63,0847
764432,   402829,1,1,16/04/2006,C_UT,WMN,DI,300,596602,6565950,1.3,8.5,2.00 ,CR,,CENTRAL PARK DR,5,B63,0846
508025,   400080,1,1,31/03/2006,C_UT,WMN,DI,300,598921,598893,1.3,,7.00 ,CLAY,,HANSEN RD,6,B44,0895
507347,   392617,1,1,23/02/2006,C_UT,WMN,CI,150,600026,600023,1.1,,6.50 ,CLAY,,KINGSMERE CR,5,B41,0813
718202,   392282,1,1,22/02/2006,C_UT,WMN,CI,150,6526386,6557946,1.1,8.7,7.00 ,CASP,,REDSTONE RD,4,Z48W,0700
507359,   391734,1,1,20/02/2006,C_UT,WMN,CI,150,600038,600027,1.1,8.7,6.50 ,CLAY,,GRETNA DR,5,B41,0838
885016,   389814,480662,1,11/02/2006,C_UT,WMN,CI,300,6587667,592737,1.1,8.5,2.00 ,CLAY,,AIRWAY DR,4,Z40W,0551
516347,   386513,1,1,30/01/2006,C_UT,WMN,DI,400,601156,600974,1.3,8.7,9.00 ,CLAY,,AIRPORT RD,4,Z48W,0700
516527,   384006,1,1,19/01/2006,C_UT,WMN,DI,300,601168,601167,1.3,8.5,9.00 ,,,KIMBEL ST,4,Z49W,0651
515938,   382640,1,1,14/01/2006,C_UT,WMN,CI,300,592736,592738,1.3,8.7,7.00 ,CLAY,,AIRWAY DR,4,Z40W,0550
515971,   382619,1,1,14/01/2006,C_UT,WMN,CI,300,592758,592738,1.3,8.7,7.00 ,CLAY,,VISCOUNT RD,4,Z40W,0525
512435,   375976,1,1,14/12/2005,C_UT,WMN,DI,300,597057,597053,1.1,8.7,9.00 ,CLAY,,DIXIE RD,5,B63,0719
755734,   374930,1,1,11/12/2005,C_UT,WMN,DI,300,6565670,596339,1.3,8.5,7.00 ,SACL,,CENTRAL PARK DR,5,B63,0821
717007,   373667,1,1,05/12/2005,C_UT,WMN,CI,150,6556406,597020,1.1,8.7,6.50 ,,,AINTREE CR,5,B63,0795
526557,   373076,1,1,01/12/2005,C_UT,WMN,CI,150,599725,599481,1.1,8.7,5.00 ,CLAY,,MOORE ST,5,B42,0893
516375,   372480,1,2,30/11/2005,C_UT,WMN,DI,150,601007,601004,1.3,8.7,6.50 ,CLAY,,REDBANK CR,4,Z48W,0653
511162,   372250,1,1,26/11/2005,C_UT,WMN,PVC,150,599832,599833,1.1,8.5,2.00 ,,,MAIN ST,5,B42,0815
510491,   366821,1,1,03/11/2005,C_UT,WMN,PHOEN,450,598448,598579,1.3,,0.00 ,,,GOODWOOD RD,5,B46,0873
508628,   364959,1,1,28/10/2005,C_UT,WMN,DI,300,598569,598362,1.3,,0.00 ,,,CENTRAL PARK DR,5,,0900
763687,   346937,1,1,28/07/2005,C_UT,WMN,PVC,300,6565842,6565844,1.3,,6.00 ,,,WALKER DR,5,B65,0850
700055,   345882,1,1,23/07/2005,C_UT,WMN,CI,250,600658,6539407,1.1,,0.00 ,,,NETHERBRAE RD,4,Z48E,0629
507683,   345555,1,1,20/07/2005,C_UT,WMN,DI,150,599537,599535,1.3,8.5,6.00 ,CLAY,,NEWTON RD,5,B43,0894
507882,   342227,1,1,04/07/2005,WOLF,WMN,PVC,300,599510,599278,,,0.00 ,,,VODDEN ST,5,B43,0868
507882,   342202,1,1,04/07/2005,C_UT,WMN,PVC,300,599510,599278,1.3,,0.00 ,,,VODDEN ST,5,B43,0868
512147,   340525,1,1,23/06/2005,C_UT,WMN,PVC,300,599547,599851,1.3,,0.00 ,,,MAIN ST,5,B42,0815
510726,   339503,1,1,19/06/2005,C_UT,WMN,DI,150,601470,601471,1.3,,0.00 ,,,MERRYDALE CT,5,B14,1183
510726,   339489,1,1,19/06/2005,C_UT,WMN,DI,150,601470,601471,1.1,8.5,8.00 ,CLAY,,MERRYDALE CT,5,B14,1183
512147,   339438,1,1,18/06/2005,C_UT,WMN,PVC,300,599547,599851,1.3,,0.00 ,,,MAIN ST,5,B42,0815
508840,   337102,1,1,07/06/2005,C_UT,WMN,PVC,300,597938,597939,1.3,,0.00 ,,,PROGRESS CT,5,B49,0904
507921,   336636,365267,1,03/06/2005,C_UT,WMN,DI,150,599322,599245,1.3,8.1,6.00 ,CLST,,ASHFORD CT,6,B43,0921
936408,   333718,1,1,19/05/2005,C_UT,WMN,CI,300,596957,6590623,1.3,,0.00 ,,,ORENDA RD,5,B62,0768
510385,   322198,1,1,28/03/2005,C_UT,WMN,PVC,200,601877,601884,1.1,,7.00 ,CR,,CONSERVATION DR,6,B08,1115
865904,   322193,1,1,28/03/2005,C_UT,WMN,CI,150,6584141,601074,1.1,8.2,6.00 ,,,DOOLEY DR,4,Z48W,0654
511072,   317038,1,1,03/03/2005,C_UT,WMN,CI,150,600025,600026,1.1,,6.00 ,CLST,,RIDGETOP AVE,5,B41,0813
883554,   308613,1,1,27/01/2005,C_UT,WMN,CI,200,6519944,6587284,1.3,,0.00 ,,,CAMBRETT DR,4,Z48W,0654
511227,   297922,1,1,13/12/2004,C_UT,WMN,PVC,150,599405,599725,1.1,8.5,2.50 ,,,BURTON RD,5,B42,0893
834980,   297909,1,1,13/12/2004,C_UT,WMN,CI,200,6575030,6575198,1.1,8.7,2.40 ,CLAY,,CAROGA DR,4,Z33,0476
754273,   291803,282717,1,13/11/2004,C_UT,WMN,DI,250,596858,6565464,1.1,,2.10 ,CLAY,,CLARK BLVD,5,B61,0818
712561,   283338,1,1,28/09/2004,C_UT,WMN,CPP,500,592750,6550987,,,0.00 ,,,AIRPORT RD,4,Z41E,0601
506823,   269368,1,1,16/07/2004,C_UT,WMN,DI,150,592300,592299,,,2.10 ,,,RUSHMORE CR,6,B26,1060
515937,   255012,1,1,03/05/2004,C_UT,WMN,DI,300,592730,592731,1.3,,2.10 ,,,CARAVELLE DR,4,Z40W,0575
763515,   249985,1,1,07/04/2004,C_UT,WMN,PVC,300,6565820,6565822,,,0.00 ,,,WALKER DR,5,B65,0825
795370,   249711,1,1,06/04/2004,C_UT,WMN,PVC,150,6570549,6566239,,,0.00 ,,,MILL ST,5,B59,0789
511395,   240047,1,1,20/02/2004,C_UT,WMN,DI,150,598989,599385,1.1,,2.50 ,,,BRUCE BEER DR,6,B44,0922
526580,   236392,1,1,03/02/2004,C_UT,WMN,DI,150,598920,598922,1.3,,1.80 ,CLAY,,GREENE DR,6,B44,0895
511301,   235689,1,1,30/01/2004,C_UT,WMN,CI,150,599506,607338,1.1,,2.00 ,CLAY,,POST RD,5,B43,0867
508081,   235146,1,1,29/01/2004,C_UT,WMN,DI,300,608400,598937,,,0.00 ,,,RUTHERFORD RD,5,B44,0869
510564,   230388,1,1,12/01/2004,C_UT,WMN,CPP,600,596953,596881,5.1,,1.80 ,,,HEART LAKE RD,5,B61,0793
717123,   229548,1,1,08/01/2004,C_UT,WMN,CI,200,600916,6556664,1.1,,1.80 ,,,MORNING STAR DR,4,Z48E,0656
700091,   221721,1,1,30/11/2003,C_UT,WMN,CI,150,6539425,6539466,1.1,,1.80 ,,,LADDIE CR,4,Z48E,0629
700091,   217803,1,1,06/11/2003,C_UT,WMN,CI,150,6539425,6539466,1.1,,0.00 ,,,LADDIE CR,4,Z48E,0629
525998,   213407,1,1,12/10/2003,C_UT,WMN,DI,150,601000,601008,,,,,,HAROLD SHEARD DR,4,Z48W,0653
710658,   204921,1,1,23/08/2003,C_UT,WMN,DI,300,599845,6548664,,,0.00 ,,,MAIN ST,5,B43,0840
764432,   203731,1,1,16/08/2003,C_UT,WMN,DI,300,596602,6565950,1.3,,2.10 ,,,CENTRAL PARK DR,5,B63,0846
511818,   202589,98980,1,12/08/2003,C_UT,WMN,CI,150,597128,597129,,,,,,PALGRAVE CR,5,B60,0715
526580,   201131,1,1,03/08/2003,C_UT,WMN,DI,150,598920,598922,1.3,,1.50 ,CLAY,,GREENE DR,6,B44,0895
764557,   200931,1,1,31/07/2003,C_UT,WMN,DI,150,6565968,608636,,,0.00 ,,,TORTOISE CT,5,B31,1153
508345,   195800,1,1,04/07/2003,C_UT,WMN,COPP,50,598421,598423,,,,,,HALLCROWN CT,5,B46,0899
516524,   194448,1,1,26/06/2003,C_UT,WMN,CI,300,601125,601163,,,,,,SLOUGH ST,4,Z49E,0675
511896,   190955,1,1,10/06/2003,C_UT,WMN,CI,150,597022,597020,,,0.00 ,,,ALTON CT,5,B63,0796
507541,   190007,1,1,05/06/2003,C_UT,WMN,PVC,150,599710,599723,,,0.00 ,,,MAIN ST,5,B42,0920
508081,   186826,1,1,22/05/2003,C_UT,WMN,DI,300,608400,598937,,,,,,RUTHERFORD RD,5,B44,0869
746777,   180416,1,1,11/04/2003,C_UT,WMN,DI,150,601037,6562804,1.3,,1.98 ,CLAY,,CODLIN AVE,4,Z48W,0628
511836,   180176,89081,2,10/04/2003,C_UT,WMN,DI,200,597284,597285,1.3,,2.40 ,,,ELDOMAR AVE,5,,0763
944062,   179951,1,1,09/04/2003,C_UT,WMN,DI,300,6591948,608636,,,0.00 ,,,GOREWAY DR,5,B31,1154
716860,   175223,87879,1,18/03/2003,C_UT,WMN,AC,150,6556245,596802,,,0.00 ,,,DOMBEY PL,5,B64,0770
511896,   173385,1,1,08/03/2003,C_UT,WMN,CI,150,597022,597020,,,1.80 ,,,ALTON CT,5,B63,0796
768825,   169521,1,1,20/02/2003,C_UT,WMN,DI,200,601410,6566185,,,0.00 ,,,GOREWAY DR,5,B31,1097
722365,   169517,86882,1,20/02/2003,C_UT,WMN,DI,200,597357,6560405,,,2.10 ,,,HANSEN RD,5,B61,0818
508653,   168854,1,1,17/02/2003,C_UT,WMN,DI,300,598566,598614,,,0.00 ,,,CENTRAL PARK DR,5,B47,0901
508040,   166033,86291,1,06/02/2003,C_UT,WMN,DI,150,598937,598939,1.2,,2.10 ,,,HERKLEY DR,5,B44,0869
507347,   164680,1,1,31/01/2003,C_UT,WMN,CI,150,600026,600023,1.1,8.7,2.10 ,CLAY,,KINGSMERE CR,5,B41,0813
507259,   164427,1,1,30/01/2003,C_UT,WMN,DI,200,599934,599935,1.3,8.7,1.98 ,CLAY,,COUNTRYSIDE DR,5,B33,1184
774226,   163420,1,1,28/01/2003,C_UT,WMN,DI,150,6566549,598241,1.3,8.7,0.00 ,CLAY,,JACKSON RD,5,B47,0927
509684,   162767,1,1,25/01/2003,C_UT,WMN,DI,300,596957,596940,1.3,8.7,1.80 ,CLAY,,WEST DR,5,B62,0767
507357,   161188,85335,1,18/01/2003,C_UT,WMN,PVC,150,600031,600036,,,,,,LENECK AVE,5,B41,0813
716849,   160809,1,1,17/01/2003,C_UT,WMN,AC,150,596757,6556225,,8.7,1.30 ,CLAY,,DURHAM CR,5,B64,0770
526002,   155875,1,1,23/12/2002,C_UT,WMN,CI,300,601076,601079,,,1.80 ,,,MORNING STAR DR,4,Z48W,0677
525048,   154437,1,1,16/12/2002,C_UT,WMN,DI,300,608367,596256,,,0.00 ,,,WILKINSON RD,4,B78,0671
507578,   153862,1,1,12/12/2002,C_UT,WMN,CPP,400,599799,599794,1.1,,2.10 ,CLAY,,VODDEN ST,5,B42,0892
510733,   150900,1,1,28/11/2002,C_RD,WMN,PVC,200,608518,601492,,,0.00 ,,,CLARKWAY DR,5,B16,1216
787743,   150299,83049,1,25/11/2002,C_UT,WMN,DI,300,599606,6568367,1.3,,1.80 ,CLAY,,CENTRE ST,5,B43,0867
509510,   150016,83031,1,24/11/2002,C_UT,WMN,PVC,150,597238,597237,1.3,,2.40 ,,,SCOTTSDALE CT,5,B60,0716
507442,   148793,1,1,16/11/2002,C_UT,WMN,CI,150,600149,599995,1.1,,2.10 ,,,SANFORD CR,5,B41,0839
516416,   147747,82369,2,09/11/2002,C_UT,WMN,DI,150,601058,601057,,,,,,REINDEER DR,4,Z48W,0654
507346,   146662,82035,1,02/11/2002,C_UT,WMN,CI,150,600022,600026,1.1,,2.40 ,,,KINGSMERE CR,5,B41,0814
720080,   145155,1,1,24/10/2002,C_UT,WMN,PVC,150,597531,6559164,,,0.00 ,,,STANLEY CT,5,B59,0788
507270,   143998,1,1,16/10/2002,C_UT,WMN,CI,300,599955,599943,,,0.00 ,,,MCVEAN DR,5,B33,1126
507259,   143812,1,1,15/10/2002,C_UT,WMN,DI,200,599934,599935,,,0.00 ,,,COUNTRYSIDE DR,5,B33,1184
525087,   142972,80639,1,08/10/2002,C_UT,WMN,CPP,600,608401,598996,,,,,,VODDEN ST,,B44,0868
884027,   142989,1,1,08/10/2002,C_UT,WMN,CI,300,6587447,596938,1.2,,2.10 ,,,DIXIE RD,5,B63,0768
510407,   142040,1,1,01/10/2002,C_UT,WMN,PVC,150,601327,601328,1.2,,0.00 ,SAND,,URAL CIR,6,B30,1011
511787,   140544,1,1,20/09/2002,C_UT,WMN,DI,150,597793,597866,,,0.00 ,,,ELGIN DR,5,B59,0738
511787,   140547,1,1,20/09/2002,C_UT,WMN,DI,150,597793,597866,1.3,,1.80 ,,,ELGIN DR,5,B59,0738
511867,   140211,1,1,19/09/2002,C_UT,WMN,CI,150,597301,597302,1.1,,2.10 ,CLAY,,STERNE AVE,5,B60,0790
717928,   139386,79336,1,15/09/2002,C_UT,WMN,DI,300,6557705,606147,,,0.00 ,,,FORESTWOOD DR,2,Z23,0177
507318,   138751,1,1,10/09/2002,C_UT,WMN,PVC,250,600108,600005,,,,,,CHINGUACOUSY RD,6,B41,0863
511789,   138585,1,1,09/09/2002,C_UT,WMN,DI,150,597364,597366,1.3,,1.80 ,,,NORBERT RD,5,B59,0737
885678,   137629,78531,1,02/09/2002,C_UT,WMN,DI,150,598927,6587834,,,1.80 ,CLAY,,LAUDERDALE RD,5,B44,0843
509630,   135165,1,2,17/08/2002,C_UT,WMN,CPP,600,596881,597324,1.3,,2.40 ,,,HEART LAKE RD,5,B61,0819
508654,   135003,1,1,15/08/2002,C_UT,WMN,PVC,150,598612,598616,,,,,,GREENARROW CT,5,B47,0900
510297,   131615,76548,1,21/07/2002,C_UT,WMN,CPP,400,596232,596233,,,,,,FIRST GULF BLVD,5,B77,0693
511994,   131056,1,1,17/07/2002,C_UT,WMN,PVC,150,596401,596402,,,,,,MANSWOOD CR,4,B68,0829
516536,   129932,1,1,09/07/2002,C_UT,WMN,DI,300,600670,600667,,,,,,ANSON DR,4,Z49W,0625
510988,   126367,1,1,13/06/2002,C_UT,WMN,PVC,300,601262,601263,,,,,,QUAIL FEATHER CR,6,B29,1010
771966,   126382,1,1,13/06/2002,C_UT,WMN,PVC,300,601458,6566318,1.3,,2.10 ,,,MAYFIELD RD,6,C01,1210
516536,   124398,1,1,30/05/2002,C_UT,WMN,DI,300,600670,600667,1.3,,2.70 ,CLAY,,ANSON DR,4,Z49W,0625
509678,   123357,1,1,22/05/2002,C_UT,WMN,DI,200,596962,596937,,,,,,TILBURY CT,5,B62,0793
508795,   122989,1,1,18/05/2002,C_UT,WMN,DI,150,598373,597882,1.3,,1.80 ,,,JELLICOE CR,5,B47,0956
511358,   122418,1,1,14/05/2002,C_UT,WMN,DI,150,599378,599377,1.3,,1.80 ,,,KIRKLAND RD,6,B44,0895
506448,   120317,1,1,30/04/2002,C_UT,WMN,PVC,300,608726,608671,,,,,,BRINKLEY DR,6,B06,1142
516622,   114112,1,1,20/03/2002,C_UT,WMN,CPP,400,592727,592726,,,,,,NORTHWEST DR,4,,0527
507810,   110446,1,1,28/02/2002,C_UT,WMN,PVC,150,599141,599139,,,,,,SALEM CT,6,B43,0976
716849,   106570,1,1,09/02/2002,C_UT,WMN,AC,150,596757,6556225,,,2.10 ,CLAY,,DURHAM CR,5,B64,0770
511379,   104905,1,1,03/02/2002,C_UT,WMN,DI,150,599353,599351,,,,,,ASHURST CR,6,B44,0951
795335,    96385,1,1,02/01/2002,C_UT,WMN,PVC,150,597543,6570539,1.1,,1.35 ,CLAY,,ELIZABETH ST,5,B59,0763
526002,    95642,1,1,27/12/2001,C_UT,WMN,CI,300,601076,601079,,,,,,MORNING STAR DR,4,Z48W,0677
511379,    83577,1,1,11/11/2001,C_UT,WMN,DI,150,599353,599351,,,,,,ASHURST CR,6,B44,0951
510351,    83170,1,1,10/11/2001,C_UT,WMN,DI,400,6574938,608808,,,,,,KENNEDY RD,6,B07,1115
511360,    83311,1,1,09/11/2001,C_UT,WMN,DI,300,599385,599386,1.1,8.7,0.00 ,CLAY,,BRUCE BEER DR,6,B44,0923
516366,    79695,1,1,30/10/2001,C_UT,WMN,DI,150,600994,600997,1.3,8.7,0.00 ,CLAY,,SILLS RD,4,Z48W,0653
853850,    77155,1,1,20/10/2001,C_UT,WMN,DI,200,6580525,592317,1.1,8.7,0.00 ,CLAY,,REYNIER DR,6,B26,1059
526395,    73118,1,1,01/10/2001,C_UT,WMN,CPP,900,596823,596795,1.3,8.7,0.00 ,CLAY,,EAST DR,,,0746
746760,    72779,65431,2,29/09/2001,C_UT,WMN,DI,150,6562786,601032,,,0.00 ,,,PURNELL CT,4,Z48W,0627
746760,    72598,65341,1,27/09/2001,C_UT,WMN,DI,150,6562786,601032,1.1,8.7,0.00 ,CLAY,,PURNELL CT,4,Z48W,0627
774226,    69503,1,1,12/09/2001,C_UT,WMN,DI,150,6566549,598241,1.1,8.5,0.00 ,CLAY,,JACKSON RD,5,B47,0927
516371,    66627,1,1,21/08/2001,C_UT,WMN,DI,150,601002,601001,,,,,,COLLETT RD,4,Z48W,0653
775866,    65645,1,1,15/08/2001,C_UT,WMN,DI,150,599598,6566706,,,0.00 ,,,SALISBURY CIR,5,B43,0868
508053,    64797,1,1,11/08/2001,C_UT,WMN,DI,150,598951,598953,,,0.00 ,,,REIGATE AVE,5,B44,0869
657642,   402294,1,1,27/07/2001,V_UT,WMN,CPP,600,6515125,6515185,,,0.00 ,,,410 HWY,5,B61,0843
699954,    60856,1,1,18/07/2001,C_UT,WMN,CI,150,6539307,600621,,,0.00 ,,,CHIGWEL CT,4,Z48E,0630
699954,    59396,1,1,10/07/2001,C_UT,WMN,CI,150,6539307,600621,,,0.00 ,,,CHIGWEL CT,4,Z48E,0630
516622,    57757,1,1,28/06/2001,C_UT,WMN,CPP,400,592727,592726,,,,,,NORTHWEST DR,4,,0527
508650,    55453,1,1,19/06/2001,C_UT,WMN,DI,200,598603,598585,1.3,8.7,0.00 ,CLAY,,GREENMOUNT RD,5,B47,0874
516378,    53883,1,1,11/06/2001,C_UT,WMN,DI,150,601008,601001,,,,,,HAROLD SHEARD DR,4,Z48W,0653
515935,    51613,59973,1,02/06/2001,C_UT,WMN,DI,300,592719,592725,,,0.00 ,,,NASHUA DR,4,Z40E,0629
511612,    50363,1,1,28/05/2001,C_UT,WMN,DI,200,598566,598609,1.3,8.7,0.00 ,CLAY,,GLENVALE BLVD,5,B47,0901
914480,    42097,1,1,22/04/2001,C_UT,WMN,DI,150,6588089,599482,,,0.00 ,,,MOORE ST,5,B42,0866
914480,    42015,1,1,21/04/2001,C_UT,WMN,DI,150,6588089,599482,1.3,8.7,0.00 ,,,MOORE ST,5,B42,0866
884331,    29115,1,1,22/02/2001,C_UT,WMN,CI,300,592733,6587571,,,0.00 ,,,ORLANDO DR,4,Z40W,0551
715709,    29030,1,1,21/02/2001,C_UT,WMN,DI,300,6554924,601154,,,0.00 ,,,AIRPORT RD,4,Z49E,0627
516535,    27369,1,1,13/02/2001,C_UT,WMN,CPP,400,600661,601168,,,,,,TORBRAM RD,4,Z49W,0651
516502,    24075,1,1,29/01/2001,C_UT,WMN,PVC,300,601135,601153,,,,,,DERRY RD,4,Z49E,0627
936494,    23040,1,1,23/01/2001,C_UT,WMN,CPP301,400,6590642,6590641,,,0.00 ,,,ORENDA RD,5,B62,0768
512133,    61859,1,1,08/01/2001,C_UT,WMN,DI,300,596277,596278,,,0.00 ,,,MELANIE DR,4,B80,0722
512133,    62100,1,1,08/01/2001,C_UT,WMN,DI,300,596277,596278,,,0.00 ,,,MELANIE DR,4,B80,0722
665552,    64153,1,1,02/01/2001,C_UT,WMN,AC,150,6521145,596750,,,0.00 ,,,DUDLEY PL,5,B64,0771
665552,    64156,1,1,02/01/2001,C_UT,WMN,AC,150,6521145,596750,,,0.00 ,,,DUDLEY PL,5,B64,0771
698343,    19402,1,1,18/12/2000,WOLF,WMN,CPP,400,607030,6538244,,,0.00 ,,,GOREWAY DR,4,Z48E,0702
510586,    18767,1,1,06/12/2000,C_UT,WMN,CI,300,596974,596793,,,0.00 ,,,BRAMALEA RD,5,B64,0745
510586,    18765,1,1,06/12/2000,C_UT,WMN,CI,300,596974,596793,,,0.00 ,,,BRAMALEA RD,5,B64,0745
510586,    19631,1,1,05/12/2000,V_UT,WMN,CI,300,596974,596793,,,0.00 ,,,BRAMALEA RD,5,B64,0745
510586,    18510,1,1,05/12/2000,C_UT,WMN,CI,300,596974,596793,,,0.00 ,,,BRAMALEA RD,5,B64,0745
510586,    19638,1,1,05/12/2000,V_UT,WMN,CI,300,596974,596793,,,0.00 ,,,BRAMALEA RD,5,B64,0745
510586,    18652,1,1,05/12/2000,C_UT,WMN,CI,300,596974,596793,,,0.00 ,,,BRAMALEA RD,5,B64,0745
510586,    18651,1,1,05/12/2000,C_UT,WMN,CI,300,596974,596793,,,0.00 ,,,BRAMALEA RD,5,B64,0745
510586,    18650,1,1,05/12/2000,C_UT,WMN,CI,300,596974,596793,,,0.00 ,,,BRAMALEA RD,5,B64,0745
510586,    18622,1,1,05/12/2000,C_UT,WMN,CI,300,596974,596793,,,0.00 ,,,BRAMALEA RD,5,B64,0745
510586,    19641,1,1,05/12/2000,V_UT,WMN,CI,300,596974,596793,,,0.00 ,,,BRAMALEA RD,5,B64,0745
717855,    17350,1,1,25/11/2000,C_UT,WMN,PVC,300,6557566,601157,,,0.00 ,,,DERRY RD,4,Z49E,0600
508871,    12933,1,1,04/10/2000,C_UT,WMN,PVC,200,597975,597974,,,0.00 ,,,EMBLETON RD,5,,0781
508122,   281024,1,1,12/12/1999,,WMN,DI,150,599129,599130,1.3,8.5,0.00 ,,,LAWNDALE CR,5,B45,0925
882134,   281026,1,1,26/11/1999,,WMN,CI,250,6586966,597126,1.3,8.7,0.00 ,,,BARTLEY BULL PKWY,5,B60,0715
526578,   281023,1,1,22/11/1999,,WMN,DI,150,599377,599378,1.3,8.7,0.00 ,,,ABELL DR,6,B44,0895
516378,   281020,1,1,15/11/1999,,WMN,DI,150,601008,601001,1.3,8.7,0.00 ,,,HAROLD SHEARD DR,4,Z48W,0653
509576,   280971,1,1,20/09/1999,,WMN,DI,300,6325461,596874,1.3,8.7,0.00 ,,,SELBY RD,5,B61,0766
509678,   280921,1,1,10/08/1999,,WMN,DI,200,596962,596937,1.1,8.7,0.00 ,,,TILBURY CT,5,B62,0793
516416,   279986,1,1,05/08/1999,,WMN,DI,150,601058,601057,1.1,8.7,0.00 ,,,REINDEER DR,4,Z48W,0654
718147,   283792,1,1,13/07/1999,,WMN,PVC,150,600952,6557884,1.3,8.5,0.00 ,,,ANAKA DR,4,Z48W,0701
512133,   283709,1,1,23/06/1999,,WMN,DI,300,596277,596278,,8.7,0.00 ,,,MELANIE DR,4,B80,0722
507769,   281276,1,1,28/03/1999,,WMN,DI,150,599543,599540,1.3,8.7,0.00 ,,,SKELTON BLVD,5,B43,0894
775579,   281259,1,1,22/02/1999,,WMN,DI,150,6566678,598912,1.3,8.7,0.00 ,,,CHIPWOOD CR,5,B44,0869
516416,   281255,1,1,17/02/1999,,WMN,DI,150,601058,601057,1.3,8.7,0.00 ,,,REINDEER DR,4,Z48W,0654
526582,   281252,1,1,11/02/1999,,WMN,DI,150,598954,598952,1.3,8.5,0.00 ,,,SUTHERLAND AVE,5,B44,0869
714838,   281250,1,1,10/02/1999,,WMN,DI,150,6553768,6326307,1.3,8.5,0.00 ,,,RUTHERFORD RD,5,B44,0843
859724,   281153,1,1,19/01/1999,,WMN,AC,150,596729,6582361,1.1,8.5,0.00 ,,,ELVINA GATE,5,B64,0822
509678,   281143,1,1,14/01/1999,,WMN,DI,200,596962,596937,1.1,8.7,0.00 ,,,TILBURY CT,5,B62,0793
516283,   281059,1,1,08/01/1999,,WMN,CI,200,600649,600945,1.1,8.7,0.00 ,,,MORNING STAR DR,4,Z48E,0656
781586,   279984,1,1,04/01/1999,,WMN,CI,300,6567159,592760,1.1,8.5,0.00 ,,,ORLANDO DR,4,Z40W,0551
516378,   281279,1,1,03/01/1999,,WMN,DI,150,601008,601001,1.3,8.7,0.00 ,,,HAROLD SHEARD DR,4,Z48W,0653
916855,   281114,1,1,02/01/1999,,WMN,CI,300,6588598,596794,1.3,8.7,0.00 ,,,EAST DR,5,B64,0745
774288,   283677,1,1,25/12/1998,,WMN,DI,150,6566561,6566554,1.1,8.7,0.00 ,,,JEROME CR,5,B47,0955
946882,   275821,1,1,25/12/1998,,WMN,CI,300,592747,6592729,1.3,8.7,0.00 ,,,AIRPORT RD,4,Z40W,0500
509571,   283676,1,1,07/12/1998,,WMN,DI,300,597350,597351,1.2,8.7,0.00 ,,,HEART LAKE RD,5,B61,0793
511827,   275813,1,1,29/11/1998,,WMN,CI,150,597232,597233,1.1,8.7,0.00 ,,,CORE CR,5,B60,0739
511940,   283675,1,1,21/11/1998,,WMN,AC,150,596731,596732,1.3,8.5,0.00 ,,,EXETER PL,5,B64,0796
885815,   275777,1,1,11/11/1998,,WMN,DI,150,6587871,598954,1.1,8.5,0.00 ,,,SUTHERLAND AVE,5,B44,0869
509818,   275774,1,1,08/11/1998,,WMN,DI,300,596604,596606,1.3,8.5,0.00 ,,,KNIGHTSBRIDGE RD,5,B63,0846
691408,   275772,1,1,06/11/1998,,WMN,DI,200,6532430,597357,1.1,8.7,0.00 ,,,ORENDA RD,5,B61,0817
516416,   275709,1,1,14/10/1998,,WMN,DI,150,601058,601057,1.3,8.7,0.00 ,,,REINDEER DR,4,Z48W,0654
511835,   275686,1,1,10/10/1998,,WMN,PVC,150,597283,597281,1.3,8.5,0.00 ,,,KENNEDY RD,5,B60,0716
508005,   276068,1,1,29/09/1998,,WMN,DI,300,599386,598883,1.3,8.5,0.00 ,,,RUTHERFORD RD,6,B44,0923
508618,   276065,1,1,28/09/1998,,WMN,CI,150,598343,598367,1.3,8.5,0.00 ,,,TRILLIUM CT,5,,0955
940816,   276012,1,1,25/08/1998,,WMN,CI,200,6591236,6522273,1.1,8.5,0.00 ,,,BALMORAL DR,5,B63,0795
518358,   283673,1,1,14/08/1998,,WMN,DI,300,603212,603230,1.3,8.5,0.00 ,,,FOLKWAY DR,3,Z31,0236
865700,   275963,1,1,17/07/1998,,WMN,DI,150,6584002,6584100,1.3,8.5,0.00 ,,,FINERY CR,4,Z48E,0679
763650,   283671,1,1,28/06/1998,,WMN,DI,250,596846,6565837,2.1,8.5,0.00 ,,,SHAFTSBURY LANE,5,B65,0849
511552,   275941,1,1,04/06/1998,,WMN,DI,150,598146,598147,1.3,8.5,0.00 ,,,GLADESIDE PL,5,B47,0901
763650,   275935,1,1,30/05/1998,,WMN,DI,250,596846,6565837,1.3,8.7,0.00 ,,,SHAFTSBURY LANE,5,B65,0849
511835,   275927,1,1,24/05/1998,,WMN,PVC,150,597283,597281,1.3,8.5,0.00 ,,,KENNEDY RD,5,B60,0716
880559,   275884,1,1,13/05/1998,,WMN,DI,150,6586716,598683,1.1,8.5,0.00 ,,,HAWTHORN CR,5,B45,0870
885815,   288559,1,1,16/02/1998,,WMN,DI,150,6587871,598954,1.3,8.7,0.00 ,,,SUTHERLAND AVE,5,B44,0869
512001,   275843,1,1,10/02/1998,,WMN,PVC,150,596435,596436,1.2,8.1,0.00 ,,,CANARVAN CT,5,B74,0641
507700,   276082,1,1,08/02/1998,,WMN,DI,150,599152,599153,1.1,8.7,0.00 ,,,SOPHIA ST,5,B43,0841
507440,   288560,1,1,18/01/1998,,WMN,CI,150,600148,600038,1.1,8.7,0.00 ,,,SANFORD CR,5,B41,0838
526447,   275287,1,1,02/08/1997,,WMN,CI,250,597569,597122,1.1,8.7,0.00 ,,,BARTLEY BULL PKWY,5,B60,0715
507439,   275280,1,1,14/07/1997,,WMN,CI,150,599995,600148,1.1,8.7,0.00 ,,,SANFORD CR,5,B41,0839
509678,   283382,1,1,04/06/1997,,WMN,DI,200,596962,596937,1.3,8.7,0.00 ,,,TILBURY CT,5,B62,0793
509678,   275274,1,1,04/06/1997,,WMN,DI,200,596962,596937,1.3,8.7,0.00 ,,,TILBURY CT,5,B62,0793
508630,   275261,1,1,14/05/1997,,WMN,DI,150,598572,598571,5.1,8.6,0.00 ,,,GARSIDE CR,5,B47,0873
508564,   275245,1,1,11/04/1997,,WMN,COPP,50,598139,598140,5.1,8.4,0.00 ,,,GARRISON SQ,5,B47,0901
845161,   282980,1,1,24/12/1996,,WMN,PVC,300,597975,6577882,4.1,8.7,0.00 ,,,EMBLETON RD,5,B55,0782
516376,   282970,1,1,17/12/1996,,WMN,DI,150,601004,601008,1.3,8.7,0.00 ,,,REDBANK CR,4,Z48W,0653
507303,   274900,1,1,06/12/1996,,WMN,DI,150,600029,600030,1.1,8.7,0.00 ,,,CAMBRIDGE CR,5,B41,0838
691408,   274897,1,1,06/12/1996,,WMN,DI,200,6532430,597357,1.1,8.7,0.00 ,,,ORENDA RD,5,B61,0817
511068,   282884,1,1,28/10/1996,,WMN,PVC,150,599995,599996,1.1,8.7,0.00 ,,,MCCLURE AVE,5,B41,0839
511387,   274810,1,1,23/09/1996,,WMN,DI,150,598923,598921,1.3,8.7,0.00 ,,,GREENE DR,6,B44,0895
507754,   274771,1,1,17/09/1996,,WMN,PVC,300,599498,599501,1.1,8.5,0.00 ,,,VODDEN ST,5,B43,0868
716687,   274759,1,1,20/08/1996,,WMN,CI,150,597037,6556045,1.1,8.7,0.00 ,,,CLARKSON CT,5,B63,0821
507822,   274742,1,1,14/07/1996,,WMN,DI,150,599531,599163,1.3,8.7,0.00 ,,,KINGSWOOD DR,6,B43,0895
775493,   274740,1,1,10/07/1996,,WMN,DI,300,6566664,598970,1.3,8.7,0.00 ,,,VODDEN ST,6,B44,0896
526323,   282882,1,1,08/07/1996,,WMN,DI,400,599522,599263,4.1,8.7,0.00 ,,,LINKDALE RD,6,B43,0895
526323,   282881,1,1,04/07/1996,,WMN,DI,400,599522,599263,1.3,8.7,0.00 ,,,LINKDALE RD,6,B43,0895
715538,   288258,1,1,29/06/1996,,WMN,PVC,150,601020,6554706,1.3,8.5,0.00 ,,,VICTORY CR,4,Z48W,0653
515937,   274755,1,1,06/05/1996,,WMN,DI,300,592730,592731,1.3,8.7,0.00 ,,,CARAVELLE DR,4,Z40W,0575
507346,   274717,1,1,08/03/1996,,WMN,CI,150,600022,600026,1.3,8.5,0.00 ,,,KINGSMERE CR,5,B41,0814
517673,   274910,1,1,29/02/1996,,WMN,CI,150,602510,602489,1.3,8.5,0.00 ,,,PADSTOW CR,2,Z11,0064
715538,   282879,1,1,30/01/1996,,WMN,PVC,150,601020,6554706,1.3,8.5,0.00 ,,,VICTORY CR,4,Z48W,0653
511827,   274657,1,1,16/01/1996,,WMN,CI,150,597232,597233,1.1,8.5,0.00 ,,,CORE CR,5,B60,0739
516472,   282878,1,1,11/01/1996,,WMN,DI,300,601116,601117,1.3,8.5,0.00 ,,,DREW RD,4,,0652
542553,   274281,1,1,09/01/1996,,WMN,PVC,150,1604025,1603545,1.2,8.1,0.00 ,,,MCCOLL DR,8C,,1774
523161,   274642,1,1,06/01/1996,,WMN,PVC,150,601143,607027,1.1,8.7,0.00 ,,,NORTH ALARTON ST,4,Z49E,0626
525860,   274637,1,1,06/01/1996,,WMN,PVC,150,601145,601144,1.1,8.7,0.00 ,,,NORTH ALARTON ST,4,Z49E,0627
507346,   273369,1,1,29/11/1995,,WMN,CI,150,600022,600026,1.1,8.7,0.00 ,,,KINGSMERE CR,5,B41,0814
885787,   273368,1,1,27/11/1995,,WMN,CI,400,6587864,598957,,8.7,0.00 ,,,CRAWFORD DR,5,B44,0869
507306,   283500,1,1,26/11/1995,,WMN,PVC,150,600034,600036,1.1,8.7,0.00 ,,,CHESTNUT AVE,5,B41,0813
716849,   283495,1,1,20/11/1995,,WMN,AC,150,596757,6556225,1.1,8.7,0.00 ,,,DURHAM CR,5,B64,0770
507306,   273339,1,1,03/06/1995,,WMN,PVC,150,600034,600036,1.1,8.5,0.00 ,,,CHESTNUT AVE,5,B41,0813
511068,   283438,1,1,03/06/1995,,WMN,PVC,150,599995,599996,1.1,8.7,0.00 ,,,MCCLURE AVE,5,B41,0839
884331,   273353,1,1,03/06/1995,,WMN,CI,300,592733,6587571,1.1,8.5,0.00 ,,,ORLANDO DR,4,Z40W,0551
748291,   272582,1,1,29/09/1994,,WMN,DI,150,6563466,598838,1.3,8.5,0.00 ,,,MARCHBANK CR,6,B46,0981
507359,   272575,1,1,16/09/1994,,WMN,CI,150,600038,600027,1.1,8.7,0.00 ,,,GRETNA DR,5,B41,0838
700055,   283145,1,1,29/03/1994,,WMN,CI,250,600658,6539407,1.1,8.5,0.00 ,,,NETHERBRAE RD,4,Z48E,0629
516283,   283136,1,1,10/03/1994,,WMN,CI,200,600649,600945,1.1,8.7,0.00 ,,,MORNING STAR DR,4,Z48E,0656
946599,   272513,1,1,26/02/1994,,WMN,PVC,300,1051851,6592699,1.3,8.7,0.00 ,,,WALKER RD,8B,C04,1890
525860,   272443,1,1,14/02/1994,,WMN,PVC,150,601145,601144,1.3,8.5,0.00 ,,,NORTH ALARTON ST,4,Z49E,0627
516283,   283131,1,1,11/02/1994,,WMN,CI,200,600649,600945,1.1,8.5,0.00 ,,,MORNING STAR DR,4,Z48E,0656
916855,   283128,1,1,06/02/1994,,WMN,CI,300,6588598,596794,1.1,8.7,0.00 ,,,EAST DR,5,B64,0745
512165,   272409,1,1,22/01/1994,,WMN,PVC,150,599447,599725,1.1,8.5,0.00 ,,,MOORE ST,5,B42,0893
781585,   283111,1,1,06/01/1994,,WMN,CI,300,592735,6567159,1.1,8.7,0.00 ,,,ORLANDO DR,4,Z40W,0551
511612,   282619,1,1,13/12/1993,,WMN,DI,200,598566,598609,1.3,8.5,0.00 ,,,GLENVALE BLVD,5,B47,0901
511379,   271781,1,1,06/07/1993,,WMN,DI,150,599353,599351,1.3,8.5,0.00 ,,,ASHURST CR,6,B44,0951
862970,   271125,1,1,19/11/1992,,WMN,DI,300,596940,6583458,1.1,8.7,0.00 ,,,ORENDA RD,5,B62,0767
507348,   271120,1,1,17/10/1992,,WMN,CI,150,600027,600019,,,0.00 ,,,GRETNA DR,5,B41,0838
508547,   271124,1,1,11/10/1992,,WMN,DI,150,598597,598598,1.3,8.5,0.00 ,,,GREENWOOD CR,5,B47,0901
516377,   271050,1,1,24/08/1992,,WMN,DI,250,601007,601000,1.3,8.5,0.00 ,,,LANCASTER AVE,4,Z48W,0654
672095,   271091,1,1,22/07/1992,,WMN,PVC,150,6524265,598146,1.3,8.5,0.00 ,,,GAINSBOROUGH RD,5,B47,0928
746777,   270988,1,1,15/05/1992,,WMN,DI,150,601037,6562804,1.3,8.5,0.00 ,,,CODLIN AVE,4,Z48W,0628
516319,   270984,1,1,02/05/1992,,WMN,DI,150,601057,601058,1.3,8.5,0.00 ,,,REDFOX RD,4,Z48W,0654
658476,   270982,1,1,06/04/1992,,WMN,DI,200,597359,6516267,1.1,,0.00 ,,,HANSEN RD,5,B61,0843
526268,   271085,1,1,12/03/1992,,WMN,DI,150,597372,597369,1.3,8.5,0.00 ,,,ROSEVILLE DR,5,B59,0762
515937,   271123,1,1,11/03/1992,,WMN,DI,300,592730,592731,1.3,8.5,0.00 ,,,CARAVELLE DR,4,Z40W,0575
516319,   268687,1,1,29/12/1991,,WMN,DI,150,601057,601058,1.3,8.5,0.00 ,,,REDFOX RD,4,Z48W,0654
774288,   281807,1,1,23/12/1991,,WMN,DI,150,6566561,6566554,1.1,8.5,0.00 ,,,JEROME CR,5,B47,0955
516319,   268713,1,1,02/12/1991,,WMN,DI,150,601057,601058,1.3,8.5,0.00 ,,,REDFOX RD,4,Z48W,0654
516474,   268686,1,1,28/11/1991,,WMN,DI,300,601121,601122,1.3,8.5,0.00 ,,,BREN RD,4,Z49E,0675
509632,   268685,1,1,21/11/1991,,WMN,DI,300,596883,596861,1.1,8.5,0.00 ,,,ORENDA RD,5,B61,0792
508764,   281813,1,1,10/10/1991,,WMN,DI,200,598226,598345,1.1,8.5,0.00 ,,,JORDAN BLVD,5,B47,0956
509919,   268797,1,1,21/09/1991,,WMN,AC,150,596721,596720,1.1,8.5,0.00 ,,,EDENRIDGE DR,5,B64,0822
781840,   281809,1,1,20/09/1991,,WMN,PVC,250,6567195,596707,1.2,,0.00 ,,,EASTBOURNE DR,5,B64,0823
507303,   268677,1,1,25/07/1991,,WMN,DI,150,600029,600030,1.1,8.5,0.00 ,,,CAMBRIDGE CR,5,B41,0838
516416,   268660,1,1,19/07/1991,,WMN,DI,150,601058,601057,1.3,8.5,0.00 ,,,REINDEER DR,4,Z48W,0654
507350,   268634,1,1,16/04/1991,,WMN,CI,150,600027,600029,1.1,8.7,0.00 ,,,PARKWAY AVE,5,B41,0838
526557,   268601,1,1,12/03/1991,,WMN,CI,150,599725,599481,1.1,,0.00 ,,,MOORE ST,5,B42,0893
516536,   268776,1,1,26/01/1991,,WMN,DI,300,600670,600667,1.1,8.5,0.00 ,,,ANSON DR,4,Z49W,0625
716703,   268756,1,1,20/01/1991,,WMN,CI,150,6556064,597040,1.1,8.5,0.00 ,,,CHILTERN CT,5,B63,0821
863863,   281515,1,1,30/12/1990,,WMN,CI,300,601454,6583656,1.1,8.5,0.00 ,,,DIXIE RD,6,B10,1147
668836,   268026,1,1,06/08/1990,,WMN,DI,250,596803,6523046,1.1,8.2,0.00 ,,,EASTBOURNE DR,5,B64,0797
525442,   281513,1,1,17/03/1990,,WMN,PVC,200,608515,608512,5.1,8.1,0.00 ,,,MAYFIELD RD,6,C01,1244
523164,   268017,1,1,02/03/1990,,WMN,PVC,150,607027,601145,1.1,8.2,0.00 ,,,NORTH ALARTON ST,4,Z49E,0626
700091,   268014,1,1,03/02/1990,,WMN,CI,150,6539425,6539466,1.1,8.2,0.00 ,,,LADDIE CR,4,Z48E,0629
511925,   280563,1,1,14/01/1990,,WMN,DI,300,597053,597056,1.2,8.7,0.00 ,,,DIXIE RD,5,B63,0719
511827,   274833,1,1,09/01/1990,,WMN,CI,150,597232,597233,1.1,8.2,0.00 ,,,CORE CR,5,B60,0739
509695,   272966,1,1,18/12/1989,,WMN,CPP,900,596796,596971,1.1,,0.00 ,,,ORENDA RD,,,0720
755734,   280525,1,1,08/12/1989,,WMN,DI,300,6565670,596339,1.3,,0.00 ,,,CENTRAL PARK DR,5,B63,0821
509924,   272956,1,1,07/12/1989,,WMN,AC,150,596725,596726,1.1,,0.00 ,,,EDENBOROUGH DR,5,B64,0822
717234,   280521,1,1,02/10/1989,,WMN,CPP,400,601124,6556744,1.1,,0.00 ,,,THAMESGATE DR,4,Z49E,0676
717368,   272939,1,1,31/08/1989,,WMN,DI,150,600997,6556906,1.1,,0.00 ,,,CORAL DR,4,Z48W,0653
515972,   272935,1,1,03/07/1989,,WMN,CPP,400,592760,592731,1.3,,0.00 ,,,NORTHWEST DR,4,Z40W,0576
524063,   280513,1,1,22/04/1989,,WMN,CPP,400,607455,601167,1.3,,0.00 ,,,DREW RD,4,Z49W,0625
507738,   280507,1,1,14/04/1989,,WMN,CI,150,599500,599499,1.3,,0.00 ,,,GARFIELD CR,5,B43,0895
510455,   278071,1,1,13/01/1989,,WMN,CPP,400,599518,599510,1.1,,0.00 ,,,KENNEDY RD,5,B43,0868
509632,   272197,1,1,13/09/1988,,WMN,DI,300,596883,596861,1.1,,0.00 ,,,ORENDA RD,5,B61,0792
509417,   272137,1,1,15/08/1988,,WMN,CI,300,597604,597606,1.1,,0.00 ,,,BARTLEY BULL PKWY,5,B60,0740
511867,   272118,1,1,08/01/1988,,WMN,CI,150,597301,597302,1.1,,0.00 ,,,STERNE AVE,5,B60,0790
746777,   270364,1,1,30/12/1987,,WMN,DI,150,601037,6562804,,,0.00 ,,,CODLIN AVE,4,Z48W,0628
511896,   279819,1,1,03/12/1987,,WMN,CI,150,597022,597020,1.1,,0.00 ,,,ALTON CT,5,B63,0796
747694,   270458,1,1,20/10/1987,,WMN,AC,150,6563204,6563207,1.1,,0.00 ,,,FINCHLEY CR,5,B64,0848
882134,   270461,1,1,13/10/1987,,WMN,CI,250,6586966,597126,1.1,,0.00 ,,,BARTLEY BULL PKWY,5,B60,0715
507683,   289514,1,1,10/10/1987,,WMN,DI,150,599537,599535,1.3,8.5,0.00 ,,,NEWTON RD,5,B43,0894
507738,   270451,1,1,26/08/1987,,WMN,CI,150,599500,599499,1.1,,0.00 ,,,GARFIELD CR,5,B43,0895
717357,   270444,1,1,27/06/1987,,WMN,DI,150,600997,6556888,1.3,8.6,0.00 ,,,SILLS RD,4,Z48W,0653
523175,   270420,1,1,29/01/1987,,WMN,CI,300,601079,607030,1.3,8.5,0.00 ,,,MORNING STAR DR,4,,0678
509732,   266629,1,1,09/01/1987,,WMN,CPP,900,596919,596649,1.1,8.7,0.00 ,,,STEELES AVE,,,0720
511827,   269409,1,1,25/10/1986,,WMN,CI,150,597232,597233,1.1,,0.00 ,,,CORE CR,5,B60,0739
916855,   269690,1,1,18/10/1986,,WMN,CI,300,6588598,596794,1.3,8.5,0.00 ,,,EAST DR,5,B64,0745
862970,   279511,1,1,29/08/1986,,WMN,DI,300,596940,6583458,1.1,,0.00 ,,,ORENDA RD,5,B62,0767
511628,   288990,1,1,19/06/1986,,WMN,DI,200,598284,598311,,,0.00 ,,,PROFESSOR'S LAKE PKWY,6,B47,1010
506839,   269683,1,1,19/04/1986,,WMN,DI,150,592378,592315,1.1,,0.00 ,,,SPARKLETT CR,6,B26,1031
509919,   269682,1,1,04/04/1986,,WMN,AC,150,596721,596720,1.1,8.6,0.00 ,,,EDENRIDGE DR,5,B64,0822
516622,   269680,1,1,14/03/1986,,WMN,CPP,400,592727,592726,1.3,8.5,0.00 ,,,NORTHWEST DR,4,,0527
507795,   269661,1,1,27/01/1986,,WMN,PVC,150,599613,599616,1.2,,0.00 ,,,SWENNEN DR,6,B43,0922
507764,   279649,1,1,02/01/1986,,WMN,DI,400,599521,599533,1.1,,0.00 ,,,LINKDALE RD,6,B43,0895
865978,   269792,1,1,01/01/1986,,WMN,CI,150,6584163,601071,1.1,,0.00 ,,,HERMITAGE RD,4,Z48W,0654
717007,   269233,1,1,18/12/1985,,WMN,CI,150,6556406,597020,1.1,,0.00 ,,,AINTREE CR,5,B63,0795
718427,   269232,1,1,11/12/1985,,WMN,DI,150,600965,6558166,1.1,,0.00 ,,,TASMAN CT,4,Z48W,0701
510232,   279420,1,1,06/12/1985,,WMN,PVC,150,596172,596173,2.1,,0.00 ,,,SUGAR CREEK LANE,5,B76,0667
716913,   269326,1,1,29/03/1985,,WMN,CI,150,6556351,596635,1.1,,0.00 ,,,AVA CT,5,B63,0744
916855,   269323,1,1,25/03/1985,,WMN,CI,300,6588598,596794,1.3,8.5,0.00 ,,,EAST DR,5,B64,0745
716849,   269319,1,1,26/02/1985,,WMN,AC,150,596757,6556225,1.1,,0.00 ,,,DURHAM CR,5,B64,0770
716913,   269312,1,1,07/01/1985,,WMN,CI,150,6556351,596635,1.1,,0.00 ,,,AVA CT,5,B63,0744
510265,   268850,1,1,31/12/1984,,WMN,DI,150,596167,596164,1.2,8.2,0.00 ,,,MOSSBANK DR,5,B76,0667
516622,   268847,1,1,30/12/1984,,WMN,CPP,400,592727,592726,1.3,8.5,0.00 ,,,NORTHWEST DR,4,,0527
511548,   268845,1,1,26/12/1984,,WMN,DI,150,598626,598625,5.2,8.2,0.00 ,,,GRASSMERE CR,5,B47,0900
691408,   268836,1,1,09/10/1984,,WMN,DI,200,6532430,597357,1.1,,0.00 ,,,ORENDA RD,5,B61,0817
698224,   279146,1,1,14/07/1984,,WMN,CI,200,600945,6538164,1.3,8.5,0.00 ,,,MORNING STAR DR,4,Z48E,0656
511896,   268834,1,1,14/07/1984,,WMN,CI,150,597022,597020,1.1,,0.00 ,,,ALTON CT,5,B63,0796
883567,   279144,1,1,08/02/1984,,WMN,CI,150,601074,6587286,1.1,8.7,0.00 ,,,HERMITAGE RD,4,Z48W,0654
509864,   268293,1,1,16/01/1984,,WMN,AC,150,596721,596722,1.1,8.6,0.00 ,,,EARLSDALE CR,5,B64,0822
509417,   279143,1,1,14/01/1984,,WMN,CI,300,597604,597606,1.3,8.5,0.00 ,,,BARTLEY BULL PKWY,5,B60,0740
716849,   268212,1,1,03/01/1984,,WMN,AC,150,596757,6556225,1.1,,0.00 ,,,DURHAM CR,5,B64,0770
885815,   268005,1,1,12/09/1983,,WMN,DI,150,6587871,598954,1.1,8.7,0.00 ,,,SUTHERLAND AVE,5,B44,0869
526395,   267995,1,1,05/06/1983,,WMN,CPP,900,596823,596795,1.2,8.6,0.00 ,,,EAST DR,,,0746
508559,   267994,1,1,06/05/1983,,WMN,COPP,50,598129,598127,5.1,,0.00 ,,,GREENFIELD SQ,5,B47,0900
700091,   267993,1,1,25/04/1983,,WMN,CI,150,6539425,6539466,1.1,,0.00 ,,,LADDIE CR,4,Z48E,0629
517070,   279048,1,1,17/02/1983,,WMN,CI,150,601978,601979,1.1,8.6,0.00 ,,,PENFIELD RD,1,Z09,0085
511896,   279046,1,1,05/02/1983,,WMN,CI,150,597022,597020,1.1,8.6,0.00 ,,,ALTON CT,5,B63,0796
547372,   269316,1,1,25/01/1983,,WMN,CI,200,597014,597017,1.1,,0.00 ,,,ADDINGTON CR,5,B63,0795
778487,   279045,1,1,17/01/1983,,WMN,CI,150,6566822,1069098,1.1,8.6,0.00 ,,,HARDWICK DR,5,B60,0790
716849,   267949,1,1,06/01/1983,,WMN,AC,150,596757,6556225,1.1,8.2,0.00 ,,,DURHAM CR,5,B64,0770
511827,   278856,1,1,14/12/1982,,WMN,CI,150,597232,597233,1.1,8.6,0.00 ,,,CORE CR,5,B60,0739
511475,   278855,1,1,15/11/1982,,WMN,DI,150,598399,598400,3.2,,0.00 ,,,HILLDALE CR,5,B46,0899
508572,   267694,1,1,13/03/1982,,WMN,DI,150,598167,598168,5.1,,0.00 ,,,GREENDALE PL,5,B47,0927
510868,   267299,1,1,28/12/1981,,WMN,DI,150,592296,592295,1.1,,0.00 ,,,RAWLING CR,6,B26,1088
507827,   278702,1,1,28/09/1981,,WMN,DI,150,599168,599167,5.2,8.1,0.00 ,,,SKEGBY RD,6,B43,0922
716703,   278701,1,1,25/06/1981,,WMN,CI,150,6556064,597040,1.1,,0.00 ,,,CHILTERN CT,5,B63,0821
508909,   267252,1,1,04/03/1981,,WMN,PVC,150,597651,597652,,,0.00 ,,,PICKARD LANE,5,B58,0689
712561,   267250,1,1,04/03/1981,,WMN,CPP,500,592750,6550987,,,0.00 ,,,AIRPORT RD,4,Z41E,0601
791907,   266985,1,1,26/11/1980,,WMN,CI,300,6569426,597112,1.1,,0.00 ,,,BARTLEY BULL PKWY,5,B60,0716
716849,   266972,1,1,14/09/1980,,WMN,AC,150,596757,6556225,1.1,,0.00 ,,,DURHAM CR,5,B64,0770
509678,   278657,1,1,23/07/1980,,WMN,DI,200,596962,596937,2.1,8.1,0.00 ,,,TILBURY CT,5,B62,0793
