FID,condition_model,Criticality_SCR,Condition_Score,criticality_model
0,280,30,280,30
1,320,90,320,90
2,160,90,160,90
3,200,120,200,120
4,200,30,200,30
5,200,30,200,30
6,200,30,200,30
7,200,30,200,30
8,320,210,320,210
9,200,210,200,210
10,360,210,360,210
11,200,210,200,210
12,400,210,400,210
13,200,210,200,210
14,360,120,360,120
15,320,120,320,120
16,240,120,240,120
17,320,120,320,120
18,160,210,160,210
19,200,30,200,30
20,360,210,360,210
21,200,120,200,120
22,240,120,240,120
23,200,120,200,120
24,200,120,200,120
25,200,30,200,30
26,240,30,240,30
27,240,30,240,30
28,240,30,240,30
29,200,180,200,180
30,240,180,240,180
31,280,180,280,180
32,240,180,240,180
33,280,180,280,180
34,240,180,240,180
35,320,210,320,210
36,240,210,240,210
37,320,210,320,210
38,240,210,240,210
39,360,210,360,210
40,320,120,320,120
41,320,180,320,180
42,320,180,320,180
43,160,30,160,30
44,320,30,320,30
45,200,30,200,30
46,200,30,200,30
47,240,30,240,30
48,320,210,320,210
49,160,210,160,210
50,160,210,160,210
51,200,210,200,210
52,160,210,160,210
53,160,210,160,210
54,160,210,160,210
55,160,210,160,210
56,160,210,160,210
57,200,210,200,210
58,160,210,160,210
59,320,210,320,210
60,320,210,320,210
61,120,210,120,210
62,160,210,160,210
63,200,210,200,210
64,160,30,160,30
65,120,30,120,30
66,240,210,240,210
67,240,210,240,210
68,280,210,280,210
69,200,210,200,210
70,240,210,240,210
71,160,210,160,210
72,240,30,240,30
73,160,120,160,120
74,320,120,320,120
75,160,120,160,120
76,160,120,160,120
77,200,120,200,120
78,240,30,240,30
79,240,30,240,30
80,280,30,280,30
81,240,30,240,30
82,120,90,120,90
83,120,30,120,30
84,160,30,160,30
85,120,30,120,30
86,120,30,120,30
87,120,30,120,30
88,120,30,120,30
89,120,30,120,30
90,120,30,120,30
91,200,30,200,30
92,160,120,160,120
93,160,120,160,120
94,240,120,240,120
95,240,120,240,120
96,240,120,240,120
97,200,120,200,120
98,160,30,160,30
99,160,120,160,120
100,200,30,200,30
101,160,30,160,30
102,280,120,280,120
103,160,30,160,30
104,160,30,160,30
105,120,90,120,90
106,120,90,120,90
107,120,90,120,90
108,120,30,120,30
109,280,30,280,30
110,160,30,160,30
111,160,120,160,120
112,200,120,200,120
113,160,30,160,30
114,160,30,160,30
115,360,90,360,90
116,160,30,160,30
117,160,30,160,30
118,160,30,160,30
119,200,30,200,30
120,160,30,160,30
121,120,30,120,30
122,200,30,200,30
123,360,30,360,30
124,120,90,120,90
125,120,90,120,90
126,120,90,120,90
127,120,90,120,90
128,120,90,120,90
129,120,90,120,90
130,240,210,240,210
131,160,210,160,210
132,280,210,280,210
133,160,120,160,120
134,160,120,160,120
135,160,120,160,120
136,160,120,160,120
137,160,30,160,30
138,160,30,160,30
139,240,30,240,30
140,160,30,160,30
141,280,30,280,30
142,160,30,160,30
143,160,30,160,30
144,160,30,160,30
145,200,30,200,30
146,160,30,160,30
147,240,30,240,30
148,160,30,160,30
149,240,30,240,30
150,200,30,200,30
151,280,30,280,30
152,120,30,120,30
153,160,30,160,30
154,160,30,160,30
155,320,210,320,210
156,200,210,200,210
157,160,210,160,210
158,280,210,280,210
159,240,210,240,210
160,160,210,160,210
161,240,210,240,210
162,160,210,160,210
163,240,210,240,210
164,280,210,280,210
165,160,210,160,210
166,320,210,320,210
167,280,210,280,210
168,280,210,280,210
169,160,210,160,210
170,160,210,160,210
171,360,210,360,210
172,320,210,320,210
173,160,210,160,210
174,160,210,160,210
175,80,210,80,210
176,240,210,240,210
177,160,210,160,210
178,240,210,240,210
179,240,210,240,210
180,160,210,160,210
181,200,30,200,30
182,160,30,160,30
183,160,30,160,30
184,160,210,160,210
185,160,210,160,210
186,200,210,200,210
187,160,210,160,210
188,200,210,200,210
189,160,210,160,210
190,160,210,160,210
191,160,210,160,210
192,160,210,160,210
193,200,210,200,210
194,240,210,240,210
195,160,210,160,210
196,160,210,160,210
197,120,210,120,210
198,160,210,160,210
199,160,210,160,210
200,160,210,160,210
201,160,210,160,210
202,160,210,160,210
203,160,210,160,210
204,160,210,160,210
205,160,210,160,210
206,200,210,200,210
207,160,210,160,210
208,160,210,160,210
209,160,210,160,210
210,160,30,160,30
211,160,30,160,30
212,160,30,160,30
213,200,30,200,30
214,240,120,240,120
215,160,120,160,120
216,240,120,240,120
217,160,30,160,30
218,160,30,160,30
219,160,30,160,30
220,160,30,160,30
221,240,30,240,30
222,240,120,240,120
223,200,30,200,30
224,320,30,320,30
225,160,30,160,30
226,200,30,200,30
227,200,210,200,210
228,200,210,200,210
229,160,210,160,210
230,240,30,240,30
231,200,120,200,120
232,160,120,160,120
233,160,30,160,30
234,240,30,240,30
235,320,30,320,30
236,240,120,240,120
237,200,120,200,120
238,240,120,240,120
239,200,120,200,120
240,160,30,160,30
241,160,210,160,210
242,160,210,160,210
243,160,210,160,210
244,160,210,160,210
245,160,210,160,210
246,160,210,160,210
247,160,210,160,210
248,240,210,240,210
249,160,210,160,210
250,160,30,160,30
251,280,210,280,210
252,200,210,200,210
253,120,30,120,30
254,160,120,160,120
255,240,210,240,210
256,160,210,160,210
257,200,210,200,210
258,160,210,160,210
259,200,210,200,210
260,240,210,240,210
261,240,210,240,210
262,160,210,160,210
263,240,210,240,210
264,200,210,200,210
265,160,210,160,210
266,120,90,120,90
267,160,210,160,210
268,120,30,120,30
269,120,30,120,30
270,160,30,160,30
271,200,30,200,30
272,120,30,120,30
273,120,30,120,30
274,360,30,360,30
275,320,30,320,30
276,160,120,160,120
277,120,120,120,120
278,160,120,160,120
279,120,120,120,120
280,120,30,120,30
281,120,30,120,30
282,120,30,120,30
283,120,30,120,30
284,120,120,120,120
285,120,120,120,120
286,120,120,120,120
287,160,120,160,120
288,200,120,200,120
289,120,120,120,120
290,200,120,200,120
291,120,120,120,120
292,160,120,160,120
293,120,120,120,120
294,120,120,120,120
295,160,120,160,120
296,120,120,120,120
297,120,120,120,120
298,160,120,160,120
299,120,90,120,90
300,120,90,120,90
301,120,90,120,90
302,120,90,120,90
303,120,90,120,90
304,120,90,120,90
305,200,210,200,210
306,120,30,120,30
307,160,30,160,30
308,120,30,120,30
309,120,30,120,30
310,120,30,120,30
311,240,120,240,120
312,160,120,160,120
313,200,30,200,30
314,200,120,200,120
315,160,30,160,30
316,120,30,120,30
317,120,30,120,30
318,200,30,200,30
319,200,30,200,30
320,280,30,280,30
321,120,30,120,30
322,120,30,120,30
323,120,30,120,30
324,120,30,120,30
325,120,120,120,120
326,200,30,200,30
327,120,30,120,30
328,320,120,320,120
329,240,30,240,30
330,120,30,120,30
331,120,30,120,30
332,160,30,160,30
333,160,30,160,30
334,120,30,120,30
335,200,30,200,30
336,160,30,160,30
337,120,30,120,30
338,240,30,240,30
339,200,30,200,30
340,280,30,280,30
341,200,30,200,30
342,160,30,160,30
343,120,30,120,30
344,120,30,120,30
345,120,30,120,30
346,120,30,120,30
347,120,30,120,30
348,120,30,120,30
349,120,30,120,30
350,120,30,120,30
351,120,30,120,30
352,120,30,120,30
353,120,30,120,30
354,120,30,120,30
355,120,30,120,30
356,120,90,120,90
357,120,30,120,30
358,160,30,160,30
359,120,30,120,30
360,120,30,120,30
361,120,30,120,30
362,120,30,120,30
363,120,30,120,30
364,120,30,120,30
365,120,30,120,30
366,120,30,120,30
367,120,30,120,30
368,200,30,200,30
369,120,30,120,30
370,120,30,120,30
371,240,210,240,210
372,240,210,240,210
373,200,210,200,210
374,80,210,80,210
375,200,120,200,120
376,200,120,200,120
377,40,210,40,210
378,120,90,120,90
379,240,90,240,90
380,240,30,240,30
381,240,30,240,30
382,240,30,240,30
383,120,30,120,30
384,120,30,120,30
385,160,30,160,30
386,160,30,160,30
387,160,30,160,30
388,160,30,160,30
389,120,120,120,120
390,120,120,120,120
391,120,120,120,120
392,160,120,160,120
393,200,90,200,90
394,200,90,200,90
395,200,90,200,90
396,200,90,200,90
397,120,120,120,120
398,240,210,240,210
399,240,210,240,210
400,120,30,120,30
401,160,30,160,30
402,240,120,240,120
403,240,120,240,120
404,120,90,120,90
405,160,120,160,120
406,120,120,120,120
407,120,120,120,120
408,120,120,120,120
409,120,120,120,120
410,120,120,120,120
411,120,90,120,90
412,120,90,120,90
413,120,90,120,90
414,120,90,120,90
415,120,90,120,90
416,120,90,120,90
417,120,90,120,90
418,120,90,120,90
419,120,90,120,90
420,120,90,120,90
421,200,210,200,210
422,160,210,160,210
423,120,210,120,210
424,120,210,120,210
425,160,210,160,210
426,200,30,200,30
427,200,30,200,30
428,160,30,160,30
429,120,30,120,30
430,200,30,200,30
431,240,30,240,30
432,200,120,200,120
433,120,90,120,90
434,120,90,120,90
435,240,210,240,210
436,320,210,320,210
437,280,210,280,210
438,320,210,320,210
439,160,30,160,30
440,200,210,200,210
441,200,210,200,210
442,120,210,120,210
443,200,210,200,210
444,200,210,200,210
445,240,120,240,120
446,200,120,200,120
447,120,30,120,30
448,120,30,120,30
449,200,90,200,90
450,160,90,160,90
451,160,90,160,90
452,160,90,160,90
453,160,210,160,210
454,200,210,200,210
455,120,30,120,30
456,160,30,160,30
457,160,120,160,120
458,160,120,160,120
459,120,30,120,30
460,160,210,160,210
461,160,30,160,30
462,160,30,160,30
463,160,210,160,210
464,200,210,200,210
465,120,30,120,30
466,120,30,120,30
467,120,30,120,30
468,120,30,120,30
469,200,30,200,30
470,320,210,320,210
471,160,210,160,210
472,200,210,200,210
473,160,210,160,210
474,200,30,200,30
475,160,30,160,30
476,200,30,200,30
477,160,30,160,30
478,280,120,280,120
479,160,30,160,30
480,200,120,200,120
481,200,120,200,120
482,160,30,160,30
483,160,210,160,210
484,160,210,160,210
485,160,210,160,210
486,160,210,160,210
487,120,30,120,30
488,120,30,120,30
489,160,30,160,30
490,160,30,160,30
491,160,30,160,30
492,200,30,200,30
493,160,30,160,30
494,160,30,160,30
495,200,30,200,30
496,280,120,280,120
497,200,30,200,30
498,200,30,200,30
499,200,120,200,120
500,200,120,200,120
501,160,120,160,120
502,160,210,160,210
503,160,210,160,210
504,120,210,120,210
505,120,210,120,210
506,160,210,160,210
507,240,120,240,120
508,200,120,200,120
509,160,120,160,120
510,200,120,200,120
511,240,210,240,210
512,200,210,200,210
513,160,210,160,210
514,200,210,200,210
515,160,210,160,210
516,200,210,200,210
517,160,210,160,210
518,160,210,160,210
519,320,210,320,210
520,200,210,200,210
521,160,210,160,210
522,160,210,160,210
523,200,210,200,210
524,160,210,160,210
525,280,210,280,210
526,120,210,120,210
527,120,210,120,210
528,120,210,120,210
529,120,210,120,210
530,120,210,120,210
531,120,210,120,210
532,120,210,120,210
533,120,210,120,210
534,120,210,120,210
535,120,210,120,210
536,120,210,120,210
537,120,210,120,210
538,120,210,120,210
539,240,210,240,210
540,360,210,360,210
541,240,210,240,210
542,200,210,200,210
543,200,120,200,120
544,120,120,120,120
545,120,120,120,120
546,240,30,240,30
547,120,120,120,120
548,120,120,120,120
549,320,120,320,120
550,240,120,240,120
551,160,120,160,120
552,120,120,120,120
553,320,120,320,120
554,160,30,160,30
555,160,30,160,30
556,160,30,160,30
557,160,30,160,30
558,160,30,160,30
559,200,30,200,30
560,200,30,200,30
561,200,30,200,30
562,200,30,200,30
563,200,30,200,30
564,200,30,200,30
565,200,30,200,30
566,120,30,120,30
567,200,210,200,210
568,160,210,160,210
569,160,210,160,210
570,160,210,160,210
571,160,210,160,210
572,160,210,160,210
573,200,210,200,210
574,160,210,160,210
575,160,210,160,210
576,160,210,160,210
577,200,210,200,210
578,200,210,200,210
579,360,210,360,210
580,200,210,200,210
581,200,210,200,210
582,240,210,240,210
583,200,210,200,210
584,280,210,280,210
585,320,210,320,210
586,200,210,200,210
587,200,210,200,210
588,200,210,200,210
589,160,210,160,210
590,160,210,160,210
591,320,210,320,210
592,280,210,280,210
593,280,210,280,210
594,160,210,160,210
595,160,210,160,210
596,160,210,160,210
597,160,210,160,210
598,160,210,160,210
599,320,210,320,210
600,320,210,320,210
601,240,210,240,210
602,200,210,200,210
603,160,210,160,210
604,240,210,240,210
605,120,210,120,210
606,120,210,120,210
607,120,210,120,210
608,120,210,120,210
609,120,210,120,210
610,160,210,160,210
611,160,210,160,210
612,200,210,200,210
613,200,210,200,210
614,200,210,200,210
615,160,210,160,210
616,160,210,160,210
617,160,210,160,210
618,200,210,200,210
619,200,210,200,210
620,240,210,240,210
621,240,210,240,210
622,160,210,160,210
623,160,210,160,210
624,200,210,200,210
625,160,210,160,210
626,200,210,200,210
627,200,210,200,210
628,200,210,200,210
629,200,210,200,210
630,120,210,120,210
631,120,210,120,210
632,120,210,120,210
633,200,210,200,210
634,200,210,200,210
635,240,210,240,210
636,200,210,200,210
637,120,120,120,120
638,160,210,160,210
639,120,210,120,210
640,120,210,120,210
641,200,30,200,30
642,120,210,120,210
643,120,210,120,210
644,120,210,120,210
645,120,210,120,210
646,120,210,120,210
647,120,210,120,210
648,160,210,160,210
649,160,210,160,210
650,160,210,160,210
651,160,210,160,210
652,160,210,160,210
653,120,210,120,210
654,120,210,120,210
655,200,210,200,210
656,160,210,160,210
657,160,210,160,210
658,200,210,200,210
659,160,210,160,210
660,200,210,200,210
661,200,210,200,210
662,160,210,160,210
663,160,210,160,210
664,160,210,160,210
665,120,210,120,210
666,120,210,120,210
667,280,120,280,120
668,120,30,120,30
669,240,120,240,120
670,240,210,240,210
671,120,210,120,210
672,120,210,120,210
673,200,210,200,210
674,120,120,120,120
675,120,120,120,120
676,160,30,160,30
677,120,30,120,30
678,120,30,120,30
679,160,30,160,30
680,200,30,200,30
681,200,30,200,30
682,160,180,160,180
683,120,30,120,30
684,120,30,120,30
685,120,30,120,30
686,120,30,120,30
687,160,210,160,210
688,200,210,200,210
689,160,210,160,210
690,160,210,160,210
691,160,210,160,210
692,160,210,160,210
693,280,210,280,210
694,240,210,240,210
695,240,210,240,210
696,160,210,160,210
697,160,210,160,210
698,200,210,200,210
699,200,210,200,210
700,160,30,160,30
701,120,120,120,120
702,200,30,200,30
703,200,30,200,30
704,120,30,120,30
705,120,30,120,30
706,120,210,120,210
707,120,210,120,210
708,240,210,240,210
709,280,210,280,210
710,200,210,200,210
711,200,210,200,210
712,200,210,200,210
713,160,210,160,210
714,320,210,320,210
715,280,210,280,210
716,240,30,240,30
717,200,210,200,210
718,200,210,200,210
719,160,30,160,30
720,160,30,160,30
721,160,210,160,210
722,160,210,160,210
723,160,210,160,210
724,280,30,280,30
725,160,240,160,240
726,160,270,160,270
727,160,270,160,270
728,160,270,160,270
729,160,180,160,180
730,160,180,160,180
731,160,180,160,180
732,160,270,160,270
733,240,180,240,180
734,360,180,360,180
735,280,180,280,180
736,240,180,240,180
737,160,180,160,180
738,160,180,160,180
739,160,180,160,180
740,160,180,160,180
741,160,180,160,180
742,160,180,160,180
743,160,180,160,180
744,160,180,160,180
745,200,180,200,180
746,160,180,160,180
747,200,180,200,180
748,160,180,160,180
749,160,180,160,180
750,200,270,200,270
751,240,270,240,270
752,240,150,240,150
753,120,180,120,180
754,120,180,120,180
755,120,180,120,180
756,120,180,120,180
757,360,180,360,180
758,160,180,160,180
759,160,180,160,180
760,160,180,160,180
761,200,180,200,180
762,200,180,200,180
763,160,180,160,180
764,160,180,160,180
765,280,150,280,150
766,280,180,280,180
767,320,180,320,180
768,120,180,120,180
769,200,270,200,270
770,160,270,160,270
771,160,180,160,180
772,160,180,160,180
773,160,180,160,180
774,160,180,160,180
775,160,180,160,180
776,120,180,120,180
777,160,180,160,180
778,200,180,200,180
779,320,60,320,60
780,160,270,160,270
781,160,180,160,180
782,200,180,200,180
783,120,270,120,270
784,120,180,120,180
785,120,180,120,180
786,120,180,120,180
787,120,180,120,180
788,160,180,160,180
789,160,180,160,180
790,160,180,160,180
791,120,240,120,240
792,320,270,320,270
793,200,180,200,180
794,120,180,120,180
795,160,180,160,180
796,240,270,240,270
797,120,180,120,180
798,120,270,120,270
799,160,180,160,180
800,160,180,160,180
801,160,180,160,180
802,200,180,200,180
803,160,180,160,180
804,160,180,160,180
805,240,180,240,180
806,240,180,240,180
807,200,180,200,180
808,200,60,200,60
809,200,180,200,180
810,160,180,160,180
811,200,180,200,180
812,200,180,200,180
813,200,180,200,180
814,160,180,160,180
815,120,180,120,180
816,120,180,120,180
817,120,180,120,180
818,120,180,120,180
819,160,180,160,180
820,120,180,120,180
821,120,180,120,180
822,200,270,200,270
823,160,270,160,270
824,200,270,200,270
825,160,270,160,270
826,160,270,160,270
827,160,270,160,270
828,160,270,160,270
829,280,180,280,180
830,160,270,160,270
831,200,270,200,270
832,160,270,160,270
833,240,180,240,180
834,200,180,200,180
835,80,180,80,180
836,240,180,240,180
837,200,180,200,180
838,160,180,160,180
839,200,180,200,180
840,120,270,120,270
841,120,270,120,270
842,160,270,160,270
843,160,270,160,270
844,120,180,120,180
845,120,180,120,180
846,120,180,120,180
847,160,180,160,180
848,200,180,200,180
849,200,270,200,270
850,200,270,200,270
851,280,270,280,270
852,280,270,280,270
853,240,270,240,270
854,200,270,200,270
855,160,270,160,270
856,120,270,120,270
857,120,270,120,270
858,120,270,120,270
859,120,270,120,270
860,120,270,120,270
861,120,270,120,270
862,120,270,120,270
863,120,270,120,270
864,200,270,200,270
865,120,270,120,270
866,120,270,120,270
867,120,270,120,270
868,120,270,120,270
869,120,270,120,270
870,160,270,160,270
871,200,270,200,270
872,160,270,160,270
873,120,270,120,270
874,120,270,120,270
875,200,270,200,270
876,200,270,200,270
877,400,120,400,120
878,280,120,280,120
879,240,30,240,30
880,240,30,240,30
881,240,30,240,30
882,320,120,320,120
883,280,120,280,120
884,320,120,320,120
885,320,120,320,120
886,280,270,280,270
887,120,270,120,270
888,160,270,160,270
889,160,270,160,270
890,200,270,200,270
891,200,270,200,270
892,200,270,200,270
893,240,270,240,270
894,200,270,200,270
895,160,270,160,270
896,160,270,160,270
897,160,270,160,270
898,160,270,160,270
899,200,270,200,270
900,160,180,160,180
901,160,30,160,30
902,160,120,160,120
903,120,120,120,120
904,200,30,200,30
905,320,120,320,120
906,160,210,160,210
907,120,270,120,270
908,120,210,120,210
909,240,30,240,30
910,120,180,120,180
911,320,120,320,120
912,280,210,280,210
913,120,180,120,180
914,280,30,280,30
915,240,120,240,120
916,240,120,240,120
917,280,30,280,30
918,240,210,240,210
919,200,270,200,270
920,200,180,200,180
921,360,180,360,180
922,200,180,200,180
923,280,180,280,180
924,160,270,160,270
925,160,270,160,270
926,160,270,160,270
927,120,270,120,270
928,160,270,160,270
929,160,270,160,270
930,120,270,120,270
931,240,30,240,30
932,280,120,280,120
933,160,210,160,210
934,160,210,160,210
935,200,210,200,210
936,160,210,160,210
937,280,180,280,180
938,200,180,200,180
939,240,210,240,210
940,240,270,240,270
941,120,120,120,120
942,160,120,160,120
943,240,30,240,30
944,200,180,200,180
945,240,180,240,180
946,160,180,160,180
947,200,270,200,270
948,160,270,160,270
949,320,270,320,270
950,280,210,280,210
951,240,210,240,210
952,160,180,160,180
953,160,270,160,270
954,400,270,400,270
955,120,270,120,270
956,320,30,320,30
957,280,0,280,0
958,280,210,280,210
959,440,180,440,180
960,280,210,280,210
961,120,210,120,210
962,240,0,240,0
963,240,180,240,180
964,400,180,400,180
965,280,180,280,180
966,400,180,400,180
967,160,30,160,30
968,240,210,240,210
969,360,180,360,180
970,240,180,240,180
971,240,180,240,180
972,280,180,280,180
973,320,180,320,180
974,240,180,240,180
975,320,180,320,180
976,240,180,240,180
977,280,180,280,180
978,200,180,200,180
979,400,180,400,180
980,360,180,360,180
981,280,180,280,180
982,240,180,240,180
983,360,180,360,180
984,240,180,240,180
985,320,180,320,180
986,440,180,440,180
987,200,210,200,210
988,320,210,320,210
989,160,210,160,210
990,200,120,200,120
991,200,120,200,120
992,200,120,200,120
993,200,120,200,120
994,200,120,200,120
995,240,30,240,30
996,240,30,240,30
997,240,30,240,30
998,240,30,240,30
999,280,30,280,30
1000,280,210,280,210
1001,240,210,240,210
1002,400,30,400,30
1003,480,30,480,30
1004,240,210,240,210
1005,360,210,360,210
1006,240,210,240,210
1007,280,210,280,210
1008,240,210,240,210
1009,320,210,320,210
1010,320,210,320,210
1011,280,210,280,210
1012,240,210,240,210
1013,160,210,160,210
1014,320,210,320,210
1015,240,210,240,210
1016,280,210,280,210
1017,280,210,280,210
1018,240,210,240,210
1019,200,210,200,210
1020,240,210,240,210
1021,280,210,280,210
1022,200,210,200,210
1023,280,210,280,210
1024,320,210,320,210
1025,320,210,320,210
1026,200,210,200,210
1027,200,210,200,210
1028,200,210,200,210
1029,240,210,240,210
1030,280,210,280,210
1031,160,210,160,210
1032,160,210,160,210
1033,280,210,280,210
1034,200,210,200,210
1035,240,210,240,210
1036,280,210,280,210
1037,120,210,120,210
1038,280,210,280,210
1039,240,210,240,210
1040,200,210,200,210
1041,200,210,200,210
1042,360,210,360,210
1043,280,210,280,210
1044,440,210,440,210
1045,160,210,160,210
1046,120,210,120,210
1047,200,210,200,210
1048,200,210,200,210
1049,160,210,160,210
1050,240,210,240,210
1051,320,210,320,210
1052,80,210,80,210
1053,280,210,280,210
1054,240,210,240,210
1055,360,210,360,210
1056,440,270,440,270
1057,320,270,320,270
1058,240,210,240,210
1059,240,210,240,210
1060,280,210,280,210
1061,280,210,280,210
1062,400,210,400,210
1063,240,210,240,210
1064,240,210,240,210
1065,320,210,320,210
1066,320,210,320,210
1067,240,210,240,210
1068,320,210,320,210
1069,360,210,360,210
1070,240,210,240,210
1071,240,210,240,210
1072,280,210,280,210
1073,440,210,440,210
1074,280,210,280,210
1075,360,210,360,210
1076,280,210,280,210
1077,200,210,200,210
1078,200,210,200,210
1079,200,210,200,210
1080,240,210,240,210
1081,240,210,240,210
1082,240,210,240,210
1083,360,210,360,210
1084,320,210,320,210
1085,320,210,320,210
1086,320,210,320,210
1087,360,210,360,210
1088,280,210,280,210
1089,360,210,360,210
1090,200,210,200,210
1091,200,210,200,210
1092,320,210,320,210
1093,280,210,280,210
1094,280,210,280,210
1095,240,210,240,210
1096,240,210,240,210
1097,360,210,360,210
1098,240,210,240,210
1099,240,210,240,210
1100,240,210,240,210
1101,240,210,240,210
1102,280,210,280,210
1103,280,210,280,210
1104,400,210,400,210
1105,200,210,200,210
1106,240,210,240,210
1107,280,210,280,210
1108,240,210,240,210
1109,200,210,200,210
1110,320,210,320,210
1111,360,210,360,210
1112,200,210,200,210
1113,200,210,200,210
1114,320,210,320,210
1115,320,210,320,210
1116,200,210,200,210
1117,240,210,240,210
1118,320,210,320,210
1119,160,210,160,210
1120,320,210,320,210
1121,240,210,240,210
1122,280,210,280,210
1123,240,210,240,210
1124,280,210,280,210
1125,320,210,320,210
1126,120,210,120,210
1127,280,210,280,210
1128,320,210,320,210
1129,360,210,360,210
1130,320,210,320,210
1131,440,210,440,210
1132,360,210,360,210
1133,240,210,240,210
1134,280,210,280,210
1135,240,30,240,30
1136,160,30,160,30
1137,200,30,200,30
1138,160,30,160,30
1139,200,30,200,30
1140,160,120,160,120
1141,160,120,160,120
1142,200,120,200,120
1143,160,30,160,30
1144,200,30,200,30
1145,160,120,160,120
1146,160,120,160,120
1147,160,120,160,120
1148,280,120,280,120
1149,320,30,320,30
1150,200,210,200,210
1151,280,30,280,30
1152,200,120,200,120
1153,200,120,200,120
1154,200,120,200,120
1155,200,120,200,120
1156,200,120,200,120
1157,200,120,200,120
1158,160,120,160,120
1159,280,210,280,210
1160,200,120,200,120
1161,200,120,200,120
1162,200,210,200,210
1163,200,120,200,120
1164,200,120,200,120
1165,200,120,200,120
1166,280,30,280,30
1167,360,30,360,30
1168,200,30,200,30
1169,200,30,200,30
1170,200,30,200,30
1171,160,30,160,30
1172,240,30,240,30
1173,200,30,200,30
1174,160,30,160,30
1175,160,30,160,30
1176,200,120,200,120
1177,200,120,200,120
1178,160,30,160,30
1179,160,30,160,30
1180,200,120,200,120
1181,160,210,160,210
1182,120,210,120,210
1183,240,210,240,210
1184,200,210,200,210
1185,200,210,200,210
1186,200,210,200,210
1187,200,210,200,210
1188,200,210,200,210
1189,160,210,160,210
1190,200,210,200,210
1191,280,210,280,210
1192,240,210,240,210
1193,200,210,200,210
1194,320,210,320,210
1195,280,210,280,210
1196,120,210,120,210
1197,280,210,280,210
1198,240,210,240,210
1199,240,210,240,210
1200,360,210,360,210
1201,240,210,240,210
1202,280,210,280,210
1203,280,210,280,210
1204,200,210,200,210
1205,280,210,280,210
1206,200,210,200,210
1207,200,210,200,210
1208,280,210,280,210
1209,240,210,240,210
1210,280,210,280,210
1211,280,210,280,210
1212,280,210,280,210
1213,360,210,360,210
1214,200,210,200,210
1215,280,210,280,210
1216,200,210,200,210
1217,240,210,240,210
1218,160,210,160,210
1219,280,210,280,210
1220,200,210,200,210
1221,240,210,240,210
1222,240,210,240,210
1223,280,210,280,210
1224,160,210,160,210
1225,200,210,200,210
1226,360,210,360,210
1227,280,210,280,210
1228,200,210,200,210
1229,160,210,160,210
1230,200,210,200,210
1231,240,210,240,210
1232,200,210,200,210
1233,120,210,120,210
1234,120,210,120,210
1235,120,210,120,210
1236,240,210,240,210
1237,320,210,320,210
1238,160,210,160,210
1239,160,210,160,210
1240,200,210,200,210
1241,160,210,160,210
1242,160,210,160,210
1243,320,210,320,210
1244,200,210,200,210
1245,160,210,160,210
1246,160,210,160,210
1247,200,210,200,210
1248,120,210,120,210
1249,160,210,160,210
1250,280,210,280,210
1251,120,210,120,210
1252,120,210,120,210
1253,240,210,240,210
1254,160,210,160,210
1255,200,210,200,210
1256,360,210,360,210
1257,120,210,120,210
1258,200,210,200,210
1259,240,210,240,210
1260,280,210,280,210
1261,160,210,160,210
1262,200,210,200,210
1263,120,210,120,210
1264,120,210,120,210
1265,160,210,160,210
1266,160,210,160,210
1267,160,210,160,210
1268,120,210,120,210
1269,160,210,160,210
1270,160,210,160,210
1271,120,210,120,210
1272,400,210,400,210
1273,320,210,320,210
1274,160,210,160,210
1275,160,210,160,210
1276,120,210,120,210
1277,160,210,160,210
1278,240,210,240,210
1279,240,210,240,210
1280,280,210,280,210
1281,280,210,280,210
1282,200,210,200,210
1283,280,210,280,210
1284,360,210,360,210
1285,200,210,200,210
1286,200,210,200,210
1287,200,210,200,210
1288,200,210,200,210
1289,200,210,200,210
1290,240,210,240,210
1291,280,210,280,210
1292,280,210,280,210
1293,160,210,160,210
1294,240,210,240,210
1295,160,210,160,210
1296,280,210,280,210
1297,200,210,200,210
1298,160,120,160,120
1299,160,120,160,120
1300,160,210,160,210
1301,280,210,280,210
1302,280,210,280,210
1303,240,210,240,210
1304,240,210,240,210
1305,240,210,240,210
1306,200,210,200,210
1307,160,210,160,210
1308,320,210,320,210
1309,280,210,280,210
1310,200,210,200,210
1311,280,210,280,210
1312,280,210,280,210
1313,240,210,240,210
1314,200,120,200,120
1315,200,30,200,30
1316,320,210,320,210
1317,160,210,160,210
1318,360,210,360,210
1319,280,210,280,210
1320,240,210,240,210
1321,240,210,240,210
1322,160,210,160,210
1323,320,210,320,210
1324,120,210,120,210
1325,240,120,240,120
1326,200,120,200,120
1327,200,210,200,210
1328,240,120,240,120
1329,160,210,160,210
1330,120,210,120,210
1331,280,210,280,210
1332,200,210,200,210
1333,240,210,240,210
1334,200,210,200,210
1335,240,210,240,210
1336,200,210,200,210
1337,280,210,280,210
1338,200,210,200,210
1339,160,210,160,210
1340,200,210,200,210
1341,160,210,160,210
1342,160,210,160,210
1343,160,210,160,210
1344,160,210,160,210
1345,200,210,200,210
1346,160,210,160,210
1347,160,210,160,210
1348,160,210,160,210
1349,160,210,160,210
1350,360,210,360,210
1351,240,210,240,210
1352,360,210,360,210
1353,280,210,280,210
1354,320,210,320,210
1355,160,30,160,30
1356,120,30,120,30
1357,120,30,120,30
1358,160,210,160,210
1359,120,210,120,210
1360,120,30,120,30
1361,120,30,120,30
1362,120,30,120,30
1363,40,210,40,210
1364,200,210,200,210
1365,200,210,200,210
1366,200,210,200,210
1367,200,210,200,210
1368,200,210,200,210
1369,200,210,200,210
1370,120,210,120,210
1371,200,210,200,210
1372,240,210,240,210
1373,280,210,280,210
1374,160,210,160,210
1375,200,210,200,210
1376,160,210,160,210
1377,280,210,280,210
1378,360,210,360,210
1379,320,210,320,210
1380,160,210,160,210
1381,160,210,160,210
1382,280,30,280,30
1383,200,30,200,30
1384,120,30,120,30
1385,120,30,120,30
1386,280,210,280,210
1387,280,210,280,210
1388,320,210,320,210
1389,200,30,200,30
1390,200,30,200,30
1391,200,210,200,210
1392,200,210,200,210
1393,200,210,200,210
1394,240,210,240,210
1395,240,210,240,210
1396,320,210,320,210
1397,280,210,280,210
1398,240,210,240,210
1399,240,210,240,210
1400,320,210,320,210
1401,160,210,160,210
1402,240,210,240,210
1403,200,210,200,210
1404,120,210,120,210
1405,200,210,200,210
1406,160,210,160,210
1407,200,210,200,210
1408,120,210,120,210
1409,120,210,120,210
1410,240,210,240,210
1411,200,210,200,210
1412,200,210,200,210
1413,200,210,200,210
1414,240,210,240,210
1415,200,210,200,210
1416,200,210,200,210
1417,240,210,240,210
1418,200,120,200,120
1419,240,210,240,210
1420,120,210,120,210
1421,120,210,120,210
1422,160,210,160,210
1423,160,210,160,210
1424,120,210,120,210
1425,160,210,160,210
1426,120,210,120,210
1427,120,210,120,210
1428,120,210,120,210
1429,120,210,120,210
1430,200,210,200,210
1431,120,30,120,30
1432,160,30,160,30
1433,120,30,120,30
1434,160,30,160,30
1435,120,30,120,30
1436,160,30,160,30
1437,160,210,160,210
1438,200,210,200,210
1439,120,210,120,210
1440,120,210,120,210
1441,200,210,200,210
1442,160,210,160,210
1443,120,210,120,210
1444,160,210,160,210
1445,120,210,120,210
1446,200,210,200,210
1447,280,210,280,210
1448,240,210,240,210
1449,120,210,120,210
1450,120,210,120,210
1451,160,210,160,210
1452,200,210,200,210
1453,160,210,160,210
1454,200,210,200,210
1455,240,210,240,210
1456,240,210,240,210
1457,200,210,200,210
1458,240,210,240,210
1459,320,210,320,210
1460,200,210,200,210
1461,200,210,200,210
1462,240,210,240,210
1463,200,120,200,120
1464,240,120,240,120
1465,200,210,200,210
1466,200,210,200,210
1467,160,210,160,210
1468,280,210,280,210
1469,240,210,240,210
1470,120,210,120,210
1471,120,210,120,210
1472,240,210,240,210
1473,240,210,240,210
1474,160,210,160,210
1475,160,210,160,210
1476,200,210,200,210
1477,200,210,200,210
1478,160,210,160,210
1479,200,210,200,210
1480,200,210,200,210
1481,200,210,200,210
1482,240,210,240,210
1483,320,210,320,210
1484,120,30,120,30
1485,280,30,280,30
1486,320,30,320,30
1487,240,30,240,30
1488,360,30,360,30
1489,160,30,160,30
1490,120,30,120,30
1491,240,210,240,210
1492,280,210,280,210
1493,200,210,200,210
1494,200,210,200,210
1495,200,210,200,210
1496,200,210,200,210
1497,320,30,320,30
1498,280,30,280,30
1499,280,90,280,90
1500,160,90,160,90
1501,200,90,200,90
1502,160,90,160,90
1503,200,90,200,90
1504,280,210,280,210
1505,160,210,160,210
1506,160,210,160,210
1507,240,210,240,210
1508,240,210,240,210
1509,200,210,200,210
1510,200,210,200,210
1511,200,210,200,210
1512,240,210,240,210
1513,240,210,240,210
1514,240,210,240,210
1515,240,210,240,210
1516,200,210,200,210
1517,200,210,200,210
1518,280,210,280,210
1519,240,210,240,210
1520,280,210,280,210
1521,200,210,200,210
1522,200,210,200,210
1523,80,30,80,30
1524,240,210,240,210
1525,80,30,80,30
1526,80,30,80,30
1527,240,30,240,30
1528,200,30,200,30
1529,200,30,200,30
1530,160,30,160,30
1531,120,30,120,30
1532,120,30,120,30
1533,160,210,160,210
1534,160,210,160,210
1535,160,30,160,30
1536,160,30,160,30
1537,160,30,160,30
1538,160,30,160,30
1539,160,30,160,30
1540,160,30,160,30
1541,360,210,360,210
1542,280,210,280,210
1543,120,210,120,210
1544,120,210,120,210
1545,200,210,200,210
1546,120,210,120,210
1547,120,210,120,210
1548,120,210,120,210
1549,160,210,160,210
1550,120,210,120,210
1551,120,210,120,210
1552,120,210,120,210
1553,160,210,160,210
1554,120,210,120,210
1555,240,210,240,210
1556,120,210,120,210
1557,200,210,200,210
1558,200,210,200,210
1559,240,210,240,210
1560,240,210,240,210
1561,240,210,240,210
1562,280,210,280,210
1563,360,210,360,210
1564,120,210,120,210
1565,160,210,160,210
1566,120,210,120,210
1567,120,210,120,210
1568,120,210,120,210
1569,120,210,120,210
1570,120,210,120,210
1571,200,210,200,210
1572,120,210,120,210
1573,120,210,120,210
1574,120,210,120,210
1575,120,210,120,210
1576,120,210,120,210
1577,120,210,120,210
1578,240,210,240,210
1579,120,210,120,210
1580,120,210,120,210
1581,120,210,120,210
1582,240,210,240,210
1583,240,210,240,210
1584,280,210,280,210
1585,360,210,360,210
1586,320,210,320,210
1587,200,210,200,210
1588,320,210,320,210
1589,240,210,240,210
1590,240,210,240,210
1591,160,210,160,210
1592,160,210,160,210
1593,160,210,160,210
1594,160,210,160,210
1595,400,210,400,210
1596,240,210,240,210
1597,200,210,200,210
1598,200,210,200,210
1599,200,210,200,210
1600,480,210,480,210
1601,400,210,400,210
1602,360,210,360,210
1603,240,210,240,210
1604,280,210,280,210
1605,320,210,320,210
1606,120,210,120,210
1607,120,210,120,210
1608,120,210,120,210
1609,120,210,120,210
1610,120,210,120,210
1611,120,210,120,210
1612,360,210,360,210
1613,200,210,200,210
1614,240,210,240,210
1615,280,210,280,210
1616,240,210,240,210
1617,280,210,280,210
1618,320,210,320,210
1619,240,210,240,210
1620,200,210,200,210
1621,200,210,200,210
1622,240,210,240,210
1623,240,210,240,210
1624,120,210,120,210
1625,200,210,200,210
1626,160,210,160,210
1627,240,210,240,210
1628,160,210,160,210
1629,240,210,240,210
1630,240,210,240,210
1631,200,210,200,210
1632,160,210,160,210
1633,160,210,160,210
1634,280,210,280,210
1635,120,210,120,210
1636,160,210,160,210
1637,120,210,120,210
1638,440,210,440,210
1639,280,210,280,210
1640,280,210,280,210
1641,320,210,320,210
1642,320,210,320,210
1643,240,210,240,210
1644,240,210,240,210
1645,240,210,240,210
1646,320,210,320,210
1647,160,210,160,210
1648,320,210,320,210
1649,280,210,280,210
1650,200,210,200,210
1651,240,210,240,210
1652,200,210,200,210
1653,240,210,240,210
1654,200,210,200,210
1655,200,210,200,210
1656,200,210,200,210
1657,200,210,200,210
1658,160,210,160,210
1659,200,210,200,210
1660,240,210,240,210
1661,240,210,240,210
1662,160,210,160,210
1663,200,210,200,210
1664,200,210,200,210
1665,200,210,200,210
1666,280,210,280,210
1667,160,210,160,210
1668,160,210,160,210
1669,360,210,360,210
1670,360,210,360,210
1671,240,210,240,210
1672,160,210,160,210
1673,160,210,160,210
1674,160,210,160,210
1675,200,210,200,210
1676,160,210,160,210
1677,160,210,160,210
1678,360,210,360,210
1679,200,210,200,210
1680,160,210,160,210
1681,200,210,200,210
1682,240,210,240,210
1683,160,210,160,210
1684,240,210,240,210
1685,160,210,160,210
1686,200,210,200,210
1687,240,210,240,210
1688,160,210,160,210
1689,200,210,200,210
1690,160,210,160,210
1691,200,210,200,210
1692,280,210,280,210
1693,240,210,240,210
1694,320,210,320,210
1695,240,210,240,210
1696,240,210,240,210
1697,240,210,240,210
1698,240,210,240,210
1699,240,210,240,210
1700,200,210,200,210
1701,160,210,160,210
1702,360,210,360,210
1703,240,210,240,210
1704,320,210,320,210
1705,120,210,120,210
1706,360,210,360,210
1707,200,210,200,210
1708,160,210,160,210
1709,200,210,200,210
1710,160,210,160,210
1711,40,210,40,210
1712,320,210,320,210
1713,200,210,200,210
1714,240,210,240,210
1715,160,210,160,210
1716,200,210,200,210
1717,200,210,200,210
1718,240,210,240,210
1719,240,210,240,210
1720,160,30,160,30
1721,160,30,160,30
1722,160,30,160,30
1723,160,210,160,210
1724,160,210,160,210
1725,240,210,240,210
1726,240,210,240,210
1727,200,210,200,210
1728,240,30,240,30
1729,240,210,240,210
1730,200,210,200,210
1731,200,210,200,210
1732,120,210,120,210
1733,120,210,120,210
1734,280,210,280,210
1735,240,210,240,210
1736,240,210,240,210
1737,240,210,240,210
1738,240,210,240,210
1739,240,210,240,210
1740,240,210,240,210
1741,240,210,240,210
1742,240,210,240,210
1743,280,210,280,210
1744,200,210,200,210
1745,200,210,200,210
1746,160,30,160,30
1747,240,30,240,30
1748,200,30,200,30
1749,120,30,120,30
1750,200,30,200,30
1751,240,30,240,30
1752,240,30,240,30
1753,280,30,280,30
1754,240,30,240,30
1755,240,30,240,30
1756,240,30,240,30
1757,280,30,280,30
1758,240,30,240,30
1759,240,30,240,30
1760,240,30,240,30
1761,240,30,240,30
1762,280,30,280,30
1763,240,30,240,30
1764,240,30,240,30
1765,320,30,320,30
1766,240,30,240,30
1767,240,30,240,30
1768,320,60,320,60
1769,200,270,200,270
1770,200,270,200,270
1771,240,180,240,180
1772,240,180,240,180
1773,200,60,200,60
1774,240,180,240,180
1775,200,270,200,270
1776,200,270,200,270
1777,200,270,200,270
1778,240,270,240,270
1779,200,270,200,270
1780,200,270,200,270
1781,160,270,160,270
1782,160,270,160,270
1783,280,270,280,270
1784,200,270,200,270
1785,200,270,200,270
1786,120,270,120,270
1787,120,270,120,270
1788,120,270,120,270
1789,120,270,120,270
1790,120,270,120,270
1791,120,270,120,270
1792,360,240,360,240
1793,360,270,360,270
1794,320,270,320,270
1795,200,240,200,240
1796,240,270,240,270
1797,120,270,120,270
1798,120,270,120,270
1799,280,270,280,270
1800,200,270,200,270
1801,200,270,200,270
1802,240,270,240,270
1803,320,270,320,270
1804,120,270,120,270
1805,200,270,200,270
1806,120,270,120,270
1807,120,270,120,270
1808,120,270,120,270
1809,120,270,120,270
1810,120,270,120,270
1811,160,270,160,270
1812,120,270,120,270
1813,120,270,120,270
1814,120,270,120,270
1815,160,270,160,270
1816,120,270,120,270
1817,320,270,320,270
1818,240,270,240,270
1819,280,270,280,270
1820,280,270,280,270
1821,160,270,160,270
1822,120,270,120,270
1823,120,270,120,270
1824,120,270,120,270
1825,120,270,120,270
1826,200,270,200,270
1827,120,270,120,270
1828,120,270,120,270
1829,160,270,160,270
1830,160,270,160,270
1831,120,270,120,270
1832,280,270,280,270
1833,200,270,200,270
1834,200,270,200,270
1835,200,270,200,270
1836,200,270,200,270
1837,200,270,200,270
1838,120,270,120,270
1839,160,270,160,270
1840,160,270,160,270
1841,240,270,240,270
1842,240,270,240,270
1843,200,270,200,270
1844,240,270,240,270
1845,160,270,160,270
1846,200,270,200,270
1847,280,270,280,270
1848,200,270,200,270
1849,200,270,200,270
1850,200,270,200,270
1851,160,270,160,270
1852,360,270,360,270
1853,200,270,200,270
1854,280,270,280,270
1855,240,270,240,270
1856,200,270,200,270
1857,240,270,240,270
1858,200,270,200,270
1859,200,270,200,270
1860,200,270,200,270
1861,240,270,240,270
1862,280,270,280,270
1863,160,270,160,270
1864,280,270,280,270
1865,200,270,200,270
1866,240,270,240,270
1867,200,270,200,270
1868,160,270,160,270
1869,240,270,240,270
1870,240,270,240,270
1871,200,270,200,270
1872,160,270,160,270
1873,120,270,120,270
1874,120,270,120,270
1875,120,270,120,270
1876,160,270,160,270
1877,120,270,120,270
1878,240,210,240,210
1879,280,210,280,210
1880,360,270,360,270
1881,200,270,200,270
1882,280,270,280,270
1883,240,270,240,270
1884,160,270,160,270
1885,200,270,200,270
1886,200,270,200,270
1887,240,270,240,270
1888,200,270,200,270
1889,120,210,120,210
1890,280,270,280,270
1891,200,270,200,270
1892,160,210,160,210
1893,160,270,160,270
1894,160,270,160,270
1895,160,270,160,270
1896,120,270,120,270
1897,120,270,120,270
1898,120,270,120,270
1899,160,270,160,270
1900,200,270,200,270
1901,120,30,120,30
1902,200,270,200,270
1903,200,270,200,270
1904,240,210,240,210
1905,120,270,120,270
1906,200,270,200,270
1907,120,270,120,270
1908,160,270,160,270
1909,120,270,120,270
1910,200,270,200,270
1911,320,270,320,270
1912,120,270,120,270
1913,160,270,160,270
1914,160,210,160,210
1915,240,270,240,270
1916,160,210,160,210
1917,200,30,200,30
1918,280,270,280,270
1919,200,270,200,270
1920,120,270,120,270
1921,80,270,80,270
1922,120,270,120,270
1923,320,180,320,180
1924,240,0,240,0
1925,400,180,400,180
1926,400,180,400,180
1927,280,180,280,180
1928,280,180,280,180
1929,320,0,320,0
1930,240,0,240,0
1931,200,0,200,0
1932,320,0,320,0
1933,360,180,360,180
1934,320,180,320,180
1935,400,180,400,180
1936,320,180,320,180
1937,400,180,400,180
1938,240,180,240,180
1939,280,180,280,180
1940,280,180,280,180
1941,240,210,240,210
1942,200,210,200,210
1943,200,210,200,210
1944,80,210,80,210
1945,360,0,360,0
1946,200,210,200,210
1947,160,210,160,210
1948,240,0,240,0
1949,200,210,200,210
1950,320,210,320,210
1951,320,180,320,180
1952,200,210,200,210
1953,160,210,160,210
1954,160,210,160,210
1955,280,0,280,0
1956,280,180,280,180
1957,280,180,280,180
1958,240,180,240,180
1959,280,180,280,180
1960,200,180,200,180
1961,280,180,280,180
1962,320,180,320,180
1963,280,210,280,210
1964,200,210,200,210
1965,240,180,240,180
1966,240,180,240,180
1967,240,180,240,180
1968,240,180,240,180
1969,240,180,240,180
1970,240,180,240,180
1971,240,180,240,180
1972,240,180,240,180
1973,240,180,240,180
1974,240,180,240,180
1975,240,180,240,180
1976,240,180,240,180
1977,240,180,240,180
1978,240,180,240,180
1979,240,180,240,180
1980,240,180,240,180
1981,240,180,240,180
1982,240,180,240,180
1983,240,180,240,180
1984,240,180,240,180
1985,280,180,280,180
1986,280,180,280,180
1987,240,180,240,180
1988,240,180,240,180
1989,240,180,240,180
1990,240,180,240,180
1991,240,180,240,180
1992,240,180,240,180
1993,240,210,240,210
1994,160,210,160,210
1995,240,180,240,180
1996,160,210,160,210
1997,200,210,200,210
1998,400,180,400,180
1999,120,210,120,210
2000,360,60,360,60
2001,240,210,240,210
2002,200,210,200,210
2003,160,210,160,210
2004,320,120,320,120
2005,280,120,280,120
2006,280,30,280,30
2007,280,30,280,30
2008,240,30,240,30
2009,320,30,320,30
2010,360,120,360,120
2011,320,120,320,120
2012,240,30,240,30
2013,280,30,280,30
2014,280,30,280,30
2015,280,30,280,30
2016,280,30,280,30
2017,200,30,200,30
2018,200,210,200,210
2019,200,120,200,120
2020,200,30,200,30
2021,200,120,200,120
2022,200,120,200,120
2023,200,120,200,120
2024,240,120,240,120
2025,240,30,240,30
2026,240,120,240,120
2027,200,30,200,30
2028,280,30,280,30
2029,280,30,280,30
2030,280,210,280,210
2031,240,210,240,210
2032,400,30,400,30
2033,240,30,240,30
2034,200,120,200,120
2035,200,120,200,120
2036,280,30,280,30
2037,240,30,240,30
2038,200,30,200,30
2039,240,30,240,30
2040,280,210,280,210
2041,320,210,320,210
2042,280,210,280,210
2043,360,210,360,210
2044,200,30,200,30
2045,320,30,320,30
2046,240,210,240,210
2047,200,210,200,210
2048,240,210,240,210
2049,280,30,280,30
2050,200,30,200,30
2051,320,210,320,210
2052,200,30,200,30
2053,200,30,200,30
2054,320,120,320,120
2055,280,30,280,30
2056,240,30,240,30
2057,280,30,280,30
2058,200,210,200,210
2059,360,210,360,210
2060,240,30,240,30
2061,320,30,320,30
2062,160,210,160,210
2063,320,30,320,30
2064,280,210,280,210
2065,200,210,200,210
2066,240,30,240,30
2067,360,120,360,120
2068,280,120,280,120
2069,200,30,200,30
2070,320,30,320,30
2071,240,30,240,30
2072,240,30,240,30
2073,240,30,240,30
2074,280,30,280,30
2075,160,210,160,210
2076,240,210,240,210
2077,240,210,240,210
2078,360,30,360,30
2079,360,30,360,30
2080,280,30,280,30
2081,160,30,160,30
2082,160,210,160,210
2083,440,30,440,30
2084,240,210,240,210
2085,200,210,200,210
2086,280,210,280,210
2087,160,210,160,210
2088,160,210,160,210
2089,280,30,280,30
2090,360,30,360,30
2091,160,210,160,210
2092,160,210,160,210
2093,160,210,160,210
2094,320,120,320,120
2095,280,120,280,120
2096,200,30,200,30
2097,200,30,200,30
2098,200,210,200,210
2099,280,210,280,210
2100,360,120,360,120
2101,120,30,120,30
2102,120,30,120,30
2103,120,30,120,30
2104,200,30,200,30
2105,120,30,120,30
2106,240,30,240,30
2107,200,30,200,30
2108,240,30,240,30
2109,160,120,160,120
2110,160,120,160,120
2111,200,120,200,120
2112,320,120,320,120
2113,160,30,160,30
2114,160,30,160,30
2115,160,30,160,30
2116,160,210,160,210
2117,160,210,160,210
2118,200,210,200,210
2119,240,210,240,210
2120,240,210,240,210
2121,280,120,280,120
2122,120,120,120,120
2123,120,120,120,120
2124,200,30,200,30
2125,200,30,200,30
2126,160,30,160,30
2127,200,30,200,30
2128,320,30,320,30
2129,200,120,200,120
2130,160,120,160,120
2131,240,120,240,120
2132,200,30,200,30
2133,160,120,160,120
2134,160,120,160,120
2135,160,120,160,120
2136,200,120,200,120
2137,160,120,160,120
2138,120,120,120,120
2139,160,30,160,30
2140,200,30,200,30
2141,160,210,160,210
2142,160,210,160,210
2143,240,210,240,210
2144,120,120,120,120
2145,240,30,240,30
2146,160,30,160,30
2147,240,30,240,30
2148,160,120,160,120
2149,200,30,200,30
2150,320,30,320,30
2151,160,120,160,120
2152,440,210,440,210
2153,200,30,200,30
2154,160,30,160,30
2155,240,210,240,210
2156,160,210,160,210
2157,160,210,160,210
2158,160,210,160,210
2159,200,210,200,210
2160,160,30,160,30
2161,200,30,200,30
2162,280,210,280,210
2163,280,210,280,210
2164,280,210,280,210
2165,160,210,160,210
2166,200,210,200,210
2167,160,210,160,210
2168,160,210,160,210
2169,200,210,200,210
2170,280,210,280,210
2171,200,210,200,210
2172,280,210,280,210
2173,160,30,160,30
2174,240,210,240,210
2175,200,210,200,210
2176,240,210,240,210
2177,160,30,160,30
2178,160,30,160,30
2179,160,30,160,30
2180,120,30,120,30
2181,200,210,200,210
2182,240,210,240,210
2183,160,30,160,30
2184,160,30,160,30
2185,200,30,200,30
2186,200,30,200,30
2187,240,120,240,120
2188,200,120,200,120
2189,200,210,200,210
2190,200,30,200,30
2191,240,210,240,210
2192,200,210,200,210
2193,160,210,160,210
2194,160,210,160,210
2195,160,30,160,30
2196,240,210,240,210
2197,200,210,200,210
2198,240,210,240,210
2199,280,210,280,210
2200,160,30,160,30
2201,200,210,200,210
2202,160,210,160,210
2203,240,210,240,210
2204,240,210,240,210
2205,160,120,160,120
2206,120,30,120,30
2207,320,30,320,30
2208,240,30,240,30
2209,120,210,120,210
2210,160,30,160,30
2211,160,30,160,30
2212,200,210,200,210
2213,200,210,200,210
2214,280,120,280,120
2215,200,210,200,210
2216,200,120,200,120
2217,200,30,200,30
2218,200,210,200,210
2219,120,210,120,210
2220,120,210,120,210
2221,120,210,120,210
2222,200,210,200,210
2223,200,210,200,210
2224,160,120,160,120
2225,200,120,200,120
2226,160,120,160,120
2227,200,30,200,30
2228,120,210,120,210
2229,320,210,320,210
2230,160,210,160,210
2231,240,210,240,210
2232,200,210,200,210
2233,200,30,200,30
2234,160,30,160,30
2235,120,210,120,210
2236,120,210,120,210
2237,120,210,120,210
2238,160,210,160,210
2239,120,210,120,210
2240,160,210,160,210
2241,120,210,120,210
2242,120,210,120,210
2243,160,210,160,210
2244,200,210,200,210
2245,160,210,160,210
2246,120,210,120,210
2247,160,210,160,210
2248,120,210,120,210
2249,120,210,120,210
2250,200,210,200,210
2251,280,30,280,30
2252,240,210,240,210
2253,160,30,160,30
2254,200,30,200,30
2255,240,210,240,210
2256,160,210,160,210
2257,360,120,360,120
2258,120,120,120,120
2259,240,210,240,210
2260,200,210,200,210
2261,240,120,240,120
2262,200,120,200,120
2263,120,30,120,30
2264,120,30,120,30
2265,120,30,120,30
2266,120,30,120,30
2267,120,30,120,30
2268,120,30,120,30
2269,40,120,40,120
2270,120,30,120,30
2271,120,30,120,30
2272,120,30,120,30
2273,120,30,120,30
2274,120,210,120,210
2275,120,210,120,210
2276,120,30,120,30
2277,120,30,120,30
2278,120,30,120,30
2279,120,30,120,30
2280,120,30,120,30
2281,120,30,120,30
2282,120,30,120,30
2283,120,30,120,30
2284,120,30,120,30
2285,120,30,120,30
2286,120,30,120,30
2287,120,30,120,30
2288,120,30,120,30
2289,120,30,120,30
2290,120,30,120,30
2291,120,30,120,30
2292,120,30,120,30
2293,120,30,120,30
2294,120,30,120,30
2295,120,30,120,30
2296,120,30,120,30
2297,200,30,200,30
2298,120,30,120,30
2299,200,30,200,30
2300,200,30,200,30
2301,200,30,200,30
2302,120,30,120,30
2303,160,30,160,30
2304,160,30,160,30
2305,120,30,120,30
2306,200,30,200,30
2307,200,30,200,30
2308,160,30,160,30
2309,120,30,120,30
2310,160,30,160,30
2311,120,30,120,30
2312,160,30,160,30
2313,200,30,200,30
2314,120,30,120,30
2315,120,30,120,30
2316,160,30,160,30
2317,120,210,120,210
2318,120,210,120,210
2319,120,210,120,210
2320,120,210,120,210
2321,120,210,120,210
2322,120,210,120,210
2323,120,210,120,210
2324,120,210,120,210
2325,120,210,120,210
2326,160,210,160,210
2327,160,210,160,210
2328,120,210,120,210
2329,200,210,200,210
2330,160,30,160,30
2331,120,210,120,210
2332,160,30,160,30
2333,200,30,200,30
2334,200,210,200,210
2335,160,210,160,210
2336,160,210,160,210
2337,240,210,240,210
2338,240,210,240,210
2339,240,210,240,210
2340,120,210,120,210
2341,200,210,200,210
2342,200,210,200,210
2343,120,210,120,210
2344,200,120,200,120
2345,200,120,200,120
2346,120,120,120,120
2347,280,30,280,30
2348,160,30,160,30
2349,240,30,240,30
2350,80,30,80,30
2351,200,210,200,210
2352,120,210,120,210
2353,120,210,120,210
2354,120,210,120,210
2355,120,210,120,210
2356,120,210,120,210
2357,120,210,120,210
2358,120,210,120,210
2359,160,210,160,210
2360,240,210,240,210
2361,200,30,200,30
2362,160,30,160,30
2363,120,120,120,120
2364,120,120,120,120
2365,160,210,160,210
2366,120,210,120,210
2367,120,210,120,210
2368,160,210,160,210
2369,240,210,240,210
2370,240,30,240,30
2371,200,30,200,30
2372,160,210,160,210
2373,120,210,120,210
2374,120,120,120,120
2375,120,180,120,180
2376,200,180,200,180
2377,200,180,200,180
2378,160,180,160,180
2379,120,120,120,120
2380,120,120,120,120
2381,160,120,160,120
2382,120,30,120,30
2383,160,30,160,30
2384,160,210,160,210
2385,240,210,240,210
2386,200,210,200,210
2387,440,210,440,210
2388,120,210,120,210
2389,160,210,160,210
2390,120,210,120,210
2391,120,210,120,210
2392,120,210,120,210
2393,120,210,120,210
2394,160,210,160,210
2395,160,210,160,210
2396,120,210,120,210
2397,120,210,120,210
2398,120,210,120,210
2399,160,210,160,210
2400,120,210,120,210
2401,200,210,200,210
2402,160,210,160,210
2403,200,210,200,210
2404,120,210,120,210
2405,120,210,120,210
2406,120,210,120,210
2407,360,210,360,210
2408,200,210,200,210
2409,200,210,200,210
2410,120,210,120,210
2411,200,210,200,210
2412,200,210,200,210
2413,120,210,120,210
2414,240,210,240,210
2415,360,210,360,210
2416,160,210,160,210
2417,160,210,160,210
2418,200,30,200,30
2419,160,30,160,30
2420,240,30,240,30
2421,200,30,200,30
2422,280,120,280,120
2423,120,120,120,120
2424,200,120,200,120
2425,200,210,200,210
2426,200,210,200,210
2427,240,210,240,210
2428,240,210,240,210
2429,200,210,200,210
2430,200,210,200,210
2431,280,210,280,210
2432,200,210,200,210
2433,200,210,200,210
2434,240,30,240,30
2435,240,210,240,210
2436,240,210,240,210
2437,240,210,240,210
2438,240,210,240,210
2439,120,120,120,120
2440,120,120,120,120
2441,160,210,160,210
2442,240,30,240,30
2443,320,30,320,30
2444,160,210,160,210
2445,160,210,160,210
2446,200,120,200,120
2447,280,120,280,120
2448,160,30,160,30
2449,160,30,160,30
2450,160,30,160,30
2451,160,30,160,30
2452,240,210,240,210
2453,240,210,240,210
2454,120,30,120,30
2455,120,30,120,30
2456,120,30,120,30
2457,120,30,120,30
2458,160,30,160,30
2459,120,30,120,30
2460,120,30,120,30
2461,120,30,120,30
2462,160,30,160,30
2463,120,30,120,30
2464,200,30,200,30
2465,120,210,120,210
2466,200,210,200,210
2467,120,210,120,210
2468,120,210,120,210
2469,200,210,200,210
2470,200,210,200,210
2471,280,210,280,210
2472,240,210,240,210
2473,160,210,160,210
2474,200,210,200,210
2475,160,210,160,210
2476,160,210,160,210
2477,120,120,120,120
2478,200,120,200,120
2479,160,120,160,120
2480,240,30,240,30
2481,240,30,240,30
2482,200,30,200,30
2483,120,210,120,210
2484,120,210,120,210
2485,120,210,120,210
2486,320,30,320,30
2487,280,30,280,30
2488,320,30,320,30
2489,200,210,200,210
2490,160,120,160,120
2491,160,120,160,120
2492,160,120,160,120
2493,200,210,200,210
2494,200,30,200,30
2495,200,30,200,30
2496,200,210,200,210
2497,280,30,280,30
2498,120,210,120,210
2499,240,30,240,30
2500,120,210,120,210
2501,320,120,320,120
2502,360,120,360,120
2503,440,120,440,120
2504,40,30,40,30
2505,160,120,160,120
2506,160,120,160,120
2507,160,120,160,120
2508,120,120,120,120
2509,160,120,160,120
2510,160,120,160,120
2511,120,210,120,210
2512,120,210,120,210
2513,160,30,160,30
2514,160,120,160,120
2515,360,120,360,120
2516,200,210,200,210
2517,200,210,200,210
2518,200,210,200,210
2519,200,30,200,30
2520,160,30,160,30
2521,240,30,240,30
2522,200,120,200,120
2523,160,120,160,120
2524,200,30,200,30
2525,160,120,160,120
2526,160,120,160,120
2527,160,120,160,120
2528,160,120,160,120
2529,160,120,160,120
2530,200,120,200,120
2531,160,30,160,30
2532,120,30,120,30
2533,200,30,200,30
2534,160,30,160,30
2535,160,30,160,30
2536,160,30,160,30
2537,160,30,160,30
2538,360,120,360,120
2539,160,120,160,120
2540,280,120,280,120
2541,400,30,400,30
2542,400,30,400,30
2543,240,30,240,30
2544,240,30,240,30
2545,240,30,240,30
2546,240,30,240,30
2547,240,30,240,30
2548,240,30,240,30
2549,160,30,160,30
2550,240,30,240,30
2551,200,30,200,30
2552,160,30,160,30
2553,280,210,280,210
2554,320,210,320,210
2555,160,30,160,30
2556,200,30,200,30
2557,200,30,200,30
2558,160,210,160,210
2559,160,210,160,210
2560,160,210,160,210
2561,160,120,160,120
2562,160,120,160,120
2563,160,30,160,30
2564,240,30,240,30
2565,160,120,160,120
2566,160,120,160,120
2567,160,120,160,120
2568,240,210,240,210
2569,160,210,160,210
2570,200,120,200,120
2571,200,30,200,30
2572,200,30,200,30
2573,200,120,200,120
2574,280,120,280,120
2575,160,120,160,120
2576,160,30,160,30
2577,160,30,160,30
2578,160,30,160,30
2579,200,210,200,210
2580,240,120,240,120
2581,240,30,240,30
2582,200,210,200,210
2583,200,210,200,210
2584,240,30,240,30
2585,280,30,280,30
2586,200,30,200,30
2587,240,30,240,30
2588,240,30,240,30
2589,120,210,120,210
2590,120,210,120,210
2591,160,30,160,30
2592,120,30,120,30
2593,160,30,160,30
2594,320,30,320,30
2595,160,210,160,210
2596,120,210,120,210
2597,200,30,200,30
2598,200,30,200,30
2599,120,120,120,120
2600,160,120,160,120
2601,240,30,240,30
2602,200,30,200,30
2603,120,120,120,120
2604,120,120,120,120
2605,120,120,120,120
2606,120,120,120,120
2607,120,120,120,120
2608,360,30,360,30
2609,200,30,200,30
2610,240,30,240,30
2611,200,30,200,30
2612,160,120,160,120
2613,200,120,200,120
2614,120,210,120,210
2615,200,210,200,210
2616,200,210,200,210
2617,160,120,160,120
2618,120,210,120,210
2619,120,210,120,210
2620,200,210,200,210
2621,200,210,200,210
2622,160,30,160,30
2623,240,30,240,30
2624,200,30,200,30
2625,280,30,280,30
2626,200,30,200,30
2627,160,30,160,30
2628,200,30,200,30
2629,120,120,120,120
2630,200,180,200,180
2631,160,180,160,180
2632,160,180,160,180
2633,320,180,320,180
2634,240,180,240,180
2635,160,180,160,180
2636,160,240,160,240
2637,200,240,200,240
2638,160,240,160,240
2639,160,180,160,180
2640,400,180,400,180
2641,200,180,200,180
2642,240,270,240,270
2643,240,270,240,270
2644,200,180,200,180
2645,200,270,200,270
2646,200,270,200,270
2647,240,180,240,180
2648,160,180,160,180
2649,160,180,160,180
2650,160,180,160,180
2651,240,180,240,180
2652,280,180,280,180
2653,200,180,200,180
2654,200,180,200,180
2655,280,180,280,180
2656,200,180,200,180
2657,160,180,160,180
2658,160,180,160,180
2659,320,180,320,180
2660,320,180,320,180
2661,320,240,320,240
2662,400,60,400,60
2663,240,270,240,270
2664,280,60,280,60
2665,160,180,160,180
2666,120,180,120,180
2667,160,180,160,180
2668,120,180,120,180
2669,120,180,120,180
2670,280,180,280,180
2671,120,180,120,180
2672,120,180,120,180
2673,120,180,120,180
2674,120,180,120,180
2675,120,180,120,180
2676,120,180,120,180
2677,160,180,160,180
2678,400,60,400,60
2679,240,270,240,270
2680,240,270,240,270
2681,240,270,240,270
2682,200,180,200,180
2683,240,180,240,180
2684,320,180,320,180
2685,280,180,280,180
2686,240,180,240,180
2687,240,180,240,180
2688,160,180,160,180
2689,160,180,160,180
2690,160,270,160,270
2691,160,180,160,180
2692,160,270,160,270
2693,320,270,320,270
2694,160,270,160,270
2695,160,270,160,270
2696,160,270,160,270
2697,160,270,160,270
2698,200,180,200,180
2699,320,180,320,180
2700,200,180,200,180
2701,200,180,200,180
2702,80,180,80,180
2703,240,180,240,180
2704,160,180,160,180
2705,160,180,160,180
2706,240,180,240,180
2707,160,180,160,180
2708,240,180,240,180
2709,200,180,200,180
2710,160,180,160,180
2711,160,180,160,180
2712,160,180,160,180
2713,240,180,240,180
2714,160,180,160,180
2715,160,180,160,180
2716,320,180,320,180
2717,160,270,160,270
2718,200,270,200,270
2719,200,270,200,270
2720,160,180,160,180
2721,240,180,240,180
2722,160,180,160,180
2723,160,180,160,180
2724,280,180,280,180
2725,240,180,240,180
2726,200,180,200,180
2727,240,180,240,180
2728,200,180,200,180
2729,200,180,200,180
2730,320,180,320,180
2731,200,180,200,180
2732,280,180,280,180
2733,240,180,240,180
2734,80,180,80,180
2735,160,180,160,180
2736,160,180,160,180
2737,200,270,200,270
2738,160,270,160,270
2739,400,270,400,270
2740,160,270,160,270
2741,160,270,160,270
2742,200,270,200,270
2743,160,270,160,270
2744,200,270,200,270
2745,160,270,160,270
2746,240,270,240,270
2747,200,270,200,270
2748,240,270,240,270
2749,200,270,200,270
2750,200,270,200,270
2751,200,270,200,270
2752,280,270,280,270
2753,80,270,80,270
2754,240,270,240,270
2755,160,270,160,270
2756,160,270,160,270
2757,120,270,120,270
2758,200,270,200,270
2759,200,270,200,270
2760,120,270,120,270
2761,200,270,200,270
2762,120,270,120,270
2763,120,270,120,270
2764,160,270,160,270
2765,160,270,160,270
2766,160,270,160,270
2767,240,120,240,120
2768,240,120,240,120
2769,240,120,240,120
2770,240,30,240,30
2771,240,120,240,120
2772,320,30,320,30
2773,240,30,240,30
2774,240,30,240,30
2775,240,120,240,120
2776,240,120,240,120
2777,200,30,200,30
2778,240,30,240,30
2779,240,30,240,30
2780,440,30,440,30
2781,240,30,240,30
2782,240,270,240,270
2783,160,270,160,270
2784,120,270,120,270
2785,160,270,160,270
2786,160,270,160,270
2787,160,270,160,270
2788,240,270,240,270
2789,200,270,200,270
2790,320,0,320,0
2791,320,0,320,0
2792,120,270,120,270
2793,120,270,120,270
2794,240,270,240,270
2795,120,270,120,270
2796,120,270,120,270
2797,120,270,120,270
2798,120,270,120,270
2799,120,270,120,270
2800,160,270,160,270
2801,240,270,240,270
2802,240,30,240,30
2803,160,180,160,180
2804,240,210,240,210
2805,240,210,240,210
2806,160,180,160,180
2807,120,180,120,180
2808,160,270,160,270
2809,120,270,120,270
2810,120,180,120,180
2811,120,180,120,180
2812,120,270,120,270
2813,200,180,200,180
2814,160,30,160,30
2815,280,210,280,210
2816,160,210,160,210
2817,200,210,200,210
2818,280,270,280,270
2819,320,180,320,180
2820,160,270,160,270
2821,280,270,280,270
2822,200,30,200,30
2823,280,270,280,270
2824,200,270,200,270
2825,120,270,120,270
2826,120,270,120,270
2827,360,30,360,30
2828,280,30,280,30
2829,280,30,280,30
2830,240,30,240,30
2831,320,30,320,30
2832,400,180,400,180
2833,320,30,320,30
2834,320,30,320,30
2835,200,30,200,30
2836,280,180,280,180
2837,280,210,280,210
2838,120,0,120,0
2839,280,180,280,180
2840,320,180,320,180
2841,240,180,240,180
2842,200,180,200,180
2843,320,270,320,270
2844,400,60,400,60
2845,160,180,160,180
2846,160,180,160,180
2847,40,180,40,180
2848,400,180,400,180
2849,160,210,160,210
2850,320,180,320,180
2851,360,180,360,180
2852,320,180,320,180
2853,320,180,320,180
2854,360,180,360,180
2855,240,180,240,180
2856,240,180,240,180
2857,320,180,320,180
2858,200,240,200,240
2859,200,240,200,240
2860,200,240,200,240
2861,200,240,200,240
2862,200,240,200,240
2863,200,240,200,240
2864,280,240,280,240
2865,200,240,200,240
2866,280,240,280,240
2867,320,180,320,180
2868,320,180,320,180
2869,280,180,280,180
2870,280,180,280,180
2871,280,180,280,180
2872,360,180,360,180
2873,320,180,320,180
2874,280,240,280,240
2875,240,180,240,180
2876,320,180,320,180
2877,240,180,240,180
2878,280,180,280,180
2879,320,180,320,180
2880,320,180,320,180
2881,280,180,280,180
2882,320,180,320,180
2883,280,180,280,180
2884,280,180,280,180
2885,280,180,280,180
2886,280,180,280,180
2887,320,180,320,180
2888,240,180,240,180
2889,360,180,360,180
2890,280,180,280,180
2891,240,180,240,180
2892,360,180,360,180
2893,360,180,360,180
2894,240,240,240,240
2895,200,240,200,240
2896,200,240,200,240
2897,240,180,240,180
2898,280,180,280,180
2899,280,180,280,180
2900,320,180,320,180
2901,240,180,240,180
2902,240,180,240,180
2903,240,180,240,180
2904,280,180,280,180
2905,400,180,400,180
2906,240,180,240,180
2907,200,240,200,240
2908,200,240,200,240
2909,200,240,200,240
2910,280,240,280,240
2911,200,240,200,240
2912,200,240,200,240
2913,200,240,200,240
2914,360,180,360,180
2915,280,180,280,180
2916,320,180,320,180
2917,320,180,320,180
2918,360,180,360,180
2919,280,180,280,180
2920,320,180,320,180
2921,320,180,320,180
2922,320,180,320,180
2923,320,180,320,180
2924,320,180,320,180
2925,320,180,320,180
2926,320,180,320,180
2927,320,180,320,180
2928,240,180,240,180
2929,400,180,400,180
2930,360,180,360,180
2931,280,180,280,180
2932,240,180,240,180
2933,280,180,280,180
2934,320,180,320,180
2935,320,180,320,180
2936,320,180,320,180
2937,280,180,280,180
2938,400,180,400,180
2939,280,180,280,180
2940,320,180,320,180
2941,280,180,280,180
2942,320,180,320,180
2943,320,180,320,180
2944,320,180,320,180
2945,280,180,280,180
2946,200,240,200,240
2947,280,240,280,240
2948,200,240,200,240
2949,200,240,200,240
2950,200,240,200,240
2951,200,240,200,240
2952,200,240,200,240
2953,280,180,280,180
2954,240,240,240,240
2955,200,240,200,240
2956,200,240,200,240
2957,240,60,240,60
2958,400,180,400,180
2959,280,180,280,180
2960,200,240,200,240
2961,280,180,280,180
2962,280,240,280,240
2963,280,180,280,180
2964,200,240,200,240
2965,320,180,320,180
2966,280,0,280,0
2967,440,0,440,0
2968,120,270,120,270
2969,240,210,240,210
2970,240,90,240,90
2971,280,90,280,90
2972,200,90,200,90
2973,200,90,200,90
2974,120,180,120,180
2975,240,30,240,30
2976,320,30,320,30
2977,400,30,400,30
2978,320,30,320,30
2979,240,30,240,30
2980,480,30,480,30
2981,240,30,240,30
2982,400,30,400,30
2983,240,30,240,30
2984,360,30,360,30
2985,240,0,240,0
2986,360,0,360,0
2987,280,0,280,0
2988,320,0,320,0
2989,320,0,320,0
2990,280,0,280,0
2991,280,0,280,0
2992,280,0,280,0
2993,320,0,320,0
2994,320,0,320,0
2995,240,0,240,0
2996,120,180,120,180
2997,160,270,160,270
2998,200,210,200,210
2999,400,120,400,120
3000,200,30,200,30
3001,320,30,320,30
3002,320,30,320,30
3003,280,30,280,30
3004,240,120,240,120
3005,360,120,360,120
3006,160,30,160,30
3007,360,120,360,120
3008,240,120,240,120
3009,240,30,240,30
3010,240,30,240,30
3011,240,30,240,30
3012,240,120,240,120
3013,280,30,280,30
3014,200,30,200,30
3015,200,30,200,30
3016,240,30,240,30
3017,200,30,200,30
3018,200,30,200,30
3019,240,30,240,30
3020,240,180,240,180
3021,80,30,80,30
3022,400,30,400,30
3023,360,30,360,30
3024,160,180,160,180
3025,200,180,200,180
3026,200,30,200,30
3027,280,210,280,210
3028,240,120,240,120
3029,320,210,320,210
3030,360,120,360,120
3031,240,30,240,30
3032,280,30,280,30
3033,240,30,240,30
3034,280,30,280,30
3035,240,30,240,30
3036,280,30,280,30
3037,360,120,360,120
3038,240,120,240,120
3039,240,120,240,120
3040,360,30,360,30
3041,240,30,240,30
3042,320,30,320,30
3043,240,120,240,120
3044,200,120,200,120
3045,200,120,200,120
3046,240,30,240,30
3047,280,30,280,30
3048,200,120,200,120
3049,280,120,280,120
3050,240,120,240,120
3051,320,120,320,120
3052,280,30,280,30
3053,280,30,280,30
3054,200,120,200,120
3055,280,30,280,30
3056,240,30,240,30
3057,240,30,240,30
3058,200,30,200,30
3059,320,30,320,30
3060,320,120,320,120
3061,200,30,200,30
3062,280,30,280,30
3063,200,30,200,30
3064,240,30,240,30
3065,360,120,360,120
3066,240,120,240,120
3067,360,30,360,30
3068,320,30,320,30
3069,400,30,400,30
3070,280,30,280,30
3071,440,30,440,30
3072,280,30,280,30
3073,360,30,360,30
3074,280,120,280,120
3075,320,120,320,120
3076,200,90,200,90
3077,280,180,280,180
3078,440,210,440,210
3079,80,30,80,30
3080,280,210,280,210
3081,320,210,320,210
3082,240,30,240,30
3083,200,30,200,30
3084,280,30,280,30
3085,240,120,240,120
3086,200,30,200,30
3087,400,30,400,30
3088,320,120,320,120
3089,240,120,240,120
3090,400,30,400,30
3091,400,30,400,30
3092,200,30,200,30
3093,200,30,200,30
3094,200,30,200,30
3095,360,30,360,30
3096,320,30,320,30
3097,280,30,280,30
3098,280,30,280,30
3099,160,210,160,210
3100,160,210,160,210
3101,160,30,160,30
3102,200,210,200,210
3103,160,210,160,210
3104,160,210,160,210
3105,400,30,400,30
3106,320,30,320,30
3107,240,30,240,30
3108,240,120,240,120
3109,160,30,160,30
3110,240,120,240,120
3111,320,30,320,30
3112,280,30,280,30
3113,240,30,240,30
3114,240,30,240,30
3115,160,120,160,120
3116,160,120,160,120
3117,200,30,200,30
3118,200,120,200,120
3119,240,30,240,30
3120,160,30,160,30
3121,160,30,160,30
3122,160,30,160,30
3123,160,30,160,30
3124,160,30,160,30
3125,160,30,160,30
3126,200,30,200,30
3127,160,30,160,30
3128,160,30,160,30
3129,200,30,200,30
3130,200,30,200,30
3131,160,30,160,30
3132,160,30,160,30
3133,200,30,200,30
3134,160,30,160,30
3135,160,30,160,30
3136,160,30,160,30
3137,240,90,240,90
3138,160,30,160,30
3139,240,180,240,180
3140,240,120,240,120
3141,200,30,200,30
3142,160,30,160,30
3143,320,120,320,120
3144,280,120,280,120
3145,280,120,280,120
3146,280,120,280,120
3147,160,120,160,120
3148,160,120,160,120
3149,200,120,200,120
3150,200,120,200,120
3151,240,30,240,30
3152,160,30,160,30
3153,160,30,160,30
3154,160,30,160,30
3155,160,30,160,30
3156,240,120,240,120
3157,200,120,200,120
3158,200,30,200,30
3159,320,120,320,120
3160,120,30,120,30
3161,200,210,200,210
3162,160,210,160,210
3163,240,210,240,210
3164,200,210,200,210
3165,240,30,240,30
3166,160,120,160,120
3167,240,30,240,30
3168,240,30,240,30
3169,240,30,240,30
3170,200,30,200,30
3171,160,90,160,90
3172,160,120,160,120
3173,200,30,200,30
3174,200,30,200,30
3175,320,120,320,120
3176,240,120,240,120
3177,160,120,160,120
3178,200,120,200,120
3179,280,30,280,30
3180,160,30,160,30
3181,160,30,160,30
3182,160,30,160,30
3183,160,30,160,30
3184,240,90,240,90
3185,160,30,160,30
3186,240,90,240,90
3187,160,90,160,90
3188,240,120,240,120
3189,200,30,200,30
3190,320,120,320,120
3191,240,120,240,120
3192,200,30,200,30
3193,120,120,120,120
3194,280,210,280,210
3195,400,120,400,120
3196,160,30,160,30
3197,160,30,160,30
3198,200,120,200,120
3199,240,120,240,120
3200,160,30,160,30
3201,160,30,160,30
3202,200,30,200,30
3203,160,120,160,120
3204,240,120,240,120
3205,160,30,160,30
3206,280,30,280,30
3207,280,30,280,30
3208,120,30,120,30
3209,120,30,120,30
3210,160,30,160,30
3211,160,30,160,30
3212,160,90,160,90
3213,240,120,240,120
3214,120,210,120,210
3215,120,210,120,210
3216,160,210,160,210
3217,120,210,120,210
3218,120,210,120,210
3219,120,210,120,210
3220,120,210,120,210
3221,120,210,120,210
3222,120,210,120,210
3223,160,210,160,210
3224,160,120,160,120
3225,200,30,200,30
3226,120,30,120,30
3227,120,30,120,30
3228,160,30,160,30
3229,120,30,120,30
3230,120,30,120,30
3231,160,30,160,30
3232,120,30,120,30
3233,120,30,120,30
3234,200,30,200,30
3235,160,30,160,30
3236,120,30,120,30
3237,120,120,120,120
3238,200,120,200,120
3239,200,30,200,30
3240,120,30,120,30
3241,120,210,120,210
3242,120,210,120,210
3243,160,120,160,120
3244,120,120,120,120
3245,120,120,120,120
3246,120,120,120,120
3247,120,120,120,120
3248,120,120,120,120
3249,120,120,120,120
3250,120,120,120,120
3251,120,120,120,120
3252,120,120,120,120
3253,120,120,120,120
3254,120,120,120,120
3255,120,120,120,120
3256,120,210,120,210
3257,120,30,120,30
3258,160,30,160,30
3259,160,30,160,30
3260,120,30,120,30
3261,120,30,120,30
3262,120,30,120,30
3263,120,210,120,210
3264,120,120,120,120
3265,120,210,120,210
3266,200,210,200,210
3267,120,210,120,210
3268,120,210,120,210
3269,120,210,120,210
3270,120,210,120,210
3271,120,210,120,210
3272,120,210,120,210
3273,120,210,120,210
3274,120,210,120,210
3275,120,210,120,210
3276,120,120,120,120
3277,120,120,120,120
3278,200,30,200,30
3279,280,30,280,30
3280,200,120,200,120
3281,120,120,120,120
3282,120,210,120,210
3283,120,210,120,210
3284,120,210,120,210
3285,120,210,120,210
3286,120,210,120,210
3287,160,210,160,210
3288,160,30,160,30
3289,120,30,120,30
3290,120,30,120,30
3291,80,30,80,30
3292,240,30,240,30
3293,160,30,160,30
3294,120,30,120,30
3295,120,30,120,30
3296,120,30,120,30
3297,120,30,120,30
3298,120,30,120,30
3299,120,30,120,30
3300,200,30,200,30
3301,120,30,120,30
3302,160,30,160,30
3303,160,30,160,30
3304,200,210,200,210
3305,200,210,200,210
3306,160,210,160,210
3307,160,210,160,210
3308,120,210,120,210
3309,120,210,120,210
3310,120,210,120,210
3311,160,210,160,210
3312,120,210,120,210
3313,160,120,160,120
3314,120,210,120,210
3315,120,210,120,210
3316,120,210,120,210
3317,120,210,120,210
3318,240,30,240,30
3319,120,30,120,30
3320,120,30,120,30
3321,120,30,120,30
3322,120,30,120,30
3323,120,30,120,30
3324,240,30,240,30
3325,280,120,280,120
3326,160,120,160,120
3327,120,210,120,210
3328,200,30,200,30
3329,200,30,200,30
3330,240,30,240,30
3331,240,30,240,30
3332,200,30,200,30
3333,280,120,280,120
3334,240,120,240,120
3335,120,30,120,30
3336,120,30,120,30
3337,200,30,200,30
3338,120,30,120,30
3339,200,30,200,30
3340,200,30,200,30
3341,160,30,160,30
3342,240,120,240,120
3343,240,120,240,120
3344,120,120,120,120
3345,280,120,280,120
3346,280,120,280,120
3347,360,30,360,30
3348,200,30,200,30
3349,200,210,200,210
3350,280,210,280,210
3351,360,30,360,30
3352,160,30,160,30
3353,80,30,80,30
3354,240,120,240,120
3355,240,120,240,120
3356,200,120,200,120
3357,120,120,120,120
3358,200,120,200,120
3359,240,30,240,30
3360,200,120,200,120
3361,280,120,280,120
3362,280,120,280,120
3363,200,120,200,120
3364,120,120,120,120
3365,200,120,200,120
3366,200,120,200,120
3367,200,120,200,120
3368,160,30,160,30
3369,120,30,120,30
3370,160,30,160,30
3371,120,30,120,30
3372,120,30,120,30
3373,120,30,120,30
3374,120,30,120,30
3375,120,30,120,30
3376,120,30,120,30
3377,120,30,120,30
3378,120,30,120,30
3379,120,30,120,30
3380,280,30,280,30
3381,160,30,160,30
3382,120,120,120,120
3383,120,120,120,120
3384,120,120,120,120
3385,120,30,120,30
3386,120,30,120,30
3387,160,30,160,30
3388,200,30,200,30
3389,120,30,120,30
3390,120,30,120,30
3391,120,120,120,120
3392,120,30,120,30
3393,120,30,120,30
3394,120,30,120,30
3395,120,120,120,120
3396,120,120,120,120
3397,120,30,120,30
3398,200,30,200,30
3399,280,30,280,30
3400,120,120,120,120
3401,120,120,120,120
3402,120,120,120,120
3403,120,120,120,120
3404,120,120,120,120
3405,120,120,120,120
3406,160,120,160,120
3407,160,30,160,30
3408,240,30,240,30
3409,200,30,200,30
3410,320,30,320,30
3411,240,30,240,30
3412,160,120,160,120
3413,160,120,160,120
3414,240,30,240,30
3415,200,120,200,120
3416,160,120,160,120
3417,400,120,400,120
3418,240,120,240,120
3419,240,120,240,120
3420,160,120,160,120
3421,160,30,160,30
3422,120,30,120,30
3423,120,30,120,30
3424,240,30,240,30
3425,240,120,240,120
3426,200,120,200,120
3427,280,30,280,30
3428,160,120,160,120
3429,200,120,200,120
3430,200,120,200,120
3431,160,120,160,120
3432,160,120,160,120
3433,160,120,160,120
3434,160,120,160,120
3435,160,120,160,120
3436,160,120,160,120
3437,160,120,160,120
3438,400,30,400,30
3439,280,120,280,120
3440,240,120,240,120
3441,400,30,400,30
3442,400,30,400,30
3443,240,120,240,120
3444,240,120,240,120
3445,320,120,320,120
3446,360,30,360,30
3447,240,30,240,30
3448,360,30,360,30
3449,240,30,240,30
3450,280,120,280,120
3451,240,30,240,30
3452,200,30,200,30
3453,200,30,200,30
3454,160,30,160,30
3455,200,120,200,120
3456,320,120,320,120
3457,240,30,240,30
3458,240,30,240,30
3459,280,30,280,30
3460,200,120,200,120
3461,160,120,160,120
3462,200,30,200,30
3463,240,120,240,120
3464,160,120,160,120
3465,240,120,240,120
3466,200,30,200,30
3467,160,120,160,120
3468,320,30,320,30
3469,240,30,240,30
3470,400,30,400,30
3471,240,120,240,120
3472,160,120,160,120
3473,160,120,160,120
3474,200,30,200,30
3475,240,120,240,120
3476,160,120,160,120
3477,240,120,240,120
3478,200,120,200,120
3479,160,120,160,120
3480,160,120,160,120
3481,320,120,320,120
3482,280,30,280,30
3483,200,120,200,120
3484,120,120,120,120
3485,120,120,120,120
3486,120,120,120,120
3487,120,120,120,120
3488,120,120,120,120
3489,120,120,120,120
3490,120,120,120,120
3491,280,30,280,30
3492,120,120,120,120
3493,120,120,120,120
3494,120,120,120,120
3495,280,30,280,30
3496,320,30,320,30
3497,160,30,160,30
3498,200,30,200,30
3499,160,120,160,120
3500,160,120,160,120
3501,200,30,200,30
3502,120,120,120,120
3503,120,120,120,120
3504,160,30,160,30
3505,120,120,120,120
3506,120,120,120,120
3507,120,120,120,120
3508,120,120,120,120
3509,120,120,120,120
3510,160,120,160,120
3511,160,120,160,120
3512,160,120,160,120
3513,400,120,400,120
3514,280,120,280,120
3515,360,120,360,120
3516,360,120,360,120
3517,120,120,120,120
3518,120,120,120,120
3519,40,210,40,210
3520,280,210,280,210
3521,200,210,200,210
3522,320,210,320,210
3523,120,120,120,120
3524,120,120,120,120
3525,120,30,120,30
3526,120,210,120,210
3527,120,210,120,210
3528,280,120,280,120
3529,160,120,160,120
3530,120,210,120,210
3531,120,210,120,210
3532,120,210,120,210
3533,120,30,120,30
3534,120,30,120,30
3535,120,30,120,30
3536,120,30,120,30
3537,120,30,120,30
3538,160,210,160,210
3539,160,210,160,210
3540,120,30,120,30
3541,120,30,120,30
3542,120,30,120,30
3543,120,30,120,30
3544,280,30,280,30
3545,280,30,280,30
3546,200,210,200,210
3547,120,210,120,210
3548,160,30,160,30
3549,120,210,120,210
3550,120,210,120,210
3551,200,180,200,180
3552,200,180,200,180
3553,200,180,200,180
3554,120,180,120,180
3555,120,180,120,180
3556,120,180,120,180
3557,200,180,200,180
3558,200,180,200,180
3559,240,180,240,180
3560,160,180,160,180
3561,160,180,160,180
3562,160,180,160,180
3563,240,180,240,180
3564,240,180,240,180
3565,200,180,200,180
3566,160,180,160,180
3567,160,180,160,180
3568,160,180,160,180
3569,160,180,160,180
3570,160,180,160,180
3571,160,180,160,180
3572,160,180,160,180
3573,160,180,160,180
3574,160,180,160,180
3575,160,180,160,180
3576,160,180,160,180
3577,320,180,320,180
3578,160,180,160,180
3579,160,180,160,180
3580,160,180,160,180
3581,160,180,160,180
3582,160,180,160,180
3583,160,180,160,180
3584,360,180,360,180
3585,160,180,160,180
3586,240,180,240,180
3587,160,180,160,180
3588,160,180,160,180
3589,200,180,200,180
3590,280,270,280,270
3591,240,180,240,180
3592,160,180,160,180
3593,160,180,160,180
3594,160,180,160,180
3595,320,180,320,180
3596,360,180,360,180
3597,160,180,160,180
3598,160,180,160,180
3599,200,180,200,180
3600,120,270,120,270
3601,200,180,200,180
3602,200,180,200,180
3603,160,180,160,180
3604,120,270,120,270
3605,120,270,120,270
3606,200,180,200,180
3607,120,180,120,180
3608,120,180,120,180
3609,120,270,120,270
3610,120,270,120,270
3611,120,270,120,270
3612,120,270,120,270
3613,120,270,120,270
3614,160,270,160,270
3615,200,180,200,180
3616,120,270,120,270
3617,320,270,320,270
3618,120,270,120,270
3619,200,270,200,270
3620,120,270,120,270
3621,200,270,200,270
3622,200,270,200,270
3623,200,270,200,270
3624,120,180,120,180
3625,200,180,200,180
3626,120,270,120,270
3627,160,270,160,270
3628,160,270,160,270
3629,200,180,200,180
3630,200,180,200,180
3631,120,180,120,180
3632,120,180,120,180
3633,240,180,240,180
3634,320,180,320,180
3635,280,180,280,180
3636,120,270,120,270
3637,120,270,120,270
3638,160,270,160,270
3639,160,270,160,270
3640,320,180,320,180
3641,120,180,120,180
3642,280,180,280,180
3643,360,180,360,180
3644,120,180,120,180
3645,120,180,120,180
3646,160,180,160,180
3647,160,180,160,180
3648,280,270,280,270
3649,160,270,160,270
3650,200,270,200,270
3651,320,270,320,270
3652,280,270,280,270
3653,240,270,240,270
3654,320,270,320,270
3655,360,270,360,270
3656,240,270,240,270
3657,40,180,40,180
3658,120,180,120,180
3659,120,180,120,180
3660,200,180,200,180
3661,160,180,160,180
3662,160,180,160,180
3663,200,270,200,270
3664,120,270,120,270
3665,120,180,120,180
3666,120,180,120,180
3667,120,180,120,180
3668,120,120,120,120
3669,120,120,120,120
3670,240,30,240,30
3671,320,30,320,30
3672,280,30,280,30
3673,240,30,240,30
3674,240,30,240,30
3675,320,30,320,30
3676,280,30,280,30
3677,280,30,280,30
3678,280,120,280,120
3679,240,120,240,120
3680,120,120,120,120
3681,360,30,360,30
3682,280,30,280,30
3683,280,30,280,30
3684,240,30,240,30
3685,240,30,240,30
3686,240,30,240,30
3687,240,30,240,30
3688,240,30,240,30
3689,240,30,240,30
3690,240,30,240,30
3691,280,30,280,30
3692,280,120,280,120
3693,440,120,440,120
3694,240,30,240,30
3695,240,30,240,30
3696,280,30,280,30
3697,240,30,240,30
3698,280,30,280,30
3699,240,30,240,30
3700,240,30,240,30
3701,320,30,320,30
3702,440,30,440,30
3703,240,30,240,30
3704,240,30,240,30
3705,240,30,240,30
3706,240,30,240,30
3707,280,30,280,30
3708,160,270,160,270
3709,200,270,200,270
3710,160,270,160,270
3711,160,270,160,270
3712,240,270,240,270
3713,160,270,160,270
3714,120,270,120,270
3715,120,270,120,270
3716,120,270,120,270
3717,120,270,120,270
3718,200,270,200,270
3719,200,120,200,120
3720,160,270,160,270
3721,200,180,200,180
3722,320,180,320,180
3723,240,180,240,180
3724,240,180,240,180
3725,240,180,240,180
3726,320,180,320,180
3727,280,180,280,180
3728,320,180,320,180
3729,280,180,280,180
3730,320,180,320,180
3731,240,180,240,180
3732,320,180,320,180
3733,200,180,200,180
3734,400,0,400,0
3735,200,180,200,180
3736,240,180,240,180
3737,320,180,320,180
3738,240,180,240,180
3739,240,180,240,180
3740,240,180,240,180
3741,240,180,240,180
3742,240,180,240,180
3743,240,180,240,180
3744,240,180,240,180
3745,280,180,280,180
3746,240,180,240,180
3747,240,180,240,180
3748,320,180,320,180
3749,320,180,320,180
3750,240,180,240,180
3751,200,180,200,180
3752,400,0,400,0
3753,280,0,280,0
3754,240,180,240,180
3755,240,180,240,180
3756,240,180,240,180
3757,240,180,240,180
3758,240,180,240,180
3759,240,180,240,180
3760,240,180,240,180
3761,360,180,360,180
3762,320,180,320,180
3763,360,180,360,180
3764,320,180,320,180
3765,240,180,240,180
3766,480,180,480,180
3767,240,180,240,180
3768,360,180,360,180
3769,240,180,240,180
3770,280,180,280,180
3771,320,180,320,180
3772,280,180,280,180
3773,240,180,240,180
3774,320,180,320,180
3775,360,180,360,180
3776,240,180,240,180
3777,360,180,360,180
3778,360,180,360,180
3779,200,180,200,180
3780,280,180,280,180
3781,280,180,280,180
3782,280,180,280,180
3783,240,180,240,180
3784,240,0,240,0
3785,280,180,280,180
3786,280,180,280,180
3787,240,180,240,180
3788,280,180,280,180
3789,280,180,280,180
3790,320,180,320,180
3791,280,180,280,180
3792,240,180,240,180
3793,240,180,240,180
3794,320,180,320,180
3795,240,180,240,180
3796,320,180,320,180
3797,280,180,280,180
3798,320,0,320,0
3799,360,0,360,0
3800,320,0,320,0
3801,320,120,320,120
3802,120,30,120,30
3803,200,120,200,120
3804,80,210,80,210
3805,280,180,280,180
3806,480,180,480,180
3807,120,210,120,210
3808,240,180,240,180
3809,280,0,280,0
3810,160,210,160,210
3811,240,30,240,30
3812,160,180,160,180
3813,240,210,240,210
3814,280,210,280,210
3815,120,270,120,270
3816,240,270,240,270
3817,320,210,320,210
3818,280,120,280,120
3819,120,210,120,210
3820,240,210,240,210
3821,120,30,120,30
3822,360,30,360,30
3823,240,120,240,120
3824,160,270,160,270
3825,200,120,200,120
3826,120,120,120,120
3827,120,120,120,120
3828,200,120,200,120
3829,200,120,200,120
3830,120,30,120,30
3831,320,210,320,210
3832,240,180,240,180
3833,120,210,120,210
3834,280,180,280,180
3835,160,120,160,120
3836,280,30,280,30
3837,240,30,240,30
3838,280,180,280,180
3839,200,270,200,270
3840,80,180,80,180
3841,120,180,120,180
3842,200,180,200,180
3843,160,30,160,30
3844,360,30,360,30
3845,240,30,240,30
3846,280,30,280,30
3847,280,180,280,180
3848,360,0,360,0
3849,240,0,240,0
3850,200,0,200,0
3851,240,120,240,120
3852,280,0,280,0
3853,280,180,280,180
3854,440,180,440,180
3855,400,180,400,180
3856,280,0,280,0
3857,40,180,40,180
3858,40,210,40,210
3859,40,210,40,210
3860,200,210,200,210
3861,160,180,160,180
3862,360,180,360,180
3863,200,180,200,180
3864,400,0,400,0
3865,400,180,400,180
3866,360,180,360,180
3867,280,180,280,180
3868,280,120,280,120
3869,240,30,240,30
3870,200,120,200,120
3871,360,0,360,0
3872,280,0,280,0
3873,240,0,240,0
3874,240,0,240,0
3875,200,0,200,0
3876,240,0,240,0
3877,280,0,280,0
3878,240,0,240,0
3879,200,0,200,0
3880,240,0,240,0
3881,280,0,280,0
3882,240,0,240,0
3883,240,0,240,0
3884,240,0,240,0
3885,200,0,200,0
3886,240,120,240,120
3887,240,120,240,120
3888,280,120,280,120
3889,240,120,240,120
3890,360,30,360,30
3891,240,30,240,30
3892,240,120,240,120
3893,240,120,240,120
3894,120,0,120,0
3895,160,0,160,0
3896,240,120,240,120
3897,280,30,280,30
3898,240,30,240,30
3899,280,30,280,30
3900,200,30,200,30
3901,280,30,280,30
3902,280,30,280,30
3903,400,30,400,30
3904,240,30,240,30
3905,240,30,240,30
3906,480,30,480,30
3907,480,30,480,30
3908,360,30,360,30
3909,440,30,440,30
3910,240,30,240,30
3911,320,0,320,0
3912,240,30,240,30
3913,240,30,240,30
3914,240,0,240,0
3915,280,30,280,30
3916,360,30,360,30
3917,280,30,280,30
3918,280,30,280,30
3919,240,30,240,30
3920,320,30,320,30
3921,240,30,240,30
3922,240,30,240,30
3923,280,30,280,30
3924,280,30,280,30
3925,280,0,280,0
3926,280,0,280,0
3927,280,0,280,0
3928,240,30,240,30
3929,360,30,360,30
3930,240,30,240,30
3931,160,30,160,30
3932,280,30,280,30
3933,280,30,280,30
3934,280,30,280,30
3935,240,30,240,30
3936,240,30,240,30
3937,280,30,280,30
3938,280,30,280,30
3939,320,30,320,30
3940,240,30,240,30
3941,360,30,360,30
3942,320,30,320,30
3943,320,30,320,30
3944,320,30,320,30
3945,240,30,240,30
3946,320,30,320,30
3947,320,30,320,30
3948,320,30,320,30
3949,320,30,320,30
3950,240,30,240,30
3951,280,30,280,30
3952,240,30,240,30
3953,240,30,240,30
3954,320,30,320,30
3955,240,30,240,30
3956,320,30,320,30
3957,320,30,320,30
3958,360,30,360,30
3959,360,30,360,30
3960,320,30,320,30
3961,400,30,400,30
3962,400,30,400,30
3963,400,30,400,30
3964,320,30,320,30
3965,240,30,240,30
3966,360,30,360,30
3967,240,30,240,30
3968,400,30,400,30
3969,480,30,480,30
3970,360,30,360,30
3971,360,30,360,30
3972,360,0,360,0
3973,280,0,280,0
3974,360,0,360,0
3975,320,0,320,0
3976,360,0,360,0
3977,240,0,240,0
3978,280,30,280,30
3979,240,30,240,30
3980,240,30,240,30
3981,80,270,80,270
3982,200,270,200,270
3983,280,270,280,270
3984,240,120,240,120
3985,240,120,240,120
3986,320,120,320,120
3987,320,120,320,120
3988,280,180,280,180
3989,120,210,120,210
3990,200,210,200,210
3991,240,120,240,120
3992,240,120,240,120
3993,200,180,200,180
3994,240,180,240,180
3995,160,30,160,30
3996,240,120,240,120
3997,280,120,280,120
3998,240,120,240,120
3999,240,120,240,120
4000,120,30,120,30
4001,120,30,120,30
4002,320,30,320,30
4003,200,210,200,210
4004,160,210,160,210
4005,240,210,240,210
4006,240,210,240,210
4007,240,210,240,210
4008,160,210,160,210
4009,160,210,160,210
4010,200,210,200,210
4011,240,210,240,210
4012,200,210,200,210
4013,160,120,160,120
4014,160,120,160,120
4015,160,210,160,210
4016,200,210,200,210
4017,160,210,160,210
4018,200,210,200,210
4019,200,210,200,210
4020,160,210,160,210
4021,160,210,160,210
4022,200,210,200,210
4023,200,210,200,210
4024,40,30,40,30
4025,160,120,160,120
4026,200,210,200,210
4027,160,210,160,210
4028,200,210,200,210
4029,160,210,160,210
4030,320,210,320,210
4031,280,210,280,210
4032,200,210,200,210
4033,240,210,240,210
4034,200,210,200,210
4035,160,210,160,210
4036,200,210,200,210
4037,120,210,120,210
4038,120,210,120,210
4039,120,30,120,30
4040,280,30,280,30
4041,120,210,120,210
4042,280,210,280,210
4043,120,210,120,210
4044,120,210,120,210
4045,120,210,120,210
4046,120,210,120,210
4047,120,210,120,210
4048,120,210,120,210
4049,120,210,120,210
4050,120,210,120,210
4051,280,210,280,210
4052,120,270,120,270
4053,120,270,120,270
4054,200,270,200,270
4055,120,270,120,270
4056,160,270,160,270
4057,120,270,120,270
4058,160,270,160,270
4059,120,270,120,270
4060,120,270,120,270
4061,120,270,120,270
4062,120,270,120,270
4063,200,270,200,270
4064,240,180,240,180
4065,320,180,320,180
4066,240,180,240,180
4067,240,180,240,180
4068,280,180,280,180
4069,240,180,240,180
4070,240,180,240,180
4071,240,180,240,180
4072,80,210,80,210
4073,200,210,200,210
4074,400,180,400,180
4075,240,180,240,180
4076,240,180,240,180
4077,240,180,240,180
4078,240,180,240,180
4079,320,180,320,180
4080,320,180,320,180
4081,240,180,240,180
4082,360,210,360,210
4083,280,180,280,180
4084,120,270,120,270
4085,240,120,240,120
4086,240,120,240,120
4087,280,180,280,180
4088,240,180,240,180
4089,400,180,400,180
4090,320,180,320,180
4091,360,180,360,180
4092,240,180,240,180
4093,160,270,160,270
4094,240,270,240,270
4095,200,270,200,270
4096,200,270,200,270
4097,240,270,240,270
4098,200,270,200,270
4099,240,180,240,180
4100,280,180,280,180
4101,240,180,240,180
4102,280,180,280,180
4103,360,180,360,180
