condition_model,PCSDesc,criticality_model,CRITICAL_SCR
0,0.25,0,0.6225
0,0.25,0,0.4332000122
0,0.25,0,0.4332000122
0,0.25,0,0.5092499695
0,0.25,0,0.72
0,0.25,0,0.72
0,0.25,0,0.72
0,0.25,0,0.4785499878
0,0.25,0,0.92
0,0.25,0,0.8293999634
0,0.25,0,0.92
0,0.25,0,0.7337000732
0,0.05,0,0.7509500732000001
0,0.25,0,0.6348000488
0,0.25,0,0.5319000244000001
0,0.25,0,0.5319000244000001
0,0.25,0,0.5319000244000001
0,0.25,0,0.5319000244000001
0,0.25,0,0.586
0,0.25,0,0.72
0,0.25,0,0.92
0,0.25,0,0.5092499695
0,0.25,0,0.4724999695
0,0.15,0,0.475
0,0.15,0,0.475
0,0.25,0,0.495
0,0.05,0,0.4960999756
0,0.05,0,0.4960999756
0,0.05,0,0.4960999756
0,0.25,0,0.40634997559999997
0,0.25,0,0.40634997559999997
0,0.25,0,0.541
0,0.25,0,0.541
0,0.25,0,0.541
0,0.25,0,0.541
0,0.25,0,0.7776999512
0,0.25,0,0.7776999512
0,0.25,0,0.894000061
0,0.25,0,0.894000061
0,0.25,0,0.894000061
0,0.25,0,0.46075003049999996
0,0.25,0,0.541
0,0.25,0,0.541
0,0.25,0,0.469
0,0.25,0,0.4938999939
0,0.25,0,0.469
0,0.25,0,0.469
0,0.25,0,0.469
0,0.15,0,0.5853499756
0,0.15,0,0.6265999756
0,0.15,0,0.6265999756
0,0.15,0,0.6265999756
0,0.15,0,0.5267000122
0,0.15,0,0.5267000122
0,0.15,0,0.5267000122
0,0.15,0,0.5267000122
0,0.15,0,0.5267000122
0,0.15,0,0.5267000122
0,0.05,0,0.7275
0,0.25,0,0.46075003049999996
0,0.25,0,0.46075003049999996
0,0.25,0,0.5480999756
0,0.25,0,0.5480999756
0,0.15,0,0.6108000488
0,0.15,0,0.4913999634
0,0.15,0,0.4913999634
0,0.15,0,0.6616999512
0,0.15,0,0.6616999512
0,0.25,0,0.485
0,0.25,0,0.485
0,0.25,0,0.5092499695
0,0.25,0,0.5092499695
0,0.25,0,0.55775
0,0.25,0,0.8386000365999999
0,0.25,0,0.8386000365999999
0,0.25,0,0.8386000365999999
0,0.25,0,0.8386000365999999
0,0.25,0,0.8386000365999999
0,0.25,0,0.55775
0,0.25,0,0.55775
0,0.25,0,0.55775
0,0.25,0,0.55775
0,0.05,0,0.6902000121999999
0,0.25,0,0.5393499756
0,0.25,0,0.5393499756
0,0.25,0,0.5393499756
0,0.25,0,0.5393499756
0,0.25,0,0.5393499756
0,0.25,0,0.5393499756
0,0.25,0,0.5393499756
0,0.25,0,0.5393499756
0,0.25,0,0.5393499756
0,0.25,0,0.6302000122
0,0.25,0,0.6302000122
0,0.25,0,0.5501999512
0,0.25,0,0.6302000122
0,0.25,0,0.4724999695
0,0.25,0,0.6302000122
0,0.25,0,0.4835500183
0,0.25,0,0.46980001829999996
0,0.25,0,0.45810000609999996
0,0.25,0,0.46980001829999996
0,0.3,0,0.6589000244000001
0,0.25,0,0.449
0,0.3,0,0.6108000488
0,0.05,0,0.6902000121999999
0,0.05,0,0.6902000121999999
0,0.05,0,0.6902000121999999
0,0.05,0,0.8432000122
0,0.25,0,0.5784000244
0,0.25,0,0.5928000488
0,0.05,0,0.7787000122
0,0.05,0,0.7787000122
0,0.25,0,0.449
0,0.25,0,0.5480999756
0,0.25,0,0.40410000609999996
0,0.25,0,0.522
0,0.25,0,0.522
0,0.25,0,0.522
0,0.25,0,0.522
0,0.25,0,0.4958999939
0,0.25,0,0.4958999939
0,0.25,0,0.4958999939
0,0.25,0,0.5599000244
0,0.25,0,0.6108000488
0,0.25,0,0.6108000488
0,0.25,0,0.6108000488
0,0.25,0,0.6108000488
0,0.25,0,0.6108000488
0,0.25,0,0.6108000488
0,0.25,0,0.5480999756
0,0.25,0,0.5480999756
0,0.25,0,0.445
0,0.25,0,0.8386000365999999
0,0.25,0,0.8386000365999999
0,0.25,0,0.46980001829999996
0,0.25,0,0.46980001829999996
0,0.25,0,0.522
0,0.25,0,0.522
0,0.3,0,0.43264999390000003
0,0.3,0,0.43264999390000003
0,0.25,0,0.5335
0,0.25,0,0.5727000122
0,0.25,0,0.5727000122
0,0.25,0,0.60625
0,0.25,0,0.60625
0,0.15,0,0.6025
0,0.25,0,0.522
0,0.15,0,0.6025
0,0.25,0,0.4227500305
0,0.25,0,0.4227500305
0,0.05,0,0.4475999756
0,0.05,0,0.4475999756
0,0.25,0,0.5727000122
0,0.25,0,0.5727000122
0,0.25,0,0.5795999756
0,0.25,0,0.735
0,0.25,0,0.735
0,0.25,0,0.4416000366
0,0.25,0,0.67375
0,0.25,0,0.6302000122
0,0.25,0,0.4388999939
0,0.25,0,0.5375999756
0,0.25,0,0.5565999756
0,0.3,0,0.485
0,0.2,0,0.7124000244
0,0.2,0,0.5785
0,0.25,0,0.5565999756
0,0.25,0,0.5565999756
0,0.2,0,0.7124000244
0,0.2,0,0.7124000244
0,0.25,0,0.4462499695
0,0.25,0,0.4462499695
0,0.25,0,0.5727000122
0,0.25,0,0.46980001829999996
0,0.25,0,0.5659499512
0,0.25,0,0.46980001829999996
0,0.25,0,0.55775
0,0.25,0,0.55775
0,0.3,0,0.498
0,0.25,0,0.55775
0,0.25,0,0.46980001829999996
0,0.25,0,0.46980001829999996
0,0.25,0,0.46980001829999996
0,0.05,0,0.7308000488
0,0.05,0,0.7308000488
0,0.25,0,0.5092499695
0,0.05,0,0.7308000488
0,0.25,0,0.41580001829999996
0,0.25,0,0.41580001829999996
0,0.25,0,0.63625
0,0.25,0,0.63625
0,0.25,0,0.63625
0,0.25,0,0.63625
0,0.25,0,0.5388000488
0,0.25,0,0.50025
0,0.2,0,0.7124000244
0,0.05,0,0.7380500488
0,0.15,0,0.5092499695
0,0.15,0,0.5092499695
0,0.25,0,0.4958999939
0,0.25,0,0.4958999939
0,0.15,0,0.5092499695
0,0.15,0,0.5092499695
0,0.15,0,0.5092499695
0,0.15,0,0.5092499695
0,0.15,0,0.5092499695
0,0.15,0,0.5092499695
0,0.25,0,0.4958999939
0,0.25,0,0.4958999939
0,0.25,0,0.449
0,0.15,0,0.6025
0,0.25,0,0.469
0,0.25,0,0.5480999756
0,0.05,0,0.7787000122
0,0.05,0,0.7787000122
0,0.05,0,0.7787000122
0,0.25,0,0.522
0,0.25,0,0.522
0,0.25,0,0.522
0,0.25,0,0.46980001829999996
0,0.25,0,0.46980001829999996
0,0.25,0,0.522
0,0.25,0,0.6525
0,0.25,0,0.4388999939
0,0.25,0,0.6525
0,0.25,0,0.6525
0,0.25,0,0.5092499695
0,0.25,0,0.5092499695
0,0.25,0,0.5092499695
0,0.35,0,0.509
0,0.25,0,0.46980001829999996
0,0.25,0,0.46980001829999996
0,0.25,0,0.449
0,0.25,0,0.55775
0,0.25,0,0.55775
0,0.25,0,0.5501999512
0,0.25,0,0.5501999512
0,0.25,0,0.4724999695
0,0.25,0,0.4724999695
0,0.15,0,0.4913999634
0,0.25,0,0.4958999939
0,0.25,0,0.4958999939
0,0.15,0,0.6265999756
0,0.15,0,0.6265999756
0,0.25,0,0.5092499695
0,0.15,0,0.6265999756
0,0.15,0,0.6265999756
0,0.25,0,0.55775
0,0.2,0,0.5599000244
0,0.25,0,0.46980001829999996
0,0.05,0,0.5543000488000001
0,0.05,0,0.5543000488000001
0,0.25,0,0.35489999390000004
0,0.25,0,0.6302000122
0,0.25,0,0.5375999756
0,0.25,0,0.63625
0,0.15,0,0.5092499695
0,0.25,0,0.4958999939
0,0.2,0,0.5599000244
0,0.25,0,0.4388999939
0,0.2,0,0.5785
0,0.25,0,0.48875
0,0.25,0,0.5853499756
0,0.15,0,0.6265999756
0,0.15,0,0.5727000122
0,0.05,0,0.6902000121999999
0,0.25,0,0.5480999756
0,0.25,0,0.35489999390000004
0,0.25,0,0.35489999390000004
0,0.25,0,0.4056000366
0,0.25,0,0.4056000366
0,0.25,0,0.4056000366
0,0.25,0,0.4056000366
0,0.25,0,0.4056000366
0,0.25,0,0.54
0,0.25,0,0.5014000244
0,0.25,0,0.5014000244
0,0.25,0,0.8685499878
0,0.25,0,0.48480001829999997
0,0.05,0,0.8432000122
0,0.05,0,0.8432000122
0,0.05,0,0.8432000122
0,0.05,0,0.8432000122
0,0.25,0,0.5014000244
0,0.25,0,0.5014000244
0,0.25,0,0.38325
0,0.25,0,0.4015
0,0.25,0,0.4015
0,0.25,0,0.4015
0,0.25,0,0.4015
0,0.25,0,0.4015
0,0.25,0,0.4015
0,0.25,0,0.4015
0,0.25,0,0.4646000366
0,0.25,0,0.4646000366
0,0.25,0,0.4646000366
0,0.25,0,0.4646000366
0,0.25,0,0.4646000366
0,0.25,0,0.6108000488
0,0.25,0,0.6108000488
0,0.25,0,0.6108000488
0,0.25,0,0.6108000488
0,0.25,0,0.6108000488
0,0.25,0,0.6108000488
0,0.25,0,0.3968999634
0,0.25,0,0.3068999939
0,0.25,0,0.3068999939
0,0.25,0,0.3068999939
0,0.25,0,0.3068999939
0,0.25,0,0.3068999939
0,0.25,0,0.8685499878
0,0.25,0,0.6187999878
0,0.25,0,0.5244000244
0,0.25,0,0.6187999878
0,0.25,0,0.45625
0,0.25,0,0.45625
0,0.25,0,0.35489999390000004
0,0.25,0,0.35489999390000004
0,0.25,0,0.54
0,0.25,0,0.54
0,0.25,0,0.4692000122
0,0.25,0,0.3717999878
0,0.25,0,0.3717999878
0,0.25,0,0.3717999878
0,0.25,0,0.505
0,0.25,0,0.45625
0,0.25,0,0.35489999390000004
0,0.25,0,0.38325
0,0.25,0,0.55775
0,0.25,0,0.38325
0,0.25,0,0.38325
0,0.25,0,0.38325
0,0.25,0,0.38325
0,0.25,0,0.38325
0,0.25,0,0.3968999634
0,0.25,0,0.3968999634
0,0.25,0,0.41475
0,0.25,0,0.3968999634
0,0.25,0,0.3968999634
0,0.25,0,0.3968999634
0,0.25,0,0.6525
0,0.25,0,0.341
0,0.25,0,0.341
0,0.25,0,0.341
0,0.25,0,0.341
0,0.25,0,0.341
0,0.25,0,0.341
0,0.25,0,0.341
0,0.25,0,0.341
0,0.25,0,0.341
0,0.25,0,0.3068999939
0,0.25,0,0.341
0,0.05,0,0.4347000122
0,0.05,0,0.4347000122
0,0.05,0,0.4347000122
0,0.25,0,0.3591000366
0,0.05,0,0.4347000122
0,0.05,0,0.4347000122
0,0.05,0,0.4347000122
0,0.05,0,0.4347000122
0,0.25,0,0.41475
0,0.25,0,0.41475
0,0.25,0,0.41475
0,0.25,0,0.41475
0,0.25,0,0.41475
0,0.25,0,0.41475
0,0.25,0,0.41475
0,0.25,0,0.41475
0,0.25,0,0.41475
0,0.25,0,0.41475
0,0.2,0,0.5599000244
0,0.25,0,0.5375999756
0,0.25,0,0.5375999756
0,0.25,0,0.5375999756
0,0.25,0,0.8685499878
0,0.25,0,0.8685499878
0,0.25,0,0.3923500061
0,0.25,0,0.4347000122
0,0.25,0,0.4347000122
0,0.25,0,0.5480999756
0,0.25,0,0.5480999756
0,0.25,0,0.5480999756
0,0.25,0,0.4692000122
0,0.25,0,0.4692000122
0,0.25,0,0.449
0,0.25,0,0.449
0,0.25,0,0.522
0,0.25,0,0.522
0,0.25,0,0.61425
0,0.25,0,0.61425
0,0.25,0,0.61425
0,0.25,0,0.61425
0,0.25,0,0.5915
0,0.25,0,0.5915
0,0.25,0,0.5915
0,0.25,0,0.4347000122
0,0.25,0,0.4646000366
0,0.25,0,0.69
0,0.25,0,0.69
0,0.25,0,0.3717999878
0,0.25,0,0.3717999878
0,0.25,0,0.41975
0,0.25,0,0.41975
0,0.25,0,0.3591000366
0,0.05,0,0.6076000366
0,0.05,0,0.6076000366
0,0.05,0,0.6076000366
0,0.05,0,0.6076000366
0,0.05,0,0.6076000366
0,0.05,0,0.6076000366
0,0.25,0,0.3591000366
0,0.25,0,0.3591000366
0,0.25,0,0.3591000366
0,0.25,0,0.3591000366
0,0.25,0,0.3591000366
0,0.25,0,0.3591000366
0,0.25,0,0.3591000366
0,0.25,0,0.3591000366
0,0.25,0,0.3591000366
0,0.25,0,0.3591000366
0,0.15,0,0.4913999634
0,0.15,0,0.4913999634
0,0.15,0,0.4913999634
0,0.15,0,0.4913999634
0,0.15,0,0.4913999634
0,0.25,0,0.5480999756
0,0.25,0,0.5480999756
0,0.25,0,0.45360003660000003
0,0.25,0,0.5393499756
0,0.25,0,0.5393499756
0,0.3,0,0.4347000122
0,0.25,0,0.48480001829999997
0,0.05,0,0.6902000121999999
0,0.05,0,0.6902000121999999
0,0.25,0,0.5727000122
0,0.25,0,0.5727000122
0,0.25,0,0.4347000122
0,0.25,0,0.4347000122
0,0.25,0,0.449
0,0.05,0,0.52925
0,0.05,0,0.52925
0,0.05,0,0.7380500488
0,0.05,0,0.7380500488
0,0.05,0,0.52925
0,0.25,0,0.5501999512
0,0.25,0,0.5501999512
0,0.25,0,0.41475
0,0.25,0,0.41475
0,0.25,0,0.4347000122
0,0.25,0,0.4347000122
0,0.25,0,0.4347000122
0,0.25,0,0.4347000122
0,0.25,0,0.6003000488
0,0.25,0,0.6003000488
0,0.25,0,0.4056000366
0,0.25,0,0.4056000366
0,0.25,0,0.6302000122
0,0.25,0,0.6302000122
0,0.05,0,0.8432000122
0,0.25,0,0.5344499511999999
0,0.25,0,0.4227500305
0,0.25,0,0.4227500305
0,0.25,0,0.6003000488
0,0.25,0,0.6003000488
0,0.25,0,0.4692000122
0,0.25,0,0.4692000122
0,0.25,0,0.4692000122
0,0.25,0,0.4692000122
0,0.25,0,0.4835500183
0,0.05,0,0.5543000488000001
0,0.25,0,0.5092499695
0,0.25,0,0.5092499695
0,0.05,0,0.7308000488
0,0.3,0,0.43264999390000003
0,0.25,0,0.4157999878
0,0.25,0,0.4157999878
0,0.25,0,0.4157999878
0,0.25,0,0.41975
0,0.25,0,0.4157999878
0,0.25,0,0.41975
0,0.25,0,0.41975
0,0.15,0,0.6025
0,0.15,0,0.5267000122
0,0.15,0,0.5267000122
0,0.15,0,0.5267000122
0,0.15,0,0.5267000122
0,0.25,0,0.41475
0,0.25,0,0.41475
0,0.25,0,0.5727000122
0,0.25,0,0.5727000122
0,0.25,0,0.5727000122
0,0.25,0,0.522
0,0.15,0,0.6025
0,0.15,0,0.6025
0,0.25,0,0.45810000609999996
0,0.25,0,0.522
0,0.05,0,0.4225
0,0.25,0,0.522
0,0.25,0,0.5393499756
0,0.25,0,0.5393499756
0,0.25,0,0.5393499756
0,0.25,0,0.6616999512
0,0.25,0,0.6616999512
0,0.1,0,0.6935999756
0,0.1,0,0.6935999756
0,0.25,0,0.6616999512
0,0.25,0,0.5393499756
0,0.25,0,0.5393499756
0,0.25,0,0.5393499756
0,0.25,0,0.5393499756
0,0.25,0,0.6025
0,0.25,0,0.6785999756
0,0.25,0,0.7046999512
0,0.25,0,0.6305
0,0.15,0,0.6972000121999999
0,0.15,0,0.6972000121999999
0,0.25,0,0.7046999512
0,0.25,0,0.7046999512
0,0.25,0,0.6108000488
0,0.15,0,0.6972000121999999
0,0.15,0,0.7046999512
0,0.15,0,0.7046999512
0,0.15,0,0.7635
0,0.15,0,0.7046999512
0,0.15,0,0.7125999756
0,0.25,0,0.6305
0,0.25,0,0.6305
0,0.25,0,0.6305
0,0.25,0,0.6305
0,0.25,0,0.6108000488
0,0.25,0,0.6108000488
0,0.25,0,0.6108000488
0,0.25,0,0.6108000488
0,0.25,0,0.6108000488
0,0.25,0,0.6108000488
0,0.25,0,0.6108000488
0,0.25,0,0.6108000488
0,0.25,0,0.6108000488
0,0.15,0,0.7672000121999999
0,0.15,0,0.5525
0,0.25,0,0.7343999634
0,0.25,0,0.7343999634
0,0.25,0,0.5369000244
0,0.25,0,0.7046999512
0,0.25,0,0.7046999512
0,0.25,0,0.7380500488
0,0.25,0,0.7046999512
0,0.25,0,0.7046999512
0,0.25,0,0.498
0,0.25,0,0.498
0,0.25,0,0.4632000122
0,0.25,0,0.7046999512
0,0.25,0,0.6347999878
0,0.25,0,0.5344499511999999
0,0.25,0,0.5344499511999999
0,0.25,0,0.5344499511999999
0,0.25,0,0.5344499511999999
0,0.25,0,0.5344499511999999
0,0.25,0,0.6264000244
0,0.25,0,0.6264000244
0,0.25,0,0.6264000244
0,0.25,0,0.6264000244
0,0.25,0,0.6264000244
0,0.25,0,0.4221000061
0,0.25,0,0.4221000061
0,0.25,0,0.7046999512
0,0.25,0,0.7343999634
0,0.25,0,0.7343999634
0,0.25,0,0.5480999756
0,0.25,0,0.5480999756
0,0.25,0,0.5480999756
0,0.25,0,0.5480999756
0,0.25,0,0.6785999756
0,0.25,0,0.6785999756
0,0.25,0,0.7046999512
0,0.25,0,0.7046999512
0,0.15,0,0.6972000121999999
0,0.15,0,0.6305
0,0.15,0,0.6495999756
0,0.15,0,0.7672000121999999
0,0.15,0,0.7672000121999999
0,0.25,0,0.67375
0,0.25,0,0.5424000244
0,0.25,0,0.51125
0,0.15,0,0.7125999756
0,0.25,0,0.4311000061
0,0.25,0,0.4311000061
0,0.2,0,0.5875999756
0,0.2,0,0.5875999756
0,0.2,0,0.5875999756
0,0.25,0,0.51125
0,0.15,0,0.7125999756
0,0.15,0,0.7125999756
0,0.25,0,0.5775
0,0.25,0,0.5775
0,0.25,0,0.5775
0,0.25,0,0.5775
0,0.25,0,0.4851000061
0,0.25,0,0.6264000244
0,0.25,0,0.5694000244
0,0.25,0,0.6264000244
0,0.25,0,0.6264000244
0,0.05,0,0.726
0,0.05,0,0.726
0,0.15,0,0.7380500488
0,0.15,0,0.7380500488
0,0.15,0,0.7380500488
0,0.15,0,0.7380500488
0,0.25,0,0.6005999756
0,0.25,0,0.6785999756
0,0.15,0,0.5480999756
0,0.15,0,0.5480999756
0,0.15,0,0.5480999756
0,0.15,0,0.5480999756
0,0.15,0,0.5480999756
0,0.15,0,0.5480999756
0,0.15,0,0.5480999756
0,0.15,0,0.5480999756
0,0.15,0,0.5480999756
0,0.25,0,0.6264000244
0,0.25,0,0.6264000244
0,0.25,0,0.6264000244
0,0.25,0,0.6264000244
0,0.25,0,0.46980001829999996
0,0.15,0,0.5480999756
0,0.15,0,0.5480999756
0,0.25,0,0.46980001829999996
0,0.25,0,0.6264000244
0,0.25,0,0.46980001829999996
0,0.15,0,0.7380500488
0,0.15,0,0.7380500488
0,0.15,0,0.7380500488
0,0.25,0,0.46980001829999996
0,0.25,0,0.46980001829999996
0,0.25,0,0.6264000244
0,0.25,0,0.6264000244
0,0.25,0,0.7046999512
0,0.25,0,0.6785999756
0,0.25,0,0.6108000488
0,0.25,0,0.6108000488
0,0.25,0,0.6264000244
0,0.25,0,0.6108000488
0,0.25,0,0.6108000488
0,0.25,0,0.6108000488
0,0.25,0,0.6108000488
0,0.25,0,0.6108000488
0,0.25,0,0.6108000488
0,0.25,0,0.5480999756
0,0.25,0,0.7124000244
0,0.25,0,0.7124000244
0,0.25,0,0.7124000244
0,0.25,0,0.7124000244
0,0.25,0,0.6305
0,0.25,0,0.6305
0,0.15,0,0.7635
0,0.25,0,0.7046999512
0,0.15,0,0.6972000121999999
0,0.15,0,0.6972000121999999
0,0.15,0,0.6972000121999999
0,0.25,0,0.6305
0,0.25,0,0.6305
0,0.25,0,0.7046999512
0,0.25,0,0.7046999512
0,0.25,0,0.7046999512
0,0.15,0,0.7380500488
0,0.15,0,0.7380500488
0,0.25,0,0.498
0,0.25,0,0.60075
0,0.25,0,0.6347999878
0,0.15,0,0.7125999756
0,0.15,0,0.7380500488
0,0.15,0,0.7380500488
0,0.15,0,0.7635
0,0.25,0,0.7046999512
0,0.25,0,0.7046999512
0,0.25,0,0.438
0,0.25,0,0.7046999512
0,0.25,0,0.7046999512
0,0.25,0,0.5344499511999999
0,0.25,0,0.5784000244
0,0.25,0,0.5784000244
0,0.25,0,0.4725
0,0.25,0,0.6871500244000001
0,0.25,0,0.6871500244000001
0,0.25,0,0.5480999756
0,0.25,0,0.5480999756
0,0.25,0,0.5775
0,0.25,0,0.5775
0,0.25,0,0.4851000061
0,0.25,0,0.4851000061
0,0.25,0,0.4851000061
0,0.25,0,0.4851000061
0,0.25,0,0.51125
0,0.25,0,0.6025
0,0.25,0,0.6025
0,0.25,0,0.7124000244
0,0.25,0,0.7124000244
0,0.25,0,0.67375
0,0.25,0,0.67375
0,0.25,0,0.5480999756
0,0.25,0,0.7046999512
0,0.25,0,0.4482000122
0,0.25,0,0.4482000122
0,0.25,0,0.5480999756
0,0.25,0,0.5480999756
0,0.15,0,0.7380500488
0,0.15,0,0.7380500488
0,0.25,0,0.4428000183
0,0.25,0,0.4428000183
0,0.25,0,0.5424000244
0,0.25,0,0.5424000244
0,0.2,0,0.5875999756
0,0.2,0,0.5875999756
0,0.15,0,0.5525
0,0.15,0,0.5525
0,0.25,0,0.6264000244
0,0.25,0,0.7343999634
0,0.25,0,0.7343999634
0,0.25,0,0.4056000366
0,0.25,0,0.4056000366
0,0.05,0,0.726
0,0.05,0,0.726
0,0.05,0,0.726
0,0.05,0,0.4745
0,0.15,0,0.5575500488
0,0.25,0,0.63
0,0.25,0,0.63
0,0.25,0,0.6425999756
0,0.25,0,0.45
0,0.25,0,0.45
0,0.25,0,0.45
0,0.25,0,0.6425999756
0,0.25,0,0.4588999939
0,0.25,0,0.574
0,0.25,0,0.574
0,0.25,0,0.4588999939
0,0.25,0,0.6075
0,0.25,0,0.6075
0,0.25,0,0.6075
0,0.25,0,0.6075
0,0.25,0,0.6075
0,0.25,0,0.6555
0,0.25,0,0.6555
0,0.25,0,0.6555
0,0.25,0,0.585
0,0.25,0,0.6555
0,0.25,0,0.585
0,0.25,0,0.7189000244
0,0.25,0,0.585
0,0.25,0,0.6075
0,0.25,0,0.6075
0,0.25,0,0.6155999756
0,0.25,0,0.6577999878
0,0.25,0,0.6577999878
0,0.25,0,0.6075
0,0.25,0,0.6075
0,0.25,0,0.6664000244
0,0.2,0,0.6664000244
0,0.25,0,0.6555
0,0.25,0,0.6336500244
0,0.25,0,0.6336500244
0,0.25,0,0.6336500244
0,0.25,0,0.5537999268
0,0.25,0,0.5537999268
0,0.25,0,0.6155999756
0,0.0,0,0.624
0,0.0,0,0.624
0,0.25,0,0.6577999878
0,0.15,0,0.5655
0,0.25,0,0.6664000244
0,0.2,0,0.6664000244
0,0.2,0,0.6664000244
0,0.2,0,0.5222000121999999
0,0.2,0,0.5222000121999999
0,0.25,0,0.6075
0,0.25,0,0.585
0,0.25,0,0.6555
0,0.25,0,0.6187999878
0,0.25,0,0.3717000122
0,0.25,0,0.6425999756
0,0.25,0,0.6075
0,0.25,0,0.6075
0,0.25,0,0.6664000244
0,0.25,0,0.6075
0,0.25,0,0.585
0,0.25,0,0.6075
0,0.25,0,0.6577999878
0,0.25,0,0.4749499817
0,0.25,0,0.5537999268
0,0.25,0,0.4749499817
0,0.25,0,0.34919998170000005
0,0.15,0,0.4928000183
0,0.25,0,0.4749499817
0,0.25,0,0.585
0,0.25,0,0.6555
0,0.25,0,0.6075
0,0.25,0,0.6075
0,0.25,0,0.6664000244
0,0.2,0,0.5222000121999999
0,0.2,0,0.5222000121999999
0,0.25,0,0.438
0,0.25,0,0.438
0,0.25,0,0.6555
0,0.25,0,0.6555
0,0.25,0,0.4588999939
0,0.25,0,0.4588999939
0,0.25,0,0.4059499817
0,0.25,0,0.3068999939
0,0.25,0,0.7189000244
0,0.25,0,0.7189000244
0,0.25,0,0.7189000244
0,0.25,0,0.7189000244
0,0.25,0,0.7189000244
0,0.25,0,0.7640999756
0,0.25,0,0.6577999878
0,0.25,0,0.6577999878
0,0.25,0,0.6577999878
0,0.25,0,0.4956000061
0,0.25,0,0.4956000061
0,0.25,0,0.6075
0,0.25,0,0.6075
0,0.0,0,0.675
0,0.0,0,0.675
0,0.25,0,0.5224499512
0,0.25,0,0.585
0,0.25,0,0.585
0,0.25,0,0.585
0,0.25,0,0.585
0,0.25,0,0.43364999390000003
0,0.0,0,0.675
0,0.0,0,0.675
0,0.25,0,0.5076000061
0,0.2,0,0.6525
0,0.2,0,0.63
0,0.25,0,0.43364999390000003
0,0.25,0,0.5680999756
0,0.25,0,0.4725
0,0.05,0,0.6463999634
0,0.05,0,0.6463999634
0,0.25,0,0.4939999695
0,0.25,0,0.4939999695
0,0.1,0,0.63
0,0.25,0,0.48879995730000003
0,0.05,0,0.6463999634
0,0.25,0,0.5453999634000001
0,0.25,0,0.5102999878
0,0.25,0,0.4725
0,0.25,0,0.4725
0,0.25,0,0.55025
0,0.25,0,0.4614999695
0,0.25,0,0.4614999695
0,0.25,0,0.3815999756
0,0.25,0,0.4614999695
0,0.25,0,0.4630499878
0,0.25,0,0.5487999878
0,0.25,0,0.5487999878
0,0.25,0,0.4630499878
0,0.25,0,0.4630499878
0,0.25,0,0.4630499878
0,0.25,0,0.3772999878
0,0.25,0,0.3772999878
0,0.25,0,0.3772999878
0,0.25,0,0.3772999878
0,0.25,0,0.363
0,0.25,0,0.3772999878
0,0.05,0,0.7195499878
0,0.05,0,0.76775
0,0.05,0,0.80925
0,0.05,0,0.7195499878
0,0.05,0,0.459
0,0.05,0,0.459
0,0.05,0,0.459
0,0.0,0,0.4896000061
0,0.0,0,0.4896000061
0,0.0,0,0.6688500366
0,0.35,0,0.50625
0,0.25,0,0.49375
0,0.25,0,0.7411499634000001
0,0.25,0,0.6164000244
0,0.25,0,0.6164000244
0,0.25,0,0.6164000244
0,0.25,0,0.7411499634000001
0,0.25,0,0.7411499634000001
0,0.25,0,0.7411499634000001
0,0.25,0,0.7411499634000001
0,0.15,0,0.4928000183
0,0.05,0,0.80925
0,0.05,0,0.459
0,0.0,0,0.5605499878000001
0,0.25,0,0.55025
0,0.25,0,0.497
0,0.25,0,0.5334000244
0,0.1,0,0.8015499268
0,0.1,0,0.64
0,0.1,0,0.62
0,0.1,0,0.62
0,0.25,0,0.396
0,0.25,0,0.48879995730000003
0,0.25,0,0.6
0,0.25,0,0.7640999756
0,0.25,0,0.5616000365999999
0,0.25,0,0.5656000365999999
0,0.25,0,0.47319998170000005
0,0.25,0,0.4056000366
0,0.25,0,0.46575
0,0.25,0,0.4347000122
0,0.05,0,0.7933500365999999
0,0.3,0,0.6285
0,0.3,0,0.378
0,0.35,0,0.5471499634
0,0.25,0,0.30875
0,0.15,0,0.5292000121999999
0,0.05,0,0.5108999634
0,0.25,0,0.3968999634
0,0.35,0,0.5050499878
0,0.3,0,0.5656000365999999
0,0.25,0,0.4157999878
0,0.25,0,0.4646000366
0,0.1,0,0.67025
0,0.05,0,0.6001000366
0,0.05,0,0.5698500366
0,0.05,0,0.5698500366
0,0.05,0,0.6423499756
0,0.35,0,0.589
0,0.05,0,0.6435
0,0.05,0,0.7195499878
0,0.05,0,0.6688500366
0,0.05,0,0.7933500365999999
0,0.05,0,0.74175
0,0.05,0,0.6220500488
0,0.25,0,0.505
0,0.25,0,0.5481000366
0,0.35,0,0.5640500488
0,0.15,0,0.7635
0,0.15,0,0.6616999512
0,0.15,0,0.6265999756
0,0.0,0,0.624
0,0.35,0,0.6287999878
0,0.15,0,0.5727000122
0,0.1,0,0.5808000488
0,0.25,0,0.5656000365999999
0,0.25,0,0.48480001829999997
0,0.3,0,0.4725
0,0.25,0,0.4724999695
0,0.2,0,0.63
0,0.2,0,0.5222000121999999
0,0.1,0,0.69225
0,0.1,0,0.74025
0,0.1,0,0.656
0,0.25,0,0.6305
0,0.25,0,0.6264000244
0,0.25,0,0.6187999878
0,0.05,0,0.686
0,0.25,0,0.3391499939
0,0.25,0,0.4847999878
0,0.25,0,0.5186999512
0,0.25,0,0.462
0,0.3,0,0.41225
0,0.25,0,0.4332000122
0,0.25,0,0.5853499756
0,0.25,0,0.5853499756
0,0.4,0,0.2703999939
0,0.05,0,0.6382999878000001
0,0.35,0,0.432
0,0.25,0,0.4674000244
0,0.35,0,0.4104000244
0,0.25,0,0.4015
0,0.05,0,0.8003999634000001
0,0.25,0,0.6555000609999999
0,0.25,0,0.6310499878000001
0,0.25,0,0.6310499878000001
0,0.25,0,0.6310499878000001
0,0.25,0,0.6310499878000001
0,0.25,0,0.6310499878000001
0,0.25,0,0.6310499878000001
0,0.25,0,0.6310499878000001
0,0.25,0,0.4185999756
0,0.3,0,0.522
0,0.25,0,0.36224996950000005
0,0.25,0,0.4185999756
0,0.3,0,0.522
0,0.25,0,0.6310499878000001
0,0.25,0,0.3831999817
0,0.05,0,0.7003499756
0,0.05,0,0.6001000366
0,0.05,0,0.5698500366
0,0.25,0,0.4991000366
0,0.25,0,0.5278000488
0,0.25,0,0.47789999390000004
0,0.25,0,0.5092499695
0,0.25,0,0.5092499695
0,0.25,0,0.5092499695
0,0.25,0,0.5092499695
0,0.25,0,0.5092499695
0,0.25,0,0.55775
0,0.25,0,0.55775
0,0.25,0,0.55775
0,0.25,0,0.55775
0,0.25,0,0.55775
0,0.25,0,0.54625
0,0.25,0,0.39610000609999996
0,0.25,0,0.523
0,0.25,0,0.523
0,0.25,0,0.546
0,0.25,0,0.7097999267999999
0,0.25,0,0.7413999634
0,0.25,0,0.7413999634
0,0.25,0,0.7413999634
0,0.05,0,0
0,0.05,0,0
0,0.05,0,0
0,0.05,0,0
0,0.25,0,0.5405999756
0,0.25,0,0.675
0,0.25,0,0.5928000488
0,0.25,0,0.5928000488
0,0.25,0,0.5928000488
0,0.25,0,0.5928000488
0,0.25,0,0.5928000488
0,0.25,0,0.5300999756
0,0.3,0,0.5995499268
0,0.3,0,0.5575499267999999
0,0.25,0,0.5300999756
0,0.05,0,0
0,0.25,0,0.559
0,0.25,0,0.42944998170000004
0,0.25,0,0.57375
0,0.05,0,0
0,0.25,0,0.5875999756
0,0.05,0,0
0,0.25,0,0.3267000122
0,0.25,0,0.5300999756
0,0.25,0,0.4182000122
0,0.25,0,0.3267000122
0,0.25,0,0.3186000061
0,0.25,0,0.3186000061
0,0.25,0,0.3186000061
0,0.25,0,0.3186000061
0,0.25,0,0.3186000061
0,0.25,0,0.491
0,0.25,0,0.491
0,0.25,0,0.6488500366
0,0.25,0,0.6488500366
0,0.25,0,0.675
0,0.25,0,0.3267000122
0,0.25,0,0.5300999756
0,0.25,0,0.5300999756
0,0.25,0,0.3267000122
0,0.25,0,0.3267000122
0,0.25,0,0.495
0,0.25,0,0.495
0,0.25,0,0.45219998170000003
0,0.05,0,0.8472000122
0,0.25,0,0.6754000244
0,0.25,0,0.4094999695
0,0.25,0,0.8242000121999999
0,0.25,0,0.8545499878
0,0.05,1,1.10925
0,0.25,0,0.916499939
0,0.05,1,1.10925
0,0.25,0,0.6765
0,0.25,0,0.57375
0,0.25,0,0.38325
0,0.25,0,0.8843500366
0,0.25,0,0.8843500366
0,0.25,0,0.8843500366
0,0.25,0,0.726
0,0.05,1,1.1311999510000001
0,0.05,1,1.1311999510000001
0,0.25,0,0.726
0,0.25,0,0.726
0,0.05,1,1.1311999510000001
0,0.25,0,0.38325
0,0.25,0,0.8843500366
0,0.25,0,0.8843500366
0,0.25,0,0.8843500366
0,0.25,0,0.9425
0,0.25,0,0.9425
0,0.25,0,0.38325
0,0.25,0,0.3968999634
0,0.25,0,0.8544500732
0,0.25,0,0.8544500732
0,0.3,0,0.632
0,0.25,0,0.7535
0,0.25,0,0.7535
0,0.25,0,0.7535
0,0.25,0,0.4714499817
0,0.25,0,0.8349000244
0,0.25,0,0.8349000244
0,0.25,0,0.945
0,0.25,0,0.945
0,0.25,0,0.726
0,0.25,0,0.6765
0,0.25,0,0.6765
0,0.25,0,0.48535000609999995
0,0.25,0,0.48535000609999995
0,0.25,0,0.48535000609999995
0,0.25,0,0.6765
0,0.25,0,0.6765
0,0.25,0,0.6765
0,0.25,0,0.6765
0,0.25,0,0.5413499756
0,0.25,0,0.5413499756
0,0.25,0,0.6000999756
0,0.25,0,0.945
0,0.25,0,0.6393499756
0,0.25,0,0.6765
0,0.25,0,0.3068999939
0,0.25,0,0.5300999756
0,0.25,0,0.662
0,0.25,0,0.8349000244
0,0.25,0,0.945
0,0.25,0,0.945
0,0.25,0,0.726
0,0.25,0,0.6393499756
0,0.25,0,0.726
0,0.25,0,0.726
0,0.25,0,0.726
0,0.25,0,0.73
0,0.25,0,0.8843500366
0,0.25,0,0.6765
0,0.25,0,0.6765
0,0.25,0,0.7535
0,0.25,0,0.7535
0,0.25,0,0.57375
0,0.25,0,0.5125499878
0,0.25,0,0.7535
0,0.25,0,0.7535
0,0.25,0,0.7535
0,0.25,0,0.7535
0,0.25,0,0.3068999939
0,0.25,0,0.3068999939
0,0.25,0,0.4714499817
0,0.25,0,0.4714499817
0,0.25,0,0.49244998170000004
0,0.25,0,0.5741999512
0,0.25,0,0.5741999512
0,0.25,0,0.5741999512
0,0.25,0,0.4578999939
0,0.25,0,0.7267000121999999
0,0.25,0,0.7267000121999999
0,0.25,0,0.6027999878000001
0,0.25,0,0.4578999939
0,0.25,0,0.4578999939
0,0.25,0,0.6027999878000001
0,0.25,0,0.6027999878000001
0,0.25,0,0.6302000122
0,0.25,0,0.6302000122
0,0.25,0,0.449
0,0.25,0,0.5163499756
0,0.25,0,0.4265500183
0,0.25,0,0.5612000121999999
0,0.25,0,0.5612000121999999
0,0.25,0,0.5612000121999999
0,0.25,0,0.5612000121999999
0,0.25,0,0.5612000121999999
0,0.25,0,0.5612000121999999
0,0.25,0,0.5063999939
0,0.25,0,0.40410000609999996
0,0.25,0,0.5612000121999999
0,0.25,0,0.5612000121999999
0,0.05,0,0.7125999756
0,0.25,0,0.7510999756
0,0.25,0,0.7510999756
0,0.25,0,0.8512000122
0,0.25,0,0.39510000609999996
0,0.25,0,0.39510000609999996
0,0.05,0,0.7006999512
0,0.25,0,0.42939999390000005
0,0.25,0,0.42939999390000005
0,0.05,0,0.7006999512
0,0.25,0,0.42939999390000005
0,0.25,0,0.5029499817
0,0.05,0,0.67375
0,0.05,0,0.7006999512
0,0.25,0,0.6877000122
0,0.25,0,0.6877000122
0,0.05,0,0.67375
0,0.05,0,0.67375
0,0.25,0,0.8512000122
0,0.25,0,0.46980001829999996
0,0.25,0,0.46980001829999996
0,0.25,0,0.46724996950000003
0,0.05,0,0.6468000488
0,0.05,0,0.6468000488
0,0.05,0,0.6468000488
0,0.05,0,0.6468000488
0,0.05,0,0.6468000488
0,0.25,0,0.46724996950000003
0,0.05,0,0.6468000488
0,0.25,0,0.55775
0,0.25,0,0.55775
0,0.25,0,0.55775
0,0.25,0,0.5140500488
0,0.25,0,0.5344499511999999
0,0.25,0,0.5795999756
0,0.25,0,0.5795999756
0,0.25,0,0.5388000488
0,0.25,0,0.55775
0,0.25,0,0.5727000122
0,0.25,0,0.5103999939
0,0.25,0,0.5140500488
0,0.25,0,0.5140500488
0,0.25,0,0.7202000122
0,0.25,0,0.5388000488
0,0.25,0,0.945
0,0.25,0,0.945
0,0.25,0,0.55775
0,0.25,0,0.5100000305
0,0.25,0,0.5100000305
0,0.25,0,0.5525
0,0.25,0,0.5525
0,0.25,0,0.425
0,0.25,0,0.5795999756
0,0.25,0,0.5267000122
0,0.25,0,0.5335999755999999
0,0.25,0,0.5092499695
0,0.25,0,0.5092499695
0,0.25,0,0.5092499695
0,0.25,0,0.5335999755999999
0,0.25,0,0.4462499695
0,0.25,0,0.41789999390000004
0,0.25,0,0.41789999390000004
0,0.25,0,0.5267000122
0,0.25,0,0.48875
0,0.25,0,0.48875
0,0.25,0,0.48875
0,0.25,0,0.5335999755999999
0,0.25,0,0.6003000488
0,0.25,0,0.5335999755999999
0,0.25,0,0.4462499695
0,0.25,0,0.48875
0,0.25,0,0.8596000366
0,0.25,0,0.8596000366
0,0.25,0,0.8596000366
0,0.25,0,0.40410000609999996
0,0.25,0,0.4221000061
0,0.25,0,0.5853499756
0,0.25,0,0.45810000609999996
0,0.25,0,0.5344499511999999
0,0.25,0,0.5152000122
0,0.25,0,0.5152000122
0,0.25,0,0.5842000122
0,0.25,0,0.5842000122
0,0.25,0,0.40089999390000003
0,0.25,0,0.4221000061
0,0.25,0,0.40089999390000003
0,0.25,0,0.40089999390000003
0,0.25,0,0.40089999390000003
0,0.25,0,0.5344499511999999
0,0.25,0,0.5612000121999999
0,0.25,0,0.5612000121999999
0,0.25,0,0.4388999939
0,0.25,0,0.4388999939
0,0.25,0,0.4388999939
0,0.25,0,0.3681000061
0,0.25,0,0.40089999390000003
0,0.25,0,0.45810000609999996
0,0.25,0,0.48875
0,0.25,0,0.48875
0,0.25,0,0.5229000244
0,0.25,0,0.5163499756
0,0.25,0,0.5163499756
0,0.25,0,0.56125
0,0.25,0,0.5344499511999999
0,0.25,0,0.5344499511999999
0,0.25,0,0.5344499511999999
0,0.25,0,0.42944998170000004
0,0.25,0,0.5543000488000001
0,0.25,0,0.5543000488000001
0,0.25,0,0.4714499817
0,0.25,0,0.5543000488000001
0,0.25,0,0.5543000488000001
0,0.25,0,0.56125
0,0.25,0,0.56125
0,0.25,0,0.56125
0,0.25,0,0.5344499511999999
0,0.25,0,0.5543000488000001
0,0.25,0,0.5543000488000001
0,0.25,0,0.5543000488000001
0,0.25,0,0.5543000488000001
0,0.25,0,0.945
0,0.25,0,0.582
0,0.25,0,0.425
0,0.25,0,0.425
0,0.25,0,0.5795999756
0,0.25,0,0.5795999756
0,0.25,0,0.5795999756
0,0.25,0,0.5795999756
0,0.25,0,0.5785
0,0.25,0,0.5785
0,0.25,0,0.4221000061
0,0.25,0,0.5853499756
0,0.25,0,0.4221000061
0,0.25,0,0.5853499756
0,0.05,0,0.56125
0,0.05,0,0.56125
0,0.25,0,0.5063999939
0,0.25,0,0.5063999939
0,0.3,0,0.5741999512
0,0.25,0,0.462
0,0.25,0,0.5140500488
0,0.25,0,0.48875
0,0.25,0,0.48875
0,0.25,0,0.3681000061
0,0.25,0,0.5853499756
0,0.25,0,0.5853499756
0,0.25,0,0.45810000609999996
0,0.05,0,0.56125
0,0.05,0,0.7125999756
0,0.05,0,0.7125999756
0,0.25,0,0.40410000609999996
0,0.25,0,0.5525
0,0.25,0,0.47039999390000004
0,0.25,0,0.42944998170000004
0,0.25,0,0.7202000122
0,0.25,0,0.5152000122
0,0.25,0,0.5525
0,0.35,0,0.3735
0,0.25,0,0.5842000122
0,0.25,0,0.5785
0,0.25,0,0.5344499511999999
0,0.25,0,0.48875
0,0.25,0,0.54375
0,0.25,0,0.8512000122
0,0.25,0,0.6877000122
0,0.25,0,0.4714499817
0,0.25,0,0.6302000122
0,0.25,0,0.54375
0,0.25,0,0.54375
0,0.25,0,0.3402000122
0,0.25,0,0.3402000122
0,0.25,0,0.3402000122
0,0.25,0,0.3402000122
0,0.25,0,0.3402000122
0,0.25,0,0.4462499695
0,0.25,0,0.4462499695
0,0.25,0,0.425
0,0.25,0,0.6264000244
0,0.25,0,0.6264000244
0,0.25,0,0.6264000244
0,0.25,0,0.6264000244
0,0.25,0,0.6264000244
0,0.25,0,0.6264000244
0,0.25,0,0.6264000244
0,0.25,0,0.6264000244
0,0.25,0,0.6264000244
0,0.25,0,0.6264000244
0,0.25,0,0.6264000244
0,0.25,0,0.4598999939
0,0.25,0,0.35804998779999997
0,0.25,0,0.35804998779999997
0,0.25,0,0.5795999756
0,0.25,0,0.5795999756
0,0.25,0,0.365
0,0.25,0,0.365
0,0.25,0,0.365
0,0.25,0,0.40089999390000003
0,0.25,0,0.40089999390000003
0,0.25,0,0.365
0,0.25,0,0.365
0,0.25,0,0.365
0,0.25,0,0.3797999878
0,0.05,0,0.6468000488
0,0.05,0,0.6468000488
0,0.05,0,0.6468000488
0,0.05,0,0.6468000488
0,0.05,0,0.6468000488
0,0.25,0,0.35804998779999997
0,0.25,0,0.35804998779999997
0,0.05,0,0.6468000488
0,0.05,0,0.6468000488
0,0.25,0,0.5525
0,0.25,0,0.6003000488
0,0.25,0,0.6003000488
0,0.25,0,0.6003000488
0,0.25,0,0.5525
0,0.25,0,0.5525
0,0.25,0,0.5525
0,0.25,0,0.6264000244
0,0.25,0,0.6264000244
0,0.25,0,0.449
0,0.25,0,0.449
0,0.25,0,0.365
0,0.25,0,0.365
0,0.25,0,0.3681000061
0,0.25,0,0.3681000061
0,0.25,0,0.5727000122
0,0.25,0,0.42939999390000005
0,0.25,0,0.42939999390000005
0,0.05,0,0.6468000488
0,0.05,0,0.6468000488
0,0.25,0,0.5092499695
0,0.25,0,0.5092499695
0,0.25,0,0.48875
0,0.25,0,0.48875
0,0.25,0,0.4462499695
0,0.25,0,0.4462499695
0,0.25,0,0.509
0,0.25,0,0.5785
0,0.25,0,0.509
0,0.25,0,0.46980001829999996
0,0.25,0,0.498
0,0.25,0,0.498
0,0.25,0,0.498
0,0.25,0,0.498
0,0.25,0,0.498
0,0.25,0,0.498
0,0.25,0,0.498
0,0.25,0,0.45810000609999996
0,0.05,0,0.56125
0,0.05,0,0.56125
0,0.05,0,0.56125
0,0.05,0,0.56125
0,0.05,0,0.56125
0,0.05,0,0.56125
0,0.25,0,0.509
0,0.25,0,0.47039999390000004
0,0.25,0,0.509
0,0.25,0,0.3402000122
0,0.25,0,0.3402000122
0,0.25,0,0.3402000122
0,0.25,0,0.3402000122
0,0.25,0,0.3402000122
0,0.25,0,0.3402000122
0,0.25,0,0.3402000122
0,0.25,0,0.3402000122
0,0.25,0,0.3402000122
0,0.25,0,0.3402000122
0,0.25,0,0.3402000122
0,0.25,0,0.4015
0,0.25,0,0.4015
0,0.25,0,0.4015
0,0.25,0,0.4015
0,0.25,0,0.4015
0,0.25,0,0.4015
0,0.05,0,0.4432999878
0,0.05,0,0.4432999878
0,0.05,0,0.4432999878
0,0.05,0,0.4432999878
0,0.05,0,0.4432999878
0,0.05,0,0.4432999878
0,0.05,0,0.4432999878
0,0.05,0,0.4432999878
0,0.05,0,0.4432999878
0,0.05,0,0.4432999878
0,0.25,0,0.5103999939
0,0.25,0,0.5103999939
0,0.25,0,0.56125
0,0.25,0,0.56125
0,0.25,0,0.5543000488000001
0,0.25,0,0.5543000488000001
0,0.25,0,0.5163499756
0,0.25,0,0.5163499756
0,0.05,0,0.6871500244000001
0,0.05,0,0.6871500244000001
0,0.05,0,0.52925
0,0.05,0,0.52925
0,0.25,0,0.5525
0,0.25,0,0.5163499756
0,0.25,0,0.5163499756
0,0.25,0,0.5163499756
0,0.25,0,0.47039999390000004
0,0.25,0,0.47039999390000004
0,0.25,0,0.45810000609999996
0,0.2,0,0.5599000244
0,0.2,0,0.5599000244
0,0.25,0,0.5785
0,0.25,0,0.5785
0,0.05,0,0.4432999878
0,0.05,0,0.4432999878
0,0.25,0,0.40410000609999996
0,0.25,0,0.40410000609999996
0,0.25,0,0.509
0,0.25,0,0.45810000609999996
0,0.25,0,0.45810000609999996
0,0.25,0,0.45810000609999996
0,0.25,0,0.45810000609999996
0,0.25,0,0.45810000609999996
0,0.25,0,0.45810000609999996
0,0.25,0,0.45810000609999996
0,0.25,0,0.45810000609999996
0,0.25,0,0.40410000609999996
0,0.05,0,0.5925
0,0.05,0,0.5925
0,0.05,0,0.6466500244
0,0.05,0,0.5925
0,0.05,0,0.5925
0,0.05,0,0.5925
0,0.05,0,0.5925
0,0.25,0,0.5140500488
0,0.25,0,0.7202000122
0,0.25,0,0.4462499695
0,0.25,0,0.4462499695
0,0.25,0,0.5140500488
0,0.25,0,0.5140500488
0,0.25,0,0.4047999878
0,0.25,0,0.4047999878
0,0.25,0,0.4283999634
0,0.25,0,0.4283999634
0,0.25,0,0.4283999634
0,0.25,0,0.4283999634
0,0.25,0,0.4283999634
0,0.25,0,0.425
0,0.25,0,0.5140500488
0,0.25,0,0.5140500488
0,0.25,0,0.5140500488
0,0.25,0,0.5140500488
0,0.25,0,0.6264000244
0,0.25,0,0.6264000244
0,0.25,0,0.6264000244
0,0.25,0,0.6264000244
0,0.25,0,0.6264000244
0,0.25,0,0.6264000244
0,0.25,0,0.6264000244
0,0.25,0,0.6264000244
0,0.25,0,0.5100000305
0,0.25,0,0.5100000305
0,0.05,0,0.6832000121999999
0,0.05,0,0.6832000121999999
0,0.05,0,0.6832000121999999
0,0.05,0,0.6832000121999999
0,0.25,0,0.44910000609999995
0,0.05,0,0.6832000121999999
0,0.25,0,0.44910000609999995
0,0.25,0,0.44910000609999995
0,0.05,0,0.6144000244
0,0.25,0,0.5029499817
0,0.25,0,0.5029499817
0,0.05,0,0.7006999512
0,0.25,0,0.365
0,0.25,0,0.365
0,0.25,0,0.5344499511999999
0,0.25,0,0.5344499511999999
0,0.05,0,0.7006999512
0,0.05,0,0.7006999512
0,0.05,0,0.7006999512
0,0.05,0,0.67375
0,0.05,0,0.67375
0,0.05,0,0.67375
0,0.25,0,0.5525
0,0.25,0,0.5525
0,0.05,0,0.551
0,0.05,0,0.551
0,0.05,0,0.551
0,0.05,0,0.551
0,0.05,0,0.551
0,0.05,0,0.551
0,0.05,0,0.551
0,0.05,0,0.551
0,0.05,0,0.551
0,0.05,0,0.5102999878
0,0.05,0,0.49275
0,0.05,0,0.49275
0,0.05,0,0.6108000488
0,0.05,0,0.49275
0,0.25,0,0.40410000609999996
0,0.25,0,0.40410000609999996
0,0.15,0,0.6285999756
0,0.15,0,0.6285999756
0,0.15,0,0.6285999756
0,0.05,0,0.712
0,0.05,0,0.712
0,0.25,0,0.5115
0,0.25,0,0.5115
0,0.05,0,0.507
0,0.05,0,0.507
0,0.05,0,0.507
0,0.25,0,0.5575499878000001
0,0.25,0,0.5575499878000001
0,0.25,0,0.5100000305
0,0.25,0,0.3968999634
0,0.25,0,0.3968999634
0,0.25,0,0.3968999634
0,0.25,0,0.3968999634
0,0.25,0,0.3968999634
0,0.1,0,0.6935999756
0,0.25,0,0.679
0,0.25,0,0.4939999695
0,0.25,0,0.4939999695
0,0.25,0,0.4939999695
0,0.3,0,0.6003000488
0,0.25,0,0.5388000488
0,0.25,0,0.5388000488
0,0.15,0,0.6336499999999999
0,0.15,0,0.5544000244
0,0.15,0,0.6336499999999999
0,0.15,0,0.5544000244
0,0.15,0,0.6264000244
0,0.15,0,0.6264000244
0,0.25,0,0.6785999756
0,0.25,0,0.6785999756
0,0.25,0,0.6785999756
0,0.25,0,0.6785999756
0,0.25,0,0.4851000061
0,0.25,0,0.5475
0,0.25,0,0.5475
0,0.25,0,0.6785999756
0,0.25,0,0.6785999756
0,0.25,0,0.4851000061
0,0.25,0,0.4851000061
0,0.25,0,0.5344499511999999
0,0.15,0,0.5544000244
0,0.15,0,0.5544000244
0,0.25,0,0.5475
0,0.25,0,0.5575499878000001
0,0.25,0,0.3968999634
0,0.25,0,0.5115
0,0.25,0,0.5115
0,0.25,0,0.4939999695
0,0.25,0,0.4939999695
0,0.25,0,0.679
0,0.25,0,0.6811999512
0,0.25,0,0.6811999512
0,0.25,0,0.45810000609999996
0,0.25,0,0.45810000609999996
0,0.25,0,0.45810000609999996
0,0.25,0,0.679
0,0.25,0,0.679
0,0.25,0,0.38325
0,0.25,0,0.5344499511999999
0,0.25,0,0.5344499511999999
0,0.15,0,0.7125999756
0,0.25,0,0.6305
0,0.15,0,0.7517999878
0,0.15,0,0.7517999878
0,0.15,0,0.7517999878
0,0.15,0,0.7517999878
0,0.15,0,0.693
0,0.25,0,0.693
0,0.15,0,0.7125999756
0,0.15,0,0.9486000365999999
0,0.25,0,0.509
0,0.1,0,0.8352000122
0,0.25,0,0.5712000121999999
0,0.25,0,0.5712000121999999
0,0.25,0,0.5712000121999999
0,0.25,0,0.4572000122
0,0.05,0,0.8167500609999999
0,0.25,0,0.5275
0,0.25,0,0.58
0,0.25,0,0.58
0,0.25,0,0.58
0,0.25,0,0.7655999756
0,0.05,0,0.8167500609999999
0,0.25,0,0.58
0,0.25,0,0.44199996950000003
0,0.25,0,0.4431000061
0,0.2,0,0.6264000244
0,0.25,0,0.6344000244
0,0.25,0,0.6344000244
0,0.2,0,0.4938999939
0,0.2,0,0.4938999939
0,0.2,0,0.4938999939
0,0.2,0,0.4938999939
0,0.2,0,0.4938999939
0,0.25,0,0.5344499511999999
0,0.25,0,0.509
0,0.25,0,0.509
0,0.25,0,0.6474000244
0,0.25,0,0.6474000244
0,0.25,0,0.6474000244
0,0.25,0,0.8494000244
0,0.25,0,0.8494000244
0,0.25,0,0.6785999756
0,0.25,0,0.40410000609999996
0,0.25,0,0.6785999756
0,0.25,0,0.6265999756
0,0.25,0,0.6871500244000001
0,0.25,0,0.5628000488
0,0.25,0,0.4221000061
0,0.25,0,0.6265999756
0,0.25,0,0.6265999756
0,0.25,0,0.6265999756
0,0.25,0,0.6265999756
0,0.15,0,0.9486000365999999
0,0.25,0,0.6265999756
0,0.25,0,0.40410000609999996
0,0.25,0,0.6474000244
0,0.25,0,0.6474000244
0,0.25,0,0.6474000244
0,0.25,0,0.6474000244
0,0.25,0,0.6785999756
0,0.25,0,0.509
0,0.25,0,0.509
0,0.25,0,0.5344499511999999
0,0.25,0,0.5344499511999999
0,0.25,0,0.509
0,0.25,0,0.509
0,0.25,0,0.509
0,0.0,0,0.6468000488
0,0.0,0,0.6468000488
0,0.0,0,0.6468000488
0,0.2,0,0.6264000244
0,0.05,0,0.7635
0,0.05,0,0.7635
0,0.0,0,0.6468000488
0,0.0,0,0.6468000488
0,0.0,0,0.6005999756
0,0.0,0,0.6005999756
0,0.25,0,0.5712000121999999
0,0.25,0,0.5388000488
0,0.25,0,0.8494000244
0,0.25,0,0.4284000244
0,0.25,0,0.6005999756
0,0.25,0,0.5388000488
0,0.25,0,0.6474000244
0,0.25,0,0.509
0,0.15,0,0.7125999756
0,0.25,0,0.47789999390000004
0,0.25,0,0.47789999390000004
0,0.05,0,0.8167500609999999
0,0.0,0,0.6005999756
0,0.0,0,0.6005999756
0,0.05,0,0.7635
0,0.0,0,0.6468000488
0,0.0,0,0.6468000488
0,0.25,0,0.7655999756
0,0.25,0,0.7655999756
0,0.25,0,0.41475
0,0.25,0,0.41475
0,0.25,0,0.395
0,0.15,0,0.7517999878
0,0.15,0,0.7517999878
0,0.15,0,0.7517999878
0,0.25,0,0.6025
0,0.0,0,0.6468000488
0,0.25,0,0.4283999634
0,0.25,0,0.693
0,0.0,0,0.6468000488
0,0.0,0,0.6468000488
0,0.25,0,0.6005999756
0,0.25,0,0.6005999756
0,0.25,0,0.693
0,0.25,0,0.693
0,0.25,0,0.693
0,0.25,0,0.693
0,0.25,0,0.693
0,0.25,0,0.693
0,0.25,0,0.693
0,0.25,0,0.693
0,0.25,0,0.693
0,0.25,0,0.693
0,0.0,0,0.6005999756
0,0.0,0,0.6005999756
0,0.25,0,0.4896000366
0,0.25,0,0.4896000366
0,0.25,0,0.4896000366
0,0.25,0,0.4896000366
0,0.25,0,0.4896000366
0,0.05,0,0.5738499756
0,0.05,0,0.5738499756
0,0.05,0,0.5738499756
0,0.05,0,0.5738499756
0,0.05,0,0.6196500244
0,0.05,0,0.6196500244
0,0.05,0,0.6196500244
0,0.05,0,0.6196500244
0,0.05,0,0.6196500244
0,0.05,0,0.6196500244
0,0.05,0,0.6196500244
0,0.05,0,0.6196500244
0,0.05,0,0.6196500244
0,0.05,0,0.6196500244
0,0.05,0,0.6196500244
0,0.05,0,0.6196500244
0,0.05,0,0.6196500244
0,0.25,0,0.3958500061
0,0.15,0,0.5843499756
0,0.15,0,0.5843499756
0,0.0,0,0.585
0,0.0,0,0.585
0,0.25,0,0.3958500061
0,0.0,0,0.585
0,0.15,0,0.5843499756
0,0.15,0,0.5843499756
0,0.15,0,0.5843499756
0,0.15,0,0.5307000732
0,0.15,0,0.5307000732
0,0.25,0,0.5212999878000001
0,0.25,0,0.5118500061
0,0.25,0,0.5118500061
0,0.25,0,0.5089500122
0,0.25,0,0.5089500122
0,0.25,0,0.5212999878000001
0,0.2,0,0.5615999756
0,0.15,0,0.4901000061
0,0.15,0,0.4901000061
0,0.15,0,0.4901000061
0,0.15,0,0.4901000061
0,0.15,0,0.4901000061
0,0.35,0,0.4335499878
0,0.25,0,0.5089500122
0,0.25,0,0.3912000122
0,0.3,0,0.47125
0,0.25,0,0.4094999695
0,0.2,0,0.5615999756
0,0.2,0,0.5615999756
0,0.25,0,0.34
0,0.25,0,0.34
0,0.25,0,0.34189999390000003
0,0.25,0,0.34189999390000003
0,0.25,0,0.32875
0,0.25,0,0.2907000122
0,0.25,0,0.34189999390000003
0,0.25,0,0.4836000061
0,0.25,0,0.4836000061
0,0.25,0,0.366
0,0.25,0,0.4836000061
0,0.25,0,0.4836000061
0,0.25,0,0.4836000061
0,0.25,0,0.4836000061
0,0.25,0,0.4836000061
0,0.25,0,0.303
0,0.25,0,0.303
0,0.25,0,0.303
0,0.25,0,0.6075999756
0,0.25,0,0.6075999756
0,0.05,0,0.4941999817
0,0.25,0,0.4941999817
0,0.25,0,0.408
0,0.25,0,0.408
0,0.25,0,0.303
0,0.25,0,0.408
0,0.25,0,0.408
0,0.25,0,0.5655
0,0.25,0,0.4836000061
0,0.25,0,0.4836000061
0,0.25,0,0.4836000061
0,0.35,0,0.48489999390000005
0,0.25,0,0.303
0,0.25,0,0.34189999390000003
0,0.25,0,0.39
0,0.25,0,0.39
0,0.25,0,0.39
0,0.25,0,0.39
0,0.25,0,0.366
0,0.25,0,0.303
0,0.25,0,0.366
0,0.25,0,0.4956000061
0,0.25,0,0.34
0,0.05,0,0.4941999817
0,0.05,0,0.4941999817
0,0.0,0,0.58725
0,0.15,0,0.5197999878
0,0.0,0,0.49
0,0.0,0,0.49
0,0.15,0,0.5814000244
0,0.1,0,0.69225
0,0.1,0,0.7429500121999999
0,0.1,0,0.9260999756
0,0.35,0,0.3905
0,0.15,0,0.55125
0,0.15,0,0.43029995730000004
0,0.15,0,0.435
0,0.15,0,0.43029995730000004
0,0.1,0,0.6035
0,0.15,0,0.51475
0,0.35,0,0.5278000488
0,0.1,0,0.6035
0,0.15,0,0.43029995730000004
0,0.15,0,0.43029995730000004
0,0.35,0,0.5395
0,0.35,0,0.4914000244
0,0.15,0,0.40310000609999996
0,0.15,0,0.5089500122
0,0.35,0,0.43575
0,0.35,0,0.3601499939
0,0.1,0,0.9040500488000001
0,0.1,0,0.9040500488000001
0,0.1,0,0.9040500488000001
0,0.1,0,0.9701999512
0,0.1,0,0.76875
0,0.1,0,0.684
0,0.1,0,0.7
0,0.1,0,0.8
0,0.1,0,0.9040500488000001
0,0.25,0,0.34510000609999997
0,0.25,0,0.34510000609999997
0,0.15,0,0.51475
0,0.15,0,0.62125
0,0.15,0,0.49300003049999996
0,0.35,0,0.4914000244
0,0.35,0,0.5615999756
0,0.35,0,0.5615999756
0,0.35,0,0.6463499756
0,0.25,0,0.5095999756
0,0.25,0,0.34189999390000003
0,0.25,0,0.5115
0,0.25,0,0.6075999756
0,0.05,0,0.4941999817
0,0.25,0,0.4939999695
0,0.1,0,0.8822000122
0,0.1,0,0.99225
0,0.1,0,0.8548499756
0,0.1,0,0.747
0,0.1,0,0.7722000732000001
0,0.1,0,0.7461999511999999
0,0.1,0,0.666
0,0.1,0,0.60725
0,0.25,0,0.395
0,0.1,0,0.6649500121999999
0,0.1,0,0.58575
0,0.35,0,0.31364999390000003
0,0.1,1,1.067
0,0.1,0,0.74025
0,0.1,0,0.9418499756
0,0.1,0,0.945749939
0,0.1,1,1.09125
0,0.35,0,0.48239999390000005
0,0.15,0,0.5395499878000001
0,0.25,0,0.4836000061
0,0.15,0,0.57225
0,0.15,0,0.7517999878
0,0.1,0,0.7933499756
0,0.05,0,0.7308000488
0,0.25,0,0.41475
0,0.25,0,0.43920004269999996
0,0.25,0,0.34
0,0.1,0,0.5407999878
0,0.1,0,0.7728499756
0,0.1,0,0.7351500244
0,0.25,0,0.552
0,0.25,0,0.26925
0,0.3,0,0.2582999878
0,0.25,0,0.27675
0,0.25,0,0.27675
0,0.25,0,0.3855
0,0.05,0,0.4850999756
0,0.05,0,0.4025999756
0,0.05,0,0.4025999756
0,0.05,0,0.4850999756
0,0.25,0,0.4455
0,0.25,0,0.47175
0,0.25,0,0.36
0,0.25,0,0.3874499817
0,0.3,0,0.40589999390000003
0,0.25,0,0.4796999817
0,0.25,0,0.49814999390000003
0,0.05,0,0.5156999512
0,0.25,0,0.4388999939
0,0.25,0,0.3681000061
0,0.25,0,0.3681000061
0,0.25,0,0.3681000061
0,0.25,0,0.4484000244
0,0.25,0,0.369
0,0.25,0,0.369
0,0.25,0,0.5168000488
0,0.25,0,0.3285
0,0.25,0,0.7336999512
0,0.25,0,0.6566500853999999
0,0.25,0,0.3968999634
0,0.25,0,0.3968999634
0,0.25,0,0.3968999634
0,0.25,0,0.5168000488
0,0.25,0,0.5823000488
0,0.25,0,0.5823000488
0,0.25,0,0.5225
0,0.25,0,0.6405499878
0,0.25,0,0.404
0,0.25,0,0.368
0,0.25,0,0.6555000609999999
0,0.25,0,0.4131000061
0,0.25,0,0.485
0,0.25,0,0.4683500366
0,0.25,0,0.4683500366
0,0.25,0,0.4683500366
0,0.25,0,0.4683500366
0,0.25,0,0.4683500366
0,0.25,0,0.4683500366
0,0.25,0,0.4683500366
0,0.25,0,0.4683500366
0,0.25,0,0.4683500366
0,0.25,0,0.4683500366
0,0.25,0,0.4683500366
0,0.25,0,0.4683500366
0,0.25,0,0.4683500366
0,0.25,0,0.4683500366
0,0.25,0,0.4683500366
0,0.25,0,0.4683500366
0,0.25,0,0.4683500366
0,0.25,0,0.4683500366
0,0.25,0,0.4683500366
0,0.25,0,0.4683500366
0,0.25,0,0.4683500366
0,0.25,0,0.4683500366
0,0.25,0,0.4683500366
0,0.25,0,0.4683500366
0,0.25,0,0.4683500366
0,0.25,0,0.4683500366
0,0.25,0,0.4683500366
0,0.25,0,0.4683500366
0,0.25,0,0.485
0,0.25,0,0.485
0,0.25,0,0.4683500366
0,0.25,0,0.485
0,0.25,0,0.485
0,0.25,0,0.3105
0,0.25,0,0.4347000122
0,0.35,0,0.683
0,0.2,0,0.5028000488000001
0,0.2,0,0.5028000488000001
0,0.2,0,0.5028000488000001
0,0.25,0,0.7
0,0.25,0,0.7413999634
0,0.25,0,0.56525
0,0.25,0,0.695
0,0.25,0,0.695
0,0.25,0,0.6092999878
0,0.25,0,0.53
0,0.25,0,0.53
0,0.25,0,0.7682000732
0,0.25,0,0.603
0,0.25,0,0.603
0,0.25,0,0.603
0,0.25,0,0.603
0,0.25,0,0.6198499756
0,0.25,0,0.6192999878000001
0,0.25,0,0.59
0,0.25,0,0.6934500732000001
0,0.25,0,0.59
0,0.25,0,0.59
0,0.25,0,0.59
0,0.25,0,0.59
0,0.05,0,0.667
0,0.25,0,0.59
0,0.25,0,0.6934500732000001
0,0.25,0,0.6092999878
0,0.25,0,0.695
0,0.25,0,0.9142000121999999
0,0.25,0,0.9142000121999999
0,0.05,0,0.667
0,0.25,0,0.477
0,0.25,0,0.59
0,0.25,0,0.59
0,0.25,0,0.695
0,0.25,0,0.695
0,0.25,0,0.5605
0,0.25,0,0.5605
0,0.25,0,0.6655
0,0.25,0,0.615
0,0.25,0,0.5625
0,0.25,0,0.5625
0,0.25,0,0.495
0,0.25,0,0.531
0,0.25,0,0.58
0,0.25,0,0.5957000121999999
0,0.25,0,0.5957000121999999
0,0.25,0,0.5445
0,0.25,0,0.522
0,0.25,0,0.7955999756
0,0.25,0,0.6934500732000001
0,0.25,0,0.5445
0,0.25,0,0.58
0,0.25,0,0.7237999878000001
0,0.25,0,0.7682000732
0,0.25,0,0.635
0,0.25,0,0.4088500061
0,0.25,0,0.4062999878
0,0.25,0,0.6264500122
0,0.25,0,0.6092999878
0,0.05,0,0.7114500121999999
0,0.25,0,0.4328999939
0,0.25,0,0.3646499939
0,0.25,0,0.3646499939
0,0.25,0,0.7457999268
0,0.25,0,0.7413999634
0,0.25,0,0.7413999634
0,0.25,0,0.531
0,0.25,0,0.603
0,0.25,0,0.7682000732
0,0.25,0,0.7682000732
0,0.25,0,0.7682000732
0,0.25,0,0.7682000732
0,0.25,0,0.5335
0,0.25,0,0.58
0,0.25,0,0.58
0,0.25,0,0.603
0,0.25,0,0.586
0,0.25,0,0.603
0,0.25,0,0.586
0,0.25,0,0.5335
0,0.25,0,0.653
0,0.25,0,0.4062999878
0,0.25,0,0.4906000061
0,0.25,0,0.4906000061
0,0.25,0,0.5335
0,0.25,0,0.5335
0,0.25,0,0.635
0,0.25,0,0.635
0,0.25,0,0.5335
0,0.25,0,0.5335
0,0.25,0,0.5335
0,0.25,0,0.58
0,0.25,0,0.58
0,0.25,0,0.5445
0,0.25,0,0.5445
0,0.25,0,0.4906000061
0,0.25,0,0.4906000061
0,0.35,0,0.46075003049999996
0,0.25,0,0.4560000305
0,0.15,0,0.5741999512
0,0.15,0,0.5741999512
0,0.15,0,0.5741999512
0,0.25,0,0.5244000244
0,0.05,0,0.7485
0,0.05,0,0.7485
0,0.05,0,0.7485
0,0.25,0,0.6911999512
0,0.25,0,0.6911999512
0,0.25,0,0.5795999756
0,0.25,0,0.5165999756
0,0.25,0,0.6348000488
0,0.25,0,0.5048500061
0,0.25,0,0.64
0,0.25,0,0.5375999756
0,0.25,0,0.5748000488
0,0.25,0,0.5165999756
0,0.25,0,0.615
0,0.25,0,0.615
0,0.25,0,0.5508499756
0,0.25,0,0.5659499512
0,0.05,0,0.8380999756
0,0.25,0,0.5795999756
0,0.05,0,0.67375
0,0.25,0,0.5795999756
0,0.05,0,0.67375
0,0.05,0,0.67375
0,0.25,0,0.4237000122
0,0.25,0,0.7225
0,0.25,0,0.7225
0,0.25,0,0.5244000244
0,0.25,0,0.6198499756
0,0.25,0,0.6198499756
0,0.25,0,0.6198499756
0,0.25,0,0.5795999756
0,0.25,0,0.5795999756
0,0.25,0,0.5659499512
0,0.15,0,0.5741999512
0,0.25,0,0.64
0,0.25,0,0.5375999756
0,0.25,0,0.5748000488
0,0.25,0,0.615
0,0.25,0,0.5659499512
0,0.25,0,0.5244000244
0,0.25,0,0.5244000244
0,0.25,0,0.5244000244
0,0.25,0,0.6198499756
0,0.25,0,0.6198499756
0,0.25,0,0.45505001829999997
0,0.25,0,0.5244000244
0,0.25,0,0.522
0,0.25,0,0.5029499817
0,0.05,0,0.67375
0,0.05,0,0.7564000244
0,0.05,0,0.7564000244
0,0.05,0,0.7564000244
0,0.25,0,0.47460000609999997
0,0.25,0,0.47460000609999997
0,0.25,0,0.5795999756
0,0.25,0,0.5795999756
0,0.25,0,0.39510000609999996
0,0.25,0,0.39510000609999996
0,0.25,0,0.39510000609999996
0,0.25,0,0.5497000122
0,0.25,0,0.5497000122
0,0.25,0,0.5497000122
0,0.25,0,0.6992999878
0,0.25,0,0.8438999634000001
0,0.25,0,0.45505001829999997
0,0.25,0,0.45505001829999997
0,0.25,0,0.45505001829999997
0,0.25,0,0.6198499756
0,0.25,0,0.6992999878
0,0.25,0,0.6992999878
0,0.25,0,0.6992999878
0,0.25,0,0.6198499756
0,0.25,0,0.6198499756
0,0.25,0,0.6198499756
0,0.05,0,0.5988000488
0,0.25,0,0.59875
0,0.25,0,0.59875
0,0.25,0,0.5795999756
0,0.25,0,0.5795999756
0,0.25,0,0.5795999756
0,0.25,0,0.5795999756
0,0.25,0,0.5957000121999999
0,0.25,0,0.5957000121999999
0,0.25,0,0.5165999756
0,0.25,0,0.5029499817
0,0.25,0,0.47460000609999997
0,0.25,0,0.47460000609999997
0,0.25,0,0.8438999634000001
0,0.25,0,0.8438999634000001
0,0.25,0,0.5795999756
0,0.25,0,0.40410000609999996
0,0.25,0,0.59875
0,0.25,0,0.40410000609999996
0,0.25,0,0.5165999756
0,0.25,0,0.6198499756
0,0.25,0,0.3536000061
0,0.25,0,0.47460000609999997
0,0.25,0,0.45810000609999996
0,0.25,0,0.45810000609999996
0,0.25,0,0.7514000244
0,0.25,0,0.4560000305
0,0.05,0,0.6198499756
0,0.25,0,0.4851000061
0,0.25,0,0.41475
0,0.25,0,0.6198499756
0,0.25,0,0.5795999756
0,0.25,0,0.45810000609999996
0,0.25,0,0.59875
0,0.25,0,0.5508499756
0,0.25,0,0.59875
0,0.25,0,0.7225
0,0.25,0,0.5244000244
0,0.25,0,0.4991000366
0,0.25,0,0.41475
0,0.25,0,0.41475
0,0.25,0,0.41475
0,0.25,0,0.41475
0,0.25,0,0.4991000366
0,0.05,0,0.744
0,0.05,0,0.8380999756
0,0.05,0,0.8380999756
0,0.05,0,0.744
0,0.25,0,0.4991000366
0,0.25,0,0.39510000609999996
0,0.25,0,0.39214999390000005
0,0.25,0,0.39214999390000005
0,0.25,0,0.39214999390000005
0,0.25,0,0.552
0,0.25,0,0.552
0,0.25,0,0.4991000366
0,0.25,0,0.4991000366
0,0.25,0,0.41475
0,0.25,0,0.41475
0,0.25,0,0.41475
0,0.05,0,0.5507999878000001
0,0.05,0,0.5507999878000001
0,0.25,0,0.45425
0,0.25,0,0.45425
0,0.25,0,0.45425
0,0.25,0,0.45425
0,0.25,0,0.45425
0,0.25,0,0.41475
0,0.25,0,0.41475
0,0.25,0,0.41475
0,0.25,0,0.35550003049999995
0,0.3,0,0.479
0,0.25,0,0.5748000488
0,0.25,0,0.8346000365999999
0,0.25,0,0.8346000365999999
0,0.25,0,0.6624000244
0,0.25,0,0.6624000244
0,0.05,0,0.5712000121999999
0,0.05,0,0.5712000121999999
0,0.25,0,0.5165999756
0,0.25,0,0.5165999756
0,0.25,0,0.5957000121999999
0,0.25,0,0.5957000121999999
0,0.25,0,0.45425
0,0.25,0,0.45425
0,0.25,0,0.45425
0,0.25,0,0.45425
0,0.25,0,0.45425
0,0.25,0,0.45425
0,0.25,0,0.35550003049999995
0,0.25,0,0.45425
0,0.25,0,0.45425
0,0.25,0,0.45425
0,0.25,0,0.45425
0,0.25,0,0.4991000366
0,0.25,0,0.4991000366
0,0.25,0,0.45425
0,0.25,0,0.45425
0,0.25,0,0.45425
0,0.25,0,0.45425
0,0.25,0,0.45425
0,0.25,0,0.45425
0,0.25,0,0.45425
0,0.25,0,0.45425
0,0.25,0,0.45425
0,0.25,0,0.45425
0,0.25,0,0.45425
0,0.25,0,0.45425
0,0.25,0,0.45425
0,0.25,0,0.45425
0,0.25,0,0.45425
0,0.25,0,0.45425
0,0.25,0,0.45425
0,0.25,0,0.45425
0,0.25,0,0.45425
0,0.25,0,0.45425
0,0.25,0,0.45425
0,0.25,0,0.41475
0,0.25,0,0.41475
0,0.25,0,0.41475
0,0.25,0,0.41475
0,0.25,0,0.41475
0,0.25,0,0.41475
0,0.25,0,0.41475
0,0.25,0,0.41475
0,0.25,0,0.41475
0,0.25,0,0.41475
0,0.25,0,0.41475
0,0.25,0,0.41475
0,0.25,0,0.41475
0,0.25,0,0.41475
0,0.25,0,0.41475
0,0.25,0,0.41475
0,0.25,0,0.41475
0,0.25,0,0.41475
0,0.25,0,0.41475
0,0.25,0,0.41475
0,0.25,0,0.4991000366
0,0.25,0,0.4991000366
0,0.25,0,0.4991000366
0,0.25,0,0.4991000366
0,0.25,0,0.4991000366
0,0.05,0,0.651
0,0.05,0,0.651
0,0.05,0,0.651
0,0.05,0,0.651
0,0.25,0,0.45425
0,0.25,0,0.45425
0,0.25,0,0.4991000366
0,0.25,0,0.4991000366
0,0.25,0,0.64
0,0.25,0,0.51
0,0.25,0,0.4015
0,0.25,0,0.4015
0,0.25,0,0.5497000122
0,0.25,0,0.5497000122
0,0.25,0,0.5497000122
0,0.25,0,0.5554499512
0,0.25,0,0.5554499512
0,0.25,0,0.5554499512
0,0.25,0,0.41475
0,0.25,0,0.5092499695
0,0.25,0,0.5092499695
0,0.25,0,0.39214999390000005
0,0.25,0,0.5957000121999999
0,0.25,0,0.5957000121999999
0,0.25,0,0.8380999756
0,0.25,0,0.41475
0,0.25,0,0.41475
0,0.25,0,0.45425
0,0.25,0,0.45425
0,0.25,0,0.3195
0,0.25,0,0.3195
0,0.25,0,0.3195
0,0.25,0,0.3195
0,0.25,0,0.41475
0,0.25,0,0.41475
0,0.25,0,0.41475
0,0.25,0,0.41475
0,0.25,0,0.41475
0,0.25,0,0.41475
0,0.25,0,0.5795999756
0,0.25,0,0.5795999756
0,0.25,0,0.5659499512
0,0.25,0,0.5659499512
0,0.25,0,0.41475
0,0.25,0,0.41475
0,0.25,0,0.45310003660000003
0,0.25,0,0.45425
0,0.25,0,0.45425
0,0.05,0,0.7485
0,0.05,0,0.7485
0,0.25,0,0.41475
0,0.25,0,0.45310003660000003
0,0.25,0,0.45310003660000003
0,0.25,0,0.47280001829999996
0,0.25,0,0.47280001829999996
0,0.25,0,0.47280001829999996
0,0.25,0,0.47280001829999996
0,0.25,0,0.45310003660000003
0,0.25,0,0.45310003660000003
0,0.25,0,0.45310003660000003
0,0.05,0,0.5988000488
0,0.05,0,0.5988000488
0,0.25,0,0.5411999512
0,0.25,0,0.5411999512
0,0.25,0,0.45505001829999997
0,0.25,0,0.45505001829999997
0,0.25,0,0.4991000366
0,0.25,0,0.4991000366
0,0.1,0,0.632
0,0.1,0,0.632
0,0.1,0,0.632
0,0.1,0,0.632
0,0.1,0,0.632
0,0.1,0,0.632
0,0.1,0,0.632
0,0.1,0,0.632
0,0.1,0,0.632
0,0.1,0,0.632
0,0.1,0,0.632
0,0.25,0,0.5748000488
0,0.25,0,0.5748000488
0,0.05,0,0.49375
0,0.05,0,0.651
0,0.05,0,0.651
0,0.1,0,0.632
0,0.25,0,0.5604000244
0,0.25,0,0.5604000244
0,0.25,0,0.5604000244
0,0.25,0,0.45310003660000003
0,0.25,0,0.45310003660000003
0,0.25,0,0.45310003660000003
0,0.25,0,0.45310003660000003
0,0.25,0,0.7547999878
0,0.25,0,0.7547999878
0,0.25,0,0.45310003660000003
0,0.25,0,0.45310003660000003
0,0.05,0,0.5988000488
0,0.05,0,0.5988000488
0,0.25,0,0.539
0,0.25,0,0.539
0,0.25,0,0.45310003660000003
0,0.25,0,0.45310003660000003
0,0.25,0,0.45310003660000003
0,0.05,0,0.6832000121999999
0,0.05,0,0.6832000121999999
0,0.05,0,0.6832000121999999
0,0.05,0,0.6832000121999999
0,0.05,0,0.6832000121999999
0,0.05,0,0.6832000121999999
0,0.05,0,0.6832000121999999
0,0.25,0,0.59875
0,0.25,0,0.59875
0,0.05,0,0.6144000244
0,0.25,0,0.5659499512
0,0.25,0,0.5659499512
0,0.25,0,0.615
0,0.25,0,0.615
0,0.25,0,0.45310003660000003
0,0.25,0,0.45310003660000003
0,0.25,0,0.5375999756
0,0.25,0,0.5659499512
0,0.25,0,0.5659499512
0,0.25,0,0.5375999756
0,0.25,0,0.5375999756
0,0.25,0,0.7397000121999999
0,0.25,0,0.7397000121999999
0,0.25,0,0.5727000122
0,0.25,0,0.5727000122
0,0.25,0,0.6198499756
0,0.25,0,0.6198499756
0,0.25,0,0.615
0,0.25,0,0.615
0,0.25,0,0.37525
0,0.25,0,0.37525
0,0.25,0,0.37525
0,0.25,0,0.37525
0,0.25,0,0.37525
0,0.25,0,0.37525
0,0.25,0,0.37525
0,0.25,0,0.37525
0,0.25,0,0.37525
0,0.25,0,0.37525
0,0.25,0,0.37525
0,0.25,0,0.41475
0,0.25,0,0.41475
0,0.25,0,0.41475
0,0.25,0,0.41475
0,0.25,0,0.46739999390000003
0,0.25,0,0.5957000121999999
0,0.25,0,0.46739999390000003
0,0.25,0,0.5029499817
0,0.25,0,0.41475
0,0.25,0,0.41475
0,0.25,0,0.5375999756
0,0.25,0,0.5375999756
0,0.25,0,0.5453999634000001
0,0.25,0,0.5453999634000001
0,0.25,0,0.714
0,0.05,0,0.7552000122
0,0.05,0,0.7552000122
0,0.25,0,0.6365500488
0,0.05,1,1.064
0,0.05,1,1.064
0,0.05,1,1.064
0,0.25,0,0.6624000244
0,0.05,0,0.7552000122
0,0.25,0,0.6365500488
0,0.05,0,0.7276500244
0,0.2,0,0.7727999878
0,0.2,0,0.7727999878
0,0.2,0,0.7727999878
0,0.2,0,0.6466500244
0,0.25,0,0.615
0,0.25,0,0.615
0,0.2,0,0.6466500244
0,0.05,0,0.7552000122
0,0.05,1,1.064
0,0.25,0,0.6624000244
0,0.05,1,1.064
0,0.25,0,0.7966000366
0,0.25,0,0.7966000366
0,0.25,0,0.7966000366
0,0.3,0,0.45425
0,0.2,0,0.7727999878
0,0.2,0,0.7727999878
0,0.25,0,0.714
0,0.25,0,0.714
0,0.25,0,0.585
0,0.25,0,0.585
0,0.05,1,1.064
0,0.05,1,1.064
0,0.25,0,0.6624000244
0,0.25,0,0.6019000244
0,0.25,0,0.5251999512
0,0.2,0,0.6466500244
0,0.2,0,0.6466500244
0,0.2,0,0.6466500244
0,0.25,0,0.8556000366
0,0.25,0,0.67375
0,0.25,0,0.7967999878
0,0.25,0,0.7514000244
0,0.25,0,0.7124000244
0,0.25,0,0.4482000122
0,0.25,0,0.7124000244
0,0.25,0,0.7124000244
0,0.25,0,0.7124000244
0,0.25,0,0.7124000244
0,0.25,0,0.7124000244
0,0.25,0,0.7124000244
0,0.25,0,0.552
0,0.25,0,0.4482000122
0,0.25,0,0.4482000122
0,0.25,0,0.552
0,0.25,0,0.552
0,0.25,0,0.552
0,0.25,0,0.552
0,0.25,0,0.7657000122
0,0.3,0,0.78625
0,0.25,0,0.7657000122
0,0.05,0,0.7023999634
0,0.05,0,0.7023999634
0,0.05,0,0.7023999634
0,0.05,0,0.7023999634
0,0.25,0,0.6486999512
0,0.25,0,0.64
0,0.25,0,0.64
0,0.25,0,0.7566000366
0,0.25,0,0.7133999634
0,0.25,0,0.64
0,0.25,0,0.6624000244
0,0.25,0,0.67375
0,0.25,0,0.69
0,0.25,0,0.7276500244
0,0.25,0,0.6624000244
0,0.25,0,0.6624000244
0,0.25,0,0.615
0,0.05,0,0.7546000366
0,0.05,0,0.7546000366
0,0.05,0,0.7546000366
0,0.25,0,0.6198499756
0,0.25,0,0.6198499756
0,0.25,0,0.7133999634
0,0.25,0,0.64
0,0.25,0,0.7514000244
0,0.25,0,0.7514000244
0,0.25,0,0.6198499756
0,0.05,0,0.7546000366
0,0.05,0,0.7546000366
0,0.3,0,0.78625
0,0.25,0,0.615
0,0.25,0,0.615
0,0.25,0,0.7904000244
0,0.25,0,0.7904000244
0,0.25,0,0.7514000244
0,0.25,0,0.552
0,0.25,0,0.7175999756
0,0.25,0,0.67375
0,0.25,0,0.6734000244
0,0.25,0,0.7514000244
0,0.25,0,0.7727999878
0,0.25,0,0.6734000244
0,0.25,0,0.6734000244
0,0.05,0,0.7023999634
0,0.25,0,0.6486999512
0,0.25,0,0.6486999512
0,0.25,0,0.5411999512
0,0.25,0,0.6486999512
0,0.2,0,0.51
0,0.2,0,0.51
0,0.25,0,0.7133999634
0,0.25,0,0.7133999634
0,0.25,0,0.4896000366
0,0.25,0,0.4896000366
0,0.25,0,0.474
0,0.25,0,0.474
0,0.25,0,0.395
0,0.25,0,0.395
0,0.2,0,0.612
0,0.25,0,0.6474000244
0,0.25,0,0.7967999878
0,0.25,0,0.7967999878
0,0.2,0,0.612
0,0.2,0,0.612
0,0.2,0,0.612
0,0.2,0,0.612
0,0.2,0,0.612
0,0.05,0,0.7023999634
0,0.25,0,0.6145999756
0,0.25,0,0.7168000488
0,0.25,0,0.7566000366
0,0.25,0,0.7124000244
0,0.25,0,0.7124000244
0,0.0,0,0.651
0,0.25,0,0.5858999634000001
0,0.25,0,0.5858999634000001
0,0.25,0,0.5858999634000001
0,0.25,0,0.474
0,0.25,0,0.474
0,0.25,0,0.6734000244
0,0.25,0,0.6734000244
0,0.25,0,0.7727999878
0,0.25,0,0.6070999756
0,0.25,0,0.6624000244
0,0.25,0,0.576
0,0.25,0,0.576
0,0.25,0,0.576
0,0.25,0,0.576
0,0.2,0,0.612
0,0.25,0,0.5244000244
0,0.25,0,0.5244000244
0,0.25,0,0.6187999878
0,0.25,0,0.6191500244
0,0.25,0,0.648
0,0.25,0,0.6537999878
0,0.25,0,0.572
0,0.25,0,0.572
0,0.25,0,0.572
0,0.25,0,0.6191500244
0,0.25,0,0.576
0,0.25,0,0.6537999878
0,0.25,0,0.672
0,0.25,0,0.44099996950000003
0,0.25,0,0.525
0,0.25,0,0.44099996950000003
0,0.3,0,0.5575
0,0.25,0,0.525
0,0.25,0,0.576
0,0.25,0,0.576
0,0.25,0,0.576
0,0.25,0,0.588
0,0.25,0,0.588
0,0.25,0,0.546
0,0.25,0,0.546
0,0.25,0,0.5370499878
0,0.25,0,0.546
0,0.25,0,0.576
0,0.25,0,0.576
0,0.0,0,0.624
0,0.0,0,0.624
0,0.15,0,0.5575500488
0,0.25,0,0.5265
0,0.05,0,0.585
0,0.25,0,0.5265
0,0.25,0,0.576
0,0.25,0,0.5303999634000001
0,0.25,0,0.5303999634000001
0,0.25,0,0.5303999634000001
0,0.25,0,0.37275
0,0.25,0,0.5370499878
0,0.0,0,0.553
0,0.0,0,0.553
0,0.0,0,0.553
0,0.0,0,0.553
0,0.0,0,0.553
0,0.0,0,0.553
0,0.25,0,0.5303999634000001
0,0.25,0,0.5265
0,0.05,0,0.585
0,0.05,0,0.585
0,0.05,0,0.585
0,0.2,0,0.5137000122
0,0.2,0,0.608
0,0.25,0,0.6191500244
0,0.2,0,0.608
0,0.2,0,0.608
0,0.2,0,0.608
0,0.25,0,0.5039999695
0,0.25,0,0.5039999695
0,0.25,0,0.7843000488
0,0.25,0,0.6830999756
0,0.25,0,0.7843000488
0,0.25,0,0.55
0,0.25,0,0.6191500244
0,0.25,0,0.6577999878
0,0.25,0,0.6577999878
0,0.25,0,0.6191500244
0,0.2,0,0.6913000488000001
0,0.2,0,0.525
0,0.2,0,0.6913000488000001
0,0.2,0,0.58375
0,0.25,0,0.53375
0,0.2,0,0.462
0,0.25,0,0.6830999756
0,0.25,0,0.6830999756
0,0.2,0,0.462
0,0.25,0,0.54
0,0.2,0,0.63
0,0.2,0,0.63
0,0.25,0,0.54
0,0.25,0,0.54
0,0.25,0,0.624
0,0.25,0,0.744
0,0.25,0,0.624
0,0.25,0,0.624
0,0.35,0,0.3958500061
0,0.25,0,0.6
0,0.25,0,0.6191500244
0,0.25,0,0.6577999878
0,0.25,0,0.44375
0,0.2,0,0.6913000488000001
0,0.2,0,0.5137000122
0,0.2,0,0.5137000122
0,0.2,0,0.462
0,0.2,0,0.462
0,0.2,0,0.6913000488000001
0,0.25,0,0.50875
0,0.25,0,0.5641999512
0,0.25,0,0.5641999512
0,0.2,0,0.5137000122
0,0.2,0,0.5137000122
0,0.2,0,0.462
0,0.2,0,0.462
0,0.25,0,0.44375
0,0.25,0,0.54
0,0.25,0,0.54
0,0.25,0,0.73425
0,0.25,0,0.64325
0,0.1,0,0.6271999511999999
0,0.25,0,0.60075
0,0.25,0,0.68975
0,0.25,0,0.6695999756
0,0.25,0,0.6695999756
0,0.25,0,0.4481999817
0,0.25,0,0.4481999817
0,0.25,0,0.4481999817
0,0.1,0,0.86775
0,0.1,0,0.63525
0,0.1,0,0.8085
0,0.1,0,0.62125
0,0.1,0,0.7790999756
0,0.1,0,0.63525
0,0.1,0,0.8404500121999999
0,0.1,0,0.7067999878000001
0,0.1,0,0.95675
0,0.1,0,0.95675
0,0.1,0,0.9266500244
0,0.05,0,0.64
0,0.05,0,0.576
0,0.2,0,0.65275
0,0.1,0,0.8205999756
0,0.1,0,0.6900499878
0,0.15,0,0.7273499756
0,0.1,0,0.608
0,0.25,0,0.496
0,0.1,0,0.608
0,0.25,0,0.5675
0,0.25,0,0.5129000244
0,0.25,0,0.5129000244
0,0.25,0,0.519
0,0.25,0,0.5129000244
0,0.25,0,0.519
0,0.25,0,0.519
0,0.25,0,0.519
0,0.25,0,0.5129000244
0,0.25,0,0.5129000244
0,0.05,0,0.64875
0,0.05,0,0.64875
0,0.05,0,0.64875
0,0.05,0,0.64875
0,0.25,0,0.476
0,0.1,0,0.913
0,0.1,0,0.801
0,0.1,0,0.95675
0,0.1,0,0.95675
0,0.1,0,0.95675
0,0.1,1,1.012650024
0,0.1,0,0.62125
0,0.1,0,0.75075
0,0.25,0,0.419
0,0.25,0,0.419
0,0.25,0,0.5719499512
0,0.25,0,0.5586000365999999
0,0.25,0,0.4896000366
0,0.2,0,0.684
0,0.1,0,0.8205999756
0,0.1,0,0.8179500732
0,0.1,0,0.7646500244
0,0.15,0,0.5595
0,0.1,0,0.608
0,0.1,0,0.7455
0,0.35,0,0.4692000122
0,0.25,0,0.6133500366
0,0.35,0,0.5303999634000001
0,0.35,0,0.5208000488
0,0.35,0,0.6511000365999999
0,0.35,0,0.74025
0,0.35,0,0.7190999755999999
0,0.35,0,0.7190999755999999
0,0.35,0,0.78575
0,0.35,0,0.5922000122
0,0.25,0,0.4319999695
0,0.35,0,0.6556500244
0,0.25,0,0.8346000365999999
0,0.25,0,0.5604000244
0,0.25,0,0.5748000488
0,0.25,0,0.5875999756
0,0.1,0,0.95675
0,0.25,0,0.6771500244
0,0.25,0,0.60075
0,0.2,0,0.558
0,0.25,0,0.7006999512
0,0.1,0,0.756
0,0.1,0,0.8014499512
0,0.35,0,0.7190999755999999
0,0.35,0,0.7190999755999999
0,0.25,0,0.826000061
0,0.25,0,0.4968000183
0,0.25,0,0.4968000183
0,0.25,0,0.6985999756
0,0.35,0,0.54875
0,0.1,0,0.7257999878000001
0,0.25,0,0.522
0,0.25,0,0.522
0,0.3,0,0.551
0,0.25,0,0.3924000244
0,0.25,0,0.45810000609999996
0,0.25,0,0.5071499939
0,0.1,0,0.7448999634000001
0,0.25,0,0.5978000488
0,0.25,0,0.5978000488
0,0.25,0,0.54625
0,0.1,0,0.5889000244
0,0.25,0,0.4523999939
0,0.1,0,0.76475
0,0.0,0,0.666
0,0.05,0,0.5017999878
0,0.05,0,0.47880001829999996
0,0.25,0,0.446
0,0.1,1,1.056
0,0.1,1,1.056
0,0.1,1,1.056
0,0.1,1,1.056
0,0.1,1,1.056
0,0.1,1,1.056
0,0.1,1,1.056
0,0.1,1,1.056
0,0.1,0,0.73
0,0.1,0,0.73
0,0.1,0,0.73
0,0.1,0,0.73
0,0.1,0,0.73
0,0.1,0,0.73
0,0.1,0,0.73
0,0.1,0,0.73
0,0.1,0,0.73
0,0.1,1,1.056
0,0.1,1,1.056
0,0.1,1,1.056
0,0.1,1,1.056
0,0.1,1,1.056
0,0.1,1,1.056
0,0.1,1,1.056
0,0.1,0,0.73
0,0.1,1,1.056
0,0.1,1,1.056
0,0.1,1,1.056
0,0.1,1,1.056
0,0.1,1,1.056
0,0.1,1,1.056
0,0.1,1,1.056
0,0.1,1,1.056
0,0.1,1,1.056
0,0.1,1,1.056
0,0.1,1,1.056
0,0.1,1,1.056
0,0.1,1,1.056
0,0.1,1,1.056
0,0.1,1,1.056
0,0.1,1,1.056
0,0.1,1,1.056
0,0.1,1,1.056
0,0.1,1,1.056
0,0.1,0,0.73
0,0.1,0,0.73
0,0.1,0,0.73
0,0.1,1,1.056
0,0.1,1,1.056
0,0.1,1,1.056
0,0.1,1,1.056
0,0.1,1,1.056
0,0.1,1,1.056
0,0.1,1,1.056
0,0.1,1,1.056
0,0.1,1,1.056
0,0.1,1,1.056
0,0.1,0,0.73
0,0.1,0,0.73
0,0.1,0,0.73
0,0.1,0,0.73
0,0.1,0,0.73
0,0.1,0,0.73
0,0.1,0,0.73
0,0.1,1,1.056
0,0.1,1,1.056
0,0.1,1,1.056
0,0.1,1,1.056
0,0.1,1,1.056
0,0.1,1,1.056
0,0.1,1,1.056
0,0.1,1,1.056
0,0.1,1,1.056
0,0.1,1,1.056
0,0.1,1,1.056
0,0.1,1,1.056
0,0.1,1,1.056
0,0.1,1,1.056
0,0.1,1,1.056
0,0.1,1,1.056
0,0.1,1,1.056
0,0.1,1,1.056
0,0.1,1,1.056
0,0.1,1,1.056
0,0.1,1,1.056
0,0.1,1,1.056
0,0.1,1,1.056
0,0.1,1,1.056
0,0.1,1,1.056
0,0.1,1,1.056
0,0.1,1,1.056
0,0.1,1,1.056
0,0.1,1,1.056
0,0.1,1,1.056
0,0.1,1,1.056
0,0.1,1,1.056
0,0.1,0,0.73
0,0.1,0,0.73
0,0.1,0,0.73
0,0.1,0,0.73
0,0.1,0,0.73
0,0.1,0,0.73
0,0.1,0,0.73
0,0.1,1,1.056
0,0.1,0,0.73
0,0.1,0,0.73
0,0.1,0,0.73
0,0.25,0,0.5089500122
0,0.25,0,0.5089500122
0,0.15,0,0.7656000366
0,0.1,0,0.73
0,0.1,1,1.056
0,0.1,0,0.73
0,0.1,1,1.056
0,0.1,0,0.73
0,0.15,0,0.4886499939
0,0.05,0,0.44875
0,0.05,0,0.5026000366
0,0.25,0,0.5507999878000001
0,0.25,0,0.4692000122
0,0.3,0,0.438
0,0.3,0,0.438
0,0.3,0,0.438
0,0.3,0,0.438
0,0.35,0,0.515
0,0.25,0,0.726
0,0.25,0,0.4630499878
0,0.25,0,0.4630499878
0,0.25,0,0.4630499878
0,0.35,0,0.40860000609999997
0,0.35,0,0.40860000609999997
0,0.25,0,0.726
0,0.25,0,0.47380001829999996
0,0.25,0,0.618
0,0.25,0,0.618
0,0.05,0,0.5156999512
0,0.05,0,0.5156999512
0,0.05,0,0.5156999512
0,0.05,0,0.5156999512
0,0.05,0,0.5156999512
0,0.05,0,0.5156999512
0,0.05,0,0.5156999512
0,0.05,0,0.5156999512
0,0.05,0,0.5156999512
0,0.05,0,0.5156999512
0,0.05,0,0.5156999512
0,0.25,0,0.651
0,0.25,0,0.5641999512
0,0.0,0,0.5152000122
0,0.35,0,0.4975
0,0.25,0,0.5344499511999999
0,0.25,0,0.5344499511999999
0,0.25,0,0.5344499511999999
0,0.25,0,0.595
0,0.25,0,0.648
0,0.05,0,0.74375
0,0.25,0,0.5355
0,0.05,0,0.74375
0,0.2,0,0.828
0,0.05,0,0.7625
0,0.05,0,0.7625
0,0.05,0,0.7625
0,0.25,0,0.7413999634
0,0.25,0,0.583
0,0.05,0,0.7625
0,0.05,0,0.7625
0,0.25,0,0.583
0,0.25,0,0.583
0,0.05,0,0.7625
0,0.05,0,0.7625
0,0.25,0,0.3476499939
0,0.05,0,0.633
0,0.25,0,0.5163499756
0,0.25,0,0.5163499756
0,0.25,0,0.3340499878
0,0.25,0,0.3340499878
0,0.25,0,0.5210499878
0,0.3,0,0.54
0,0.25,0,0.54
0,0.25,0,0.6644000244
0,0.25,0,0.6918999634
0,0.25,0,0.55
0,0.25,0,0.56
0,0.25,0,0.56
0,0.25,0,0.56
0,0.25,0,0.563
0,0.25,0,0.56
0,0.05,0,0.6911500244
0,0.25,0,0.648
0,0.25,0,0.648
0,0.25,0,0.6336500244
0,0.25,0,0.6864000244
0,0.25,0,0.6864000244
0,0.2,0,0.828
0,0.2,0,0.828
0,0.2,0,0.828
0,0.15,0,0.7332000122
0,0.15,0,0.7332000122
0,0.25,0,0.528
0,0.25,0,0.528
0,0.25,0,0.528
0,0.25,0,0.6170999756
0,0.25,0,0.56
0,0.15,0,0.7332000122
0,0.25,0,0.7413999634
0,0.25,0,0.5163499756
0,0.05,0,0.7625
0,0.25,0,0.7237999878000001
0,0.05,0,0.7625
0,0.25,0,0.583
0,0.25,0,0.6170999756
0,0.05,0,0.7625
0,0.25,0,0.6864000244
0,0.25,0,0.56
0,0.25,0,0.53
0,0.25,0,0.6170999756
0,0.25,0,0.6170999756
0,0.25,0,0.595
0,0.25,0,0.48875
0,0.25,0,0.665
0,0.25,0,0.665
0,0.25,0,0.665
0,0.25,0,0.48875
0,0.25,0,0.665
0,0.25,0,0.54
0,0.25,0,0.54
0,0.05,0,0.456
0,0.25,0,0.3340499878
0,0.25,0,0.6644000244
0,0.15,0,0.5646500244
0,0.25,0,0.6644000244
0,0.25,0,0.6644000244
0,0.25,0,0.6336500244
0,0.25,0,0.4000499878
0,0.25,0,0.4332000122
0,0.25,0,0.4611499939
0,0.25,0,0.4189500122
0,0.25,0,0.4000499878
0,0.25,0,0.4000499878
0,0.25,0,0.5210499878
0,0.25,0,0.618
0,0.25,0,0.618
0,0.25,0,0.34675
0,0.25,0,0.34675
0,0.25,0,0.34675
0,0.25,0,0.618
0,0.25,0,0.618
0,0.25,0,0.618
0,0.25,0,0.618
0,0.25,0,0.5344499511999999
0,0.05,0,0.6871500244000001
0,0.15,0,0.6980999756
0,0.25,0,0.5727000122
0,0.25,0,0.5727000122
0,0.25,0,0.5727000122
0,0.25,0,0.5092499695
0,0.3,0,0.4675
0,0.25,0,0.5092499695
0,0.25,0,0.5092499695
0,0.15,0,0.6980999756
0,0.25,0,0.5092499695
0,0.25,0,0.5092499695
0,0.25,0,0.6305
0,0.25,0,0.4714499817
0,0.25,0,0.5344499511999999
0,0.25,0,0.6265999756
0,0.25,0,0.6265999756
0,0.05,0,0.5244000244
0,0.25,0,0.6003000488
0,0.25,0,0.5853499756
0,0.25,0,0.5853499756
0,0.05,0,0.8386000365999999
0,0.25,0,0.5853499756
0,0.05,0,0.8386000365999999
0,0.25,0,0.6731999512
0,0.25,0,0.6731999512
0,0.05,0,0.8386000365999999
0,0.05,0,0.8386000365999999
0,0.05,0,0.8386000365999999
0,0.05,0,0.8386000365999999
0,0.25,0,0.6731999512
0,0.25,0,0.6731999512
0,0.25,0,0.6731999512
0,0.25,0,0.4189500122
0,0.25,0,0.5853499756
0,0.05,0,0.8386000365999999
0,0.25,0,0.6731999512
0,0.25,0,0.7267000121999999
0,0.25,0,0.5853499756
0,0.25,0,0.5842000122
0,0.25,0,0.6302000122
0,0.05,0,0.585
0,0.05,0,0.585
0,0.25,0,0.7075999756
0,0.25,0,0.6302000122
0,0.25,0,0.7075999756
0,0.25,0,0.7075999756
0,0.25,0,0.49244998170000004
0,0.25,0,0.49244998170000004
0,0.25,0,0.49244998170000004
0,0.25,0,0.49244998170000004
0,0.25,0,0.5480999756
0,0.25,0,0.5480999756
0,0.25,0,0.5480999756
0,0.25,0,0.5480999756
0,0.25,0,0.5480999756
0,0.25,0,0.49244998170000004
0,0.25,0,0.49244998170000004
0,0.25,0,0.5480999756
0,0.25,0,0.56175
0,0.25,0,0.48639999390000005
0,0.05,0,0.6871500244000001
0,0.25,0,0.5344499511999999
0,0.05,0,0.6871500244000001
0,0.05,0,0.6871500244000001
0,0.25,0,0.4714499817
0,0.25,0,0.6302000122
0,0.25,0,0.6616999512
0,0.25,0,0.6616999512
0,0.25,0,0.6616999512
0,0.25,0,0.6616999512
0,0.25,0,0.4958999939
0,0.25,0,0.41580001829999996
0,0.25,0,0.5853499756
0,0.25,0,0.5853499756
0,0.25,0,0.7075999756
0,0.25,0,0.56175
0,0.25,0,0.8380999756
0,0.25,0,0.8380999756
0,0.25,0,0.4714499817
0,0.25,0,0.6731999512
0,0.25,0,0.6731999512
0,0.25,0,0.6731999512
0,0.25,0,0.6731999512
0,0.25,0,0.7267000121999999
0,0.25,0,0.5853499756
0,0.25,0,0.7267000121999999
0,0.25,0,0.7267000121999999
0,0.25,0,0.7075999756
0,0.25,0,0.5480999756
0,0.25,0,0.6302000122
0,0.25,0,0.7075999756
0,0.25,0,0.5480999756
0,0.25,0,0.8380999756
0,0.25,0,0.4956500244
0,0.25,0,0.4075500183
0,0.05,0,0.6108000488
0,0.05,0,0.6108000488
0,0.25,0,0.5836999512
0,0.25,0,0.5836999512
0,0.25,0,0.5344499511999999
0,0.25,0,0.6731999512
0,0.25,0,0.5480999756
0,0.25,0,0.6003000488
0,0.25,0,0.6003000488
0,0.25,0,0.6731999512
0,0.25,0,0.4714499817
0,0.25,0,0.4851000061
0,0.25,0,0.48639999390000005
0,0.25,0,0.48639999390000005
0,0.25,0,0.509
0,0.25,0,0.6731999512
0,0.25,0,0.522
0,0.25,0,0.49244998170000004
0,0.25,0,0.41975
0,0.25,0,0.41975
0,0.25,0,0.41975
0,0.25,0,0.41975
0,0.25,0,0.41975
0,0.25,0,0.41975
0,0.25,0,0.41975
0,0.25,0,0.41975
0,0.25,0,0.41975
0,0.05,0,0.5475
0,0.25,0,0.3932999878
0,0.25,0,0.365
0,0.25,0,0.365
0,0.25,0,0.365
0,0.25,0,0.365
0,0.25,0,0.365
0,0.25,0,0.365
0,0.25,0,0.365
0,0.25,0,0.365
0,0.25,0,0.365
0,0.25,0,0.365
0,0.25,0,0.365
0,0.25,0,0.365
0,0.25,0,0.5453999634000001
0,0.25,0,0.5453999634000001
0,0.25,0,0.4347000122
0,0.25,0,0.365
0,0.25,0,0.41975
0,0.25,0,0.41975
0,0.25,0,0.546
0,0.25,0,0.546
0,0.25,0,0.546
0,0.25,0,0.546
0,0.25,0,0.546
0,0.25,0,0.546
0,0.25,0,0.546
0,0.25,0,0.546
0,0.25,0,0.546
0,0.25,0,0.546
0,0.25,0,0.546
0,0.25,0,0.546
0,0.25,0,0.546
0,0.25,0,0.4496500244
0,0.25,0,0.35550003049999995
0,0.25,0,0.41475
0,0.25,0,0.35550003049999995
0,0.25,0,0.41475
0,0.25,0,0.41475
0,0.25,0,0.41475
0,0.25,0,0.4496500244
0,0.25,0,0.5858000488
0,0.05,0,0.5481000366
0,0.05,0,0.5481000366
0,0.05,0,0.5475
0,0.05,0,0.5475
0,0.05,0,0.5475
0,0.05,0,0.5475
0,0.05,0,0.5475
0,0.05,0,0.5475
0,0.05,0,0.5475
0,0.05,0,0.5475
0,0.05,0,0.5475
0,0.25,0,0.5858000488
0,0.25,0,0.5858000488
0,0.05,0,0.585
0,0.05,0,0.585
0,0.25,0,0.3932999878
0,0.25,0,0.3932999878
0,0.05,0,0.5481000366
0,0.05,0,0.5481000366
0,0.05,0,0.5481000366
0,0.05,0,0.5481000366
0,0.25,0,0.3887000122
0,0.05,0,0.5481000366
0,0.25,0,0.365
0,0.25,0,0.365
0,0.25,0,0.4347000122
0,0.3,0,0.4015
0,0.25,0,0.5915
0,0.25,0,0.41975
0,0.25,0,0.3968999634
0,0.25,0,0.365
0,0.25,0,0.365
0,0.25,0,0.365
0,0.25,0,0.365
0,0.25,0,0.365
0,0.25,0,0.365
0,0.05,0,0.6108000488
0,0.25,0,0.3285
0,0.25,0,0.3285
0,0.25,0,0.3887000122
0,0.25,0,0.3887000122
0,0.05,0,0.5475
0,0.05,0,0.5475
0,0.05,0,0.5475
0,0.05,0,0.5475
0,0.05,0,0.5475
0,0.05,0,0.5475
0,0.05,0,0.5475
0,0.25,0,0.8380999756
0,0.05,0,0.5475
0,0.05,0,0.5475
0,0.05,0,0.5475
0,0.05,0,0.5475
0,0.3,0,0.4938999939
0,0.05,0,0.5292000121999999
0,0.05,0,0.5292000121999999
0,0.05,0,0.5292000121999999
0,0.05,0,0.5292000121999999
0,0.05,0,0.5292000121999999
0,0.25,0,0.5344499511999999
0,0.25,0,0.685
0,0.25,0,0.685
0,0.25,0,0.41975
0,0.25,0,0.49244998170000004
0,0.25,0,0.49244998170000004
0,0.25,0,0.5344499511999999
0,0.25,0,0.5344499511999999
0,0.25,0,0.5344499511999999
0,0.25,0,0.6656000366
0,0.25,0,0.6656000366
0,0.25,0,0.4347000122
0,0.25,0,0.4347000122
0,0.25,0,0.4347000122
0,0.25,0,0.4347000122
0,0.25,0,0.4347000122
0,0.25,0,0.4347000122
0,0.25,0,0.4347000122
0,0.25,0,0.685
0,0.25,0,0.685
0,0.25,0,0.8380999756
0,0.25,0,0.3932999878
0,0.25,0,0.3932999878
0,0.25,0,0.37714999390000004
0,0.25,0,0.37714999390000004
0,0.05,0,0.6871500244000001
0,0.05,0,0.6871500244000001
0,0.3,0,0.5344499511999999
0,0.05,0,0.8386000365999999
0,0.25,0,0.546
0,0.25,0,0.41580001829999996
0,0.25,0,0.41580001829999996
0,0.05,0,0.5133000488
0,0.05,0,0.5133000488
0,0.05,0,0.5133000488
0,0.25,0,0.35489999390000004
0,0.05,0,0.546
0,0.05,0,0.51
0,0.05,0,0.4515
0,0.05,0,0.5133000488
0,0.05,0,0.5133000488
0,0.05,0,0.5133000488
0,0.05,0,0.5133000488
0,0.05,0,0.47739999390000004
0,0.25,0,0.41975
0,0.25,0,0.41975
0,0.25,0,0.41975
0,0.25,0,0.41975
0,0.25,0,0.41975
0,0.25,0,0.41975
0,0.25,0,0.41975
0,0.25,0,0.41975
0,0.25,0,0.41975
0,0.25,0,0.41975
0,0.25,0,0.41975
0,0.25,0,0.41975
0,0.25,0,0.5344499511999999
0,0.25,0,0.5344499511999999
0,0.25,0,0.5858000488
0,0.25,0,0.5858000488
0,0.25,0,0.5858000488
0,0.25,0,0.6108000488
0,0.25,0,0.4913999634
0,0.25,0,0.6108000488
0,0.25,0,0.4913999634
0,0.25,0,0.6108000488
0,0.25,0,0.6108000488
0,0.25,0,0.5102999878
0,0.25,0,0.5303999634000001
0,0.25,0,0.5303999634000001
0,0.25,0,0.5303999634000001
0,0.25,0,0.5102999878
0,0.25,0,0.5102999878
0,0.25,0,0.5303999634000001
0,0.25,0,0.3768000183
0,0.25,0,0.3768000183
0,0.25,0,0.5102999878
0,0.25,0,0.5102999878
0,0.25,0,0.5102999878
0,0.25,0,0.5102999878
0,0.25,0,0.5102999878
0,0.25,0,0.5102999878
0,0.25,0,0.5102999878
0,0.05,0,0.8398500365999999
0,0.05,0,0.8398500365999999
0,0.15,0,0.6616999512
0,0.05,0,0.8398500365999999
0,0.05,0,0.8398500365999999
0,0.25,0,0.7308000488
0,0.25,0,0.485
0,0.15,0,0.582
0,0.25,0,0.6003000488
0,0.25,0,0.6003000488
0,0.25,0,0.40410000609999996
0,0.25,0,0.68125
0,0.25,0,0.68125
0,0.25,0,0.68125
0,0.25,0,0.7133999634
0,0.25,0,0.381
0,0.25,0,0.7133999634
0,0.05,0,0.6785999756
0,0.25,0,0.5344499511999999
0,0.25,0,0.5344499511999999
0,0.25,0,0.5344499511999999
0,0.05,0,0.822
0,0.25,0,0.5344499511999999
0,0.25,0,0.5344499511999999
0,0.25,0,0.5344499511999999
0,0.25,0,0.5344499511999999
0,0.05,0,0.822
0,0.25,0,0.63625
0,0.25,0,0.63625
0,0.25,0,0.63625
0,0.25,0,0.63625
0,0.25,0,0.45810000609999996
0,0.25,0,0.7802999878000001
0,0.25,0,0.4032000122
0,0.25,0,0.3681000061
0,0.25,0,0.3681000061
0,0.25,0,0.7802999878000001
0,0.25,0,0.7802999878000001
0,0.25,0,0.7802999878000001
0,0.25,0,0.42944998170000004
0,0.25,0,0.42944998170000004
0,0.25,0,0.42944998170000004
0,0.25,0,0.49244998170000004
0,0.25,0,0.5544000244
0,0.25,0,0.64
0,0.15,0,0.582
0,0.15,0,0.582
0,0.25,0,0.5061000060999999
0,0.25,0,0.6722999878
0,0.25,0,0.6722999878
0,0.05,0,0.6785999756
0,0.05,0,0.6785999756
0,0.25,0,0.49244998170000004
0,0.25,0,0.63625
0,0.15,0,0.9284500121999999
0,0.15,0,0.6616999512
0,0.25,0,0.7046999512
0,0.25,0,0.6003000488
0,0.25,0,0.5508000488
0,0.25,0,0.5480999756
0,0.25,0,0.63625
0,0.25,0,0.49244998170000004
0,0.25,0,0.45810000609999996
0,0.25,0,0.45810000609999996
0,0.25,0,0.5544000244
0,0.25,0,0.63625
0,0.25,0,0.63625
0,0.25,0,0.381
0,0.25,0,0.5508000488
0,0.05,0,0.6616999512
0,0.25,0,0.7802999878000001
0,0.25,0,0.7308000488
0,0.25,0,0.63625
0,0.25,0,0.63625
0,0.25,0,0.6722999878
0,0.35,0,0.28985000609999995
0,0.25,0,0.6785999756
0,0.05,0,0.5475
0,0.05,0,0.5475
0,0.05,0,0.5475
0,0.2,0,0.5453999634000001
0,0.2,0,0.5453999634000001
0,0.2,0,0.5453999634000001
0,0.2,0,0.5453999634000001
0,0.3,0,0.325
0,0.05,0,0.5475
0,0.05,0,0.5475
0,0.05,0,0.5475
0,0.25,0,0.49244998170000004
0,0.25,0,0.49244998170000004
0,0.25,0,0.5061000060999999
0,0.25,0,0.4716000366
0,0.05,0,0.822
0,0.05,0,0.822
0,0.25,0,0.4716000366
0,0.05,0,0.5475
0,0.05,0,0.5475
0,0.25,0,0.5388000488
0,0.05,0,0.5475
0,0.05,0,0.5475
0,0.05,0,0.5475
0,0.05,0,0.5475
0,0.05,0,0.5475
0,0.25,0,0.63625
0,0.25,0,0.63625
0,0.25,0,0.63625
0,0.25,0,0.5544000244
0,0.25,0,0.5544000244
0,0.25,0,0.5544000244
0,0.25,0,0.5544000244
0,0.2,0,0.5453999634000001
0,0.2,0,0.5453999634000001
0,0.05,0,0.4074000244
0,0.25,0,0.3928499756
0,0.25,0,0.3928499756
0,0.25,0,0.3928499756
0,0.25,0,0.4913999634
0,0.25,0,0.4913999634
0,0.0,0,0.4432999878
0,0.05,0,0.57
0,0.05,0,0.57
0,0.25,0,0.6734000244
0,0.25,0,0.5858999634000001
0,0.05,0,0.57
0,0.05,0,0.57
0,0.05,0,0.57
0,0.05,0,0.56575
0,0.05,0,0.56575
0,0.05,0,0.56575
0,0.05,0,0.56575
0,0.05,0,0.56575
0,0.25,0,0.36375
0,0.25,0,0.3783000183
0,0.05,0,0.56575
0,0.05,0,0.56575
0,0.05,0,0.56575
0,0.05,0,0.56575
0,0.05,0,0.4432999878
0,0.0,0,0.4432999878
0,0.25,0,0.4592000122
0,0.25,0,0.4592000122
0,0.05,0,0.4432999878
0,0.05,0,0.57
0,0.05,0,0.57
0,0.0,0,0.6075
0,0.0,0,0.6075
0,0.0,0,0.6075
0,0.25,0,0.6117999878
0,0.25,0,0.6117999878
0,0.25,0,0.6117999878
0,0.25,0,0.6117999878
0,0.2,0,0.5369000244
0,0.2,0,0.5369000244
0,0.2,0,0.5369000244
0,0.2,0,0.5369000244
0,0.25,0,0.675
0,0.05,0,0.5408499756
0,0.05,0,0.5408499756
0,0.25,0,0.43364999390000003
0,0.0,0,0.6555
0,0.0,0,0.6555
0,0.0,0,0.6555
0,0.0,0,0.6555
0,0.0,0,0.6555
0,0.0,0,0.6555
0,0.0,0,0.6555
0,0.0,0,0.6555
0,0.25,0,0.6187999878
0,0.25,0,0.6187999878
0,0.25,0,0.6187999878
0,0.05,0,0.6117999878
0,0.25,0,0.6187999878
0,0.25,0,0.6187999878
0,0.25,0,0.6187999878
0,0.25,0,0.675
0,0.25,0,0.675
0,0.25,0,0.675
0,0.05,0,0.5408499756
0,0.25,0,0.6187999878
0,0.25,0,0.6187999878
0,0.25,0,0.6187999878
0,0.25,0,0.6187999878
0,0.25,0,0.4236000061
0,0.25,0,0.5537999268
0,0.25,0,0.585
0,0.0,0,0.6555
0,0.25,0,0.675
0,0.0,0,0.6555
0,0.25,0,0.5244000244
0,0.25,0,0.4588500061
0,0.0,0,0.6555
0,0.25,0,0.3717000122
0,0.25,0,0.585
0,0.05,0,0.6018000488
0,0.0,0,0.6075
0,0.05,0,0.6117999878
0,0.25,0,0.6187999878
0,0.05,0,0.4947000122
0,0.05,0,0.6195
0,0.25,0,0.48824996950000005
0,0.25,0,0.5292000121999999
0,0.25,0,0.5292000121999999
0,0.25,0,0.637
0,0.25,0,0.637
0,0.05,0,0.74925
0,0.05,0,0.74925
0,0.05,0,0.74925
0,0.05,0,0.4947000122
0,0.0,0,0.6075
0,0.05,0,0.5624000244
0,0.05,0,0.4947000122
0,0.05,0,0.4947000122
0,0.05,0,0.4947000122
0,0.05,0,0.4947000122
0,0.05,0,0.4947000122
0,0.05,0,0.4947000122
0,0.25,0,0.4756000366
0,0.25,0,0.42625
0,0.25,0,0.47789999390000004
0,0.25,0,0.637
0,0.05,0,0.74925
0,0.25,0,0.4756000366
0,0.25,0,0.45360003660000003
0,0.25,0,0.47789999390000004
0,0.25,0,0.47789999390000004
0,0.0,0,0.4603500061
0,0.0,0,0.4432999878
0,0.0,0,0.4432999878
0,0.0,0,0.4432999878
0,0.25,0,0.637
0,0.25,0,0.637
0,0.1,0,0.64
0,0.1,0,0.64
0,0.15,0,0.6555
0,0.25,0,0.5175
0,0.15,0,0.6555
0,0.15,0,0.6555
0,0.25,0,0.5175
0,0.25,0,0.5175
0,0.25,0,0.5175
0,0.25,0,0.5175
0,0.1,0,0.63525
0,0.1,0,0.7
0,0.1,0,0.5624000244
0,0.1,0,0.5624000244
0,0.1,0,0.5624000244
0,0.1,0,0.4947000122
0,0.1,0,0.4947000122
0,0.1,0,0.4947000122
0,0.1,0,0.4947000122
0,0.0,0,0.5865
0,0.0,0,0.5865
0,0.0,0,0.5865
0,0.25,0,0.5251999512
0,0.25,0,0.581
0,0.25,0,0.5858999634000001
0,0.25,0,0.5395
0,0.25,0,0.5166000366
0,0.0,0,0.61225
0,0.0,0,0.61225
0,0.0,0,0.61225
0,0.15,0,0.5824000244
0,0.15,0,0.5824000244
0,0.05,0,0.64875
0,0.05,0,0.64875
0,0.25,0,0.39014999390000005
0,0.25,0,0.39014999390000005
0,0.25,0,0.44114999390000004
0,0.25,0,0.39014999390000005
0,0.05,0,0.64875
0,0.05,0,0.64875
0,0.25,0,0.5352000121999999
0,0.25,0,0.5352000121999999
0,0.15,0,0.5824000244
0,0.25,0,0.39014999390000005
0,0.25,0,0.39014999390000005
0,0.25,0,0.6164000244
0,0.25,0,0.6164000244
0,0.25,0,0.6164000244
0,0.25,0,0.6164000244
0,0.25,0,0.6164000244
0,0.25,0,0.6164000244
0,0.25,0,0.6164000244
0,0.25,0,0.6164000244
0,0.25,0,0.39014999390000005
0,0.25,0,0.446
0,0.25,0,0.446
0,0.25,0,0.5129000244
0,0.25,0,0.6164000244
0,0.25,0,0.6164000244
0,0.25,0,0.6164000244
0,0.25,0,0.6164000244
0,0.25,0,0.6164000244
0,0.25,0,0.6164000244
0,0.25,0,0.5129000244
0,0.25,0,0.5278499756
0,0.25,0,0.6164000244
0,0.25,0,0.6164000244
0,0.25,0,0.6164000244
0,0.25,0,0.39014999390000005
0,0.25,0,0.39014999390000005
0,0.25,0,0.5395
0,0.1,0,0.7455
0,0.1,0,0.8307000121999999
0,0.1,0,0.78
0,0.1,0,0.6170999756
0,0.1,0,0.64
0,0.05,0,0.5595
0,0.05,0,0.6018000488
0,0.05,0,0.6195
0,0.05,0,0.6018000488
0,0.05,0,0.74925
0,0.25,0,0.7308000488
0,0.05,0,0.574
0,0.25,0,0.5348499756
0,0.05,0,0.5060000305
0,0.05,0,0.5060000305
0,0.05,0,0.5060000305
0,0.25,0,0.352
0,0.25,0,0.352
0,0.25,0,0.352
0,0.25,0,0.456
0,0.25,0,0.456
0,0.25,0,0.456
0,0.25,0,0.456
0,0.25,0,0.48735000609999996
0,0.2,0,0.5039999695
0,0.25,0,0.34380001829999995
0,0.25,0,0.5348499756
0,0.25,0,0.3249000244
0,0.25,0,0.3249000244
0,0.25,0,0.418
0,0.25,0,0.418
0,0.25,0,0.418
0,0.25,0,0.418
0,0.05,0,0.6409000244
0,0.25,0,0.304
0,0.25,0,0.418
0,0.25,0,0.418
0,0.25,0,0.418
0,0.25,0,0.418
0,0.25,0,0.418
0,0.25,0,0.418
0,0.25,0,0.418
0,0.25,0,0.5348499756
0,0.2,0,0.3629000244
0,0.25,0,0.508
0,0.25,0,0.44
0,0.25,0,0.418
0,0.25,0,0.418
0,0.25,0,0.418
0,0.25,0,0.418
0,0.25,0,0.418
0,0.25,0,0.418
0,0.05,0,0.5060000305
0,0.05,0,0.5060000305
0,0.25,0,0.352
0,0.25,0,0.352
0,0.25,0,0.46169998170000004
0,0.25,0,0.5156999512
0,0.25,0,0.46169998170000004
0,0.25,0,0.46169998170000004
0,0.25,0,0.46169998170000004
0,0.2,0,0.5039999695
0,0.2,0,0.4487999573
0,0.25,0,0.456
0,0.25,0,0.456
0,0.2,0,0.4487999573
0,0.2,0,0.4487999573
0,0.2,0,0.4487999573
0,0.2,0,0.4487999573
0,0.2,0,0.4487999573
0,0.25,0,0.48735000609999996
0,0.25,0,0.48735000609999996
0,0.25,0,0.418
0,0.25,0,0.418
0,0.25,0,0.418
0,0.25,0,0.32775003049999996
0,0.25,0,0.45840005489999996
0,0.25,0,0.45840005489999996
0,0.05,0,0.4445999451
0,0.05,0,0.4445999451
0,0.05,0,0.4445999451
0,0.05,0,0.4445999451
0,0.05,0,0.4445999451
0,0.25,0,0.45840005489999996
0,0.05,0,0.4445999451
0,0.25,0,0.45840005489999996
0,0.25,0,0.45840005489999996
0,0.25,0,0.382
0,0.25,0,0.45840005489999996
0,0.25,0,0.3105
0,0.25,0,0.3105
0,0.25,0,0.32775003049999996
0,0.25,0,0.6912000121999999
0,0.25,0,0.42625
0,0.25,0,0.4913999634
0,0.25,0,0.3783000183
0,0.35,0,0.4232000427
0,0.25,0,0.3795
0,0.25,0,0.42639996339999997
0,0.25,0,0.382
0,0.25,0,0.3105
0,0.25,0,0.4458999634
0,0.35,0,0.4775
0,0.05,0,0.7377999268
0,0.35,0,0.4157999878
0,0.35,0,0.4443999634
0,0.25,0,0.4458999634
0,0.25,0,0.4603500061
0,0.25,0,0.382
0,0.35,0,0.4836499939
0,0.25,0,0.42639996339999997
0,0.25,0,0.5732999878
0,0.05,0,0.567
0,0.25,0,0.3737500305
0,0.35,0,0.4283999634
0,0.05,0,0.7202999878
0,0.25,0,0.5102999878
0,0.25,0,0.49275
0,0.25,0,0.5251999512
0,0.25,0,0.45625
0,0.25,0,0.4913999634
0,0.25,0,0.42625
0,0.25,0,0.5656000365999999
0,0.35,0,0.3590999756
0,0.25,0,0.36375
0,0.05,0,0.5408499756
0,0.05,0,0.822
0,0.25,0,0.45625
0,0.25,0,0.45625
0,0.25,0,0.3505500183
0,0.25,0,0.4592000122
0,0.25,0,0.4956000061
0,0.25,0,0.4956000061
0,0.25,0,0.49275
0,0.25,0,0.4725
0,0.25,0,0.5388000488
0,0.25,0,0.4692999878
0,0.25,0,0.4332000122
0,0.25,0,0.5911500244
0,0.35,0,0.3978000183
0,0.25,0,0.3978000183
0,0.25,0,0.493
0,0.3,0,0.4047999878
0,0.15,0,0.5244000244
0,0.25,0,0.3263999939
0,0.25,0,0.43035000609999996
0,0.3,0,0.2960999756
0,0.3,0,0.40589999390000003
0,0.35,0,0.2551999969
0,0.25,0,0.41975
0,0.2,0,0.438
0,0.25,0,0.41975
0,0.35,0,0.29520001220000003
0,0.25,0,0.3874499817
0,0.35,0,0.29520001220000003
0,0.25,0,0.32775003049999996
0,0.25,0,0.279
0,0.25,0,0.329
0,0.05,0,0.4965999451
0,0.3,0,0.5282000121999999
0,0.25,0,0.6259000244
0,0.35,0,0.5405500488
0,0.25,0,0.384
0,0.25,0,0.384
0,0.25,0,0.4262999878
0,0.25,0,0.4262999878
0,0.25,0,0.4247999878
0,0.25,0,0.4262999878
0,0.25,0,0.4262999878
0,0.25,0,0.4262999878
0,0.25,0,0.4247999878
0,0.25,0,0.4262999878
0,0.25,0,0.4262999878
0,0.25,0,0.4262999878
0,0.25,0,0.4262999878
0,0.25,0,0.4247999878
0,0.25,0,0.4247999878
0,0.25,0,0.7017999878000001
0,0.25,0,0.7017999878000001
0,0.25,0,0.7017999878000001
0,0.25,0,0.7017999878000001
0,0.25,0,0.48875
0,0.25,0,0.48875
0,0.25,0,0.7017999878000001
0,0.25,0,0.7017999878000001
0,0.25,0,0.32325
0,0.25,0,0.32325
0,0.25,0,0.7017999878000001
0,0.25,0,0.48875
0,0.25,0,0.4932000122
0,0.25,0,0.4932000122
0,0.35,0,0.417
0,0.25,0,0.544
0,0.25,0,0.5885
0,0.25,0,0.576
0,0.25,0,0.5885
0,0.25,0,0.544
0,0.25,0,0.4630499878
0,0.25,0,0.4630499878
0,0.25,0,0.3969000244
0,0.25,0,0.4630499878
0,0.25,0,0.4630499878
0,0.3,0,0.33075
0,0.25,0,0.3969000244
0,0.25,0,0.3969000244
0,0.25,0,0.29520001220000003
0,0.25,0,0.369
0,0.25,0,0.382
0,0.25,0,0.382
0,0.25,0,0.382
0,0.25,0,0.382
0,0.25,0,0.548
0,0.25,0,0.5885
0,0.25,0,0.548
0,0.35,0,0.4503999939
0,0.35,0,0.4503999939
0,0.35,0,0.2398499908
0,0.35,0,0.2398499908
0,0.35,0,0.2398499908
0,0.25,0,0.726
0,0.25,0,0.594
0,0.35,0,0.5337999878
0,0.35,0,0.27675
0,0.25,0,0.548
0,0.25,0,0.548
0,0.25,0,0.548
0,0.25,0,0.5885
0,0.25,0,0.5885
0,0.25,0,0.548
0,0.25,0,0.369
0,0.25,0,0.369
0,0.25,0,0.369
0,0.25,0,0.369
0,0.25,0,0.369
0,0.25,0,0.369
0,0.25,0,0.369
0,0.25,0,0.369
0,0.25,0,0.369
0,0.25,0,0.369
0,0.25,0,0.369
0,0.25,0,0.369
0,0.25,0,0.369
0,0.25,0,0.369
0,0.25,0,0.369
0,0.25,0,0.369
0,0.25,0,0.382
0,0.25,0,0.382
0,0.25,0,0.382
0,0.25,0,0.382
0,0.25,0,0.369
0,0.25,0,0.576
0,0.25,0,0.544
0,0.25,0,0.3969000244
0,0.25,0,0.3969000244
0,0.25,0,0.382
0,0.25,0,0.382
0,0.25,0,0.5885
0,0.25,0,0.3969000244
0,0.25,0,0.382
0,0.25,0,0.548
0,0.25,0,0.54
0,0.25,0,0.382
0,0.25,0,0.382
0,0.05,0,0.5156999512
0,0.05,0,0.5156999512
0,0.05,0,0.5156999512
0,0.05,0,0.5156999512
0,0.05,0,0.5156999512
0,0.05,0,0.5156999512
0,0.25,0,0.544
0,0.25,0,0.54
0,0.25,0,0.54
0,0.05,0,0.6383999634
0,0.25,0,0.4802000122
0,0.25,0,0.4802000122
0,0.35,0,0.325
0,0.35,0,0.325
0,0.35,0,0.5044500122
0,0.35,0,0.56525
0,0.35,0,0.29520001220000003
0,0.25,0,0.4458999634
0,0.25,0,0.3951999512
0,0.25,0,0.67125
0,0.25,0,0.6175500488
0,0.25,0,0.47739999390000004
0,0.05,0,0.4432999878
0,0.05,0,0.4603500061
0,0.25,0,0.5628000488
0,0.25,0,0.5628000488
0,0.25,0,0.5628000488
0,0.25,0,0.5628000488
0,0.25,0,0.4014000244
0,0.05,0,0.5575
0,0.35,0,0.39014999390000005
0,0.25,0,0.6225
0,0.25,0,0.5829000244
0,0.25,0,0.6225
0,0.05,0,0.8235
0,0.05,0,0.8235
0,0.25,0,0.5428000488
0,0.25,0,0.5428000488
0,0.05,0,0.8235
0,0.05,0,0.8235
0,0.25,0,0.5048999939000001
0,0.15,0,0.921
0,0.15,0,0.921
0,0.25,0,0.5048999939000001
0,0.05,0,0.8235
0,0.25,0,0.5428000488
0,0.25,0,0.5428000488
0,0.25,0,0.5428000488
0,0.25,0,0.5428000488
0,0.05,0,0.8235
0,0.05,0,0.8235
0,0.05,0,0.8235
0,0.05,0,0.4745
0,0.15,0,0.921
0,0.25,0,0.6225
0,0.25,0,0.5428000488
0,0.25,0,0.6225
0,0.25,0,0.6225
0,0.25,0,0.38325
0,0.25,0,0.38325
0,0.05,0,0.8235
0,0.05,0,0.8235
0,0.15,0,0.4913999634
0,0.15,0,0.4913999634
0,0.15,0,0.4913999634
0,0.25,0,0.4347000122
0,0.25,0,0.4347000122
0,0.25,0,0.438
0,0.25,0,0.438
0,0.25,0,0.42639996339999997
0,0.05,0,0.48639999390000005
0,0.25,0,0.4913999634
0,0.25,0,0.42639996339999997
0,0.05,0,0.5481000366
0,0.05,0,0.52925
0,0.05,0,0.5481000366
0,0.05,0,0.52925
0,0.05,0,0.52925
0,0.05,0,0.5481000366
0,0.05,0,0.48639999390000005
0,0.0,0,0.537
0,0.25,0,0.4653999634
0,0.0,0,0.5175
0,0.0,0,0.5175
0,0.0,0,0.48300003049999995
0,0.0,0,0.5175
0,0.0,0,0.537
0,0.0,0,0.48300003049999995
0,0.0,0,0.48300003049999995
0,0.0,0,0.53475
0,0.0,0,0.537
0,0.05,0,0.6527999878
0,0.25,0,0.418
0,0.05,0,0.6409000244
0,0.05,0,0.49814999390000003
0,0.05,0,0.49814999390000003
0,0.05,0,0.49814999390000003
0,0.05,0,0.49814999390000003
0,0.05,0,0.49814999390000003
0,0.05,0,0.49814999390000003
0,0.3,0,0.438
0,0.25,0,0.45625
0,0.05,0,0.46125
0,0.05,0,0.5348000488
0,0.05,0,0.5348000488
0,0.35,0,0.4189500122
0,0.35,0,0.4189500122
0,0.05,0,0.49814999390000003
0,0.05,0,0.4796999817
0,0.05,0,0.4796999817
0,0.15,0,0.5858999634000001
0,0.05,0,0.4796999817
0,0.25,0,0.4913999634
0,0.35,0,0.5641999512
0,0.35,0,0.4773999634
0,0.05,0,0.55125
0,0.05,0,0.55125
0,0.3,0,0.32775003049999996
0,0.25,0,0.33210000609999996
0,0.05,0,0.4832999878
0,0.05,0,0.5183999634
0,0.0,0,0.5548999634
0,0.0,0,0.576
0,0.0,0,0.537
0,0.0,0,0.537
0,0.0,0,0.537
0,0.0,0,0.537
0,0.05,0,0.6582999878000001
0,0.05,0,0.6582999878000001
0,0.05,0,0.5920999755999999
0,0.05,0,0.4428000183
0,0.05,0,0.4796999817
