FID,MITIGATION_Level_PAN,mitigation_model_pred
527,3.0,3.0
2349,1.0,1.0
4000,2.0,1.0
2124,1.0,1.0
2025,1.0,1.0
88,1.0,1.0
2024,2.0,2.0
690,3.0,3.0
1482,2.0,2.0
1450,2.0,2.0
1765,2.0,2.0
3421,2.0,2.0
400,1.0,1.0
1161,2.0,2.0
1603,2.0,2.0
1196,2.0,2.0
3861,2.0,2.0
125,1.0,1.0
1932,1.0,2.0
4092,2.0,2.0
1600,2.0,2.0
3976,2.0,2.0
2270,1.0,1.0
2836,2.0,2.0
1173,1.0,1.0
1874,3.0,3.0
552,2.0,3.0
3816,2.0,2.0
3070,2.0,1.0
516,3.0,3.0
1594,2.0,2.0
1890,3.0,3.0
215,2.0,2.0
4090,2.0,2.0
1428,2.0,2.0
2308,1.0,1.0
3676,2.0,1.0
3219,2.0,2.0
2409,2.0,2.0
251,2.0,2.0
520,3.0,3.0
1852,3.0,3.0
1780,3.0,3.0
302,1.0,1.0
2401,2.0,2.0
2078,1.0,1.0
1146,2.0,2.0
3686,2.0,2.0
2648,2.0,2.0
3901,2.0,1.0
2513,1.0,1.0
3523,2.0,3.0
393,1.0,1.0
1100,3.0,2.0
712,3.0,3.0
3346,2.0,2.0
1538,1.0,1.0
1721,2.0,2.0
3302,1.0,1.0
1398,2.0,2.0
515,3.0,3.0
660,3.0,3.0
3632,2.0,2.0
2245,2.0,2.0
2571,2.0,2.0
2786,3.0,3.0
2105,1.0,1.0
2051,2.0,2.0
2444,2.0,2.0
622,3.0,3.0
1999,2.0,2.0
1208,2.0,2.0
2908,2.0,2.0
2500,2.0,2.0
3023,2.0,1.0
2386,2.0,2.0
467,1.0,1.0
3157,2.0,2.0
3840,2.0,3.0
1390,2.0,1.0
3648,2.0,2.0
4100,2.0,2.0
1453,2.0,2.0
1175,1.0,1.0
1747,2.0,2.0
354,1.0,1.0
476,1.0,1.0
722,3.0,3.0
3733,2.0,2.0
1559,2.0,2.0
2925,2.0,2.0
3075,2.0,2.0
797,2.0,3.0
3989,3.0,3.0
1795,3.0,3.0
1168,1.0,1.0
3753,1.0,2.0
635,3.0,3.0
1292,2.0,2.0
442,2.0,2.0
2418,1.0,1.0
2940,2.0,2.0
828,3.0,3.0
930,2.0,2.0
2922,2.0,2.0
3508,2.0,3.0
3586,3.0,3.0
3183,1.0,1.0
3908,2.0,1.0
830,3.0,3.0
2544,2.0,2.0
3343,2.0,2.0
2874,2.0,2.0
530,3.0,3.0
3536,2.0,2.0
3177,2.0,2.0
3902,2.0,1.0
3955,1.0,1.0
3547,3.0,3.0
1412,2.0,2.0
1153,2.0,2.0
405,2.0,2.0
1935,2.0,2.0
0,2.0,2.0
2837,2.0,2.0
995,2.0,1.0
3316,2.0,2.0
1736,3.0,3.0
3271,2.0,2.0
2230,2.0,2.0
1867,3.0,3.0
2275,2.0,2.0
825,3.0,3.0
4064,2.0,2.0
1470,2.0,2.0
2805,2.0,2.0
1084,3.0,2.0
831,3.0,3.0
1461,2.0,2.0
2222,2.0,2.0
2408,2.0,2.0
2652,3.0,3.0
136,2.0,2.0
1254,2.0,2.0
2339,2.0,2.0
485,2.0,2.0
3357,2.0,2.0
3709,3.0,3.0
1798,3.0,3.0
2540,3.0,3.0
3994,2.0,2.0
1424,2.0,2.0
2849,2.0,2.0
3207,2.0,1.0
2012,2.0,1.0
923,2.0,2.0
934,3.0,3.0
2643,3.0,3.0
3426,2.0,3.0
2519,2.0,2.0
2452,2.0,2.0
2569,3.0,3.0
1572,2.0,2.0
40,2.0,2.0
272,1.0,1.0
1109,3.0,2.0
3936,2.0,1.0
543,2.0,3.0
1853,3.0,3.0
2048,2.0,2.0
1462,2.0,2.0
1241,2.0,2.0
464,2.0,2.0
3298,1.0,1.0
716,2.0,2.0
414,1.0,1.0
349,1.0,1.0
3981,3.0,3.0
3713,3.0,3.0
2459,1.0,1.0
1455,2.0,2.0
3745,2.0,2.0
1193,2.0,2.0
59,2.0,2.0
3277,2.0,2.0
589,3.0,3.0
2128,1.0,1.0
2856,2.0,2.0
96,2.0,2.0
3292,1.0,1.0
2525,2.0,3.0
3674,2.0,1.0
2962,2.0,2.0
965,3.0,2.0
2754,2.0,2.0
3602,2.0,2.0
233,1.0,1.0
431,1.0,1.0
1945,2.0,2.0
2738,3.0,3.0
2537,2.0,2.0
1361,1.0,1.0
3260,1.0,1.0
3883,2.0,2.0
1993,2.0,2.0
956,1.0,1.0
1426,2.0,2.0
684,2.0,2.0
2713,3.0,3.0
2003,3.0,3.0
3399,1.0,1.0
4081,2.0,2.0
496,2.0,2.0
172,2.0,2.0
3888,2.0,2.0
29,2.0,2.0
959,2.0,2.0
4007,2.0,1.0
1375,2.0,2.0
2575,2.0,3.0
1342,2.0,2.0
2502,2.0,2.0
3557,2.0,2.0
2522,2.0,3.0
1319,2.0,2.0
2736,2.0,2.0
817,2.0,3.0
1189,2.0,2.0
382,1.0,1.0
993,2.0,2.0
2783,2.0,2.0
1231,2.0,2.0
254,2.0,2.0
643,3.0,3.0
2709,2.0,2.0
1522,2.0,2.0
999,2.0,1.0
4059,2.0,2.0
3528,2.0,3.0
1354,2.0,2.0
2886,2.0,2.0
3815,2.0,2.0
2766,2.0,2.0
1598,2.0,2.0
1393,2.0,2.0
3548,2.0,2.0
3534,2.0,2.0
3287,2.0,2.0
118,1.0,1.0
2948,2.0,2.0
177,2.0,2.0
636,3.0,3.0
1776,3.0,3.0
3275,2.0,2.0
3386,1.0,1.0
2993,2.0,2.0
472,2.0,2.0
2116,2.0,2.0
2110,2.0,2.0
582,3.0,3.0
711,3.0,3.0
289,2.0,2.0
264,2.0,2.0
871,3.0,3.0
2080,2.0,1.0
2705,3.0,3.0
1868,3.0,3.0
2455,1.0,1.0
2352,2.0,2.0
3971,2.0,1.0
2417,2.0,2.0
3928,2.0,1.0
327,1.0,1.0
881,2.0,1.0
3069,2.0,1.0
412,1.0,1.0
326,1.0,1.0
2587,2.0,2.0
687,3.0,3.0
3436,2.0,3.0
2378,2.0,2.0
835,2.0,2.0
540,3.0,3.0
2029,2.0,1.0
3470,2.0,2.0
2797,3.0,3.0
1574,2.0,2.0
1698,3.0,3.0
1982,2.0,2.0
3497,2.0,2.0
2001,3.0,3.0
4093,3.0,3.0
3587,3.0,3.0
1212,2.0,2.0
2494,2.0,1.0
2689,2.0,2.0
2999,2.0,2.0
3729,2.0,2.0
1341,2.0,2.0
2534,2.0,2.0
4101,2.0,2.0
1623,3.0,3.0
1740,3.0,3.0
458,2.0,2.0
3073,2.0,1.0
2742,2.0,2.0
1541,2.0,2.0
2563,2.0,2.0
1503,1.0,1.0
3209,1.0,1.0
3067,1.0,1.0
1949,3.0,2.0
2464,1.0,1.0
1437,2.0,2.0
2593,2.0,2.0
2365,2.0,2.0
632,3.0,3.0
3499,2.0,3.0
2382,1.0,1.0
762,2.0,2.0
1477,2.0,2.0
672,3.0,3.0
309,1.0,1.0
1191,2.0,2.0
895,2.0,2.0
518,3.0,3.0
2942,2.0,2.0
2369,2.0,2.0
645,3.0,3.0
2584,2.0,2.0
2413,2.0,2.0
1845,3.0,3.0
103,1.0,1.0
2394,2.0,2.0
3337,1.0,1.0
2639,2.0,2.0
1855,3.0,3.0
2932,2.0,2.0
827,3.0,3.0
2428,2.0,2.0
696,3.0,3.0
1000,3.0,3.0
3234,1.0,1.0
971,3.0,2.0
3251,2.0,2.0
1486,1.0,1.0
2257,2.0,2.0
3252,2.0,2.0
1607,2.0,2.0
1364,2.0,2.0
2662,2.0,2.0
3903,2.0,2.0
1644,3.0,3.0
3101,1.0,1.0
1492,2.0,2.0
3477,3.0,3.0
1660,3.0,3.0
2711,2.0,2.0
500,2.0,2.0
1489,1.0,1.0
3133,1.0,1.0
2248,2.0,2.0
2289,1.0,1.0
3606,2.0,2.0
1745,3.0,3.0
366,1.0,1.0
1843,3.0,3.0
4055,2.0,2.0
4002,2.0,1.0
1532,1.0,1.0
2297,1.0,1.0
1157,2.0,2.0
661,3.0,3.0
3388,1.0,1.0
3596,2.0,3.0
1235,2.0,2.0
3535,2.0,2.0
621,3.0,3.0
2686,2.0,2.0
1147,2.0,2.0
1363,2.0,2.0
2498,2.0,2.0
368,1.0,1.0
2831,2.0,2.0
4046,3.0,3.0
1265,2.0,2.0
1416,2.0,2.0
1688,3.0,3.0
3635,2.0,2.0
2818,2.0,2.0
3556,2.0,2.0
2592,2.0,2.0
3320,1.0,1.0
1476,2.0,2.0
580,3.0,3.0
1004,2.0,2.0
493,1.0,1.0
2049,2.0,1.0
1331,2.0,2.0
2701,2.0,2.0
2377,2.0,2.0
1666,3.0,3.0
1256,2.0,2.0
1587,2.0,2.0
3365,2.0,2.0
3178,2.0,2.0
1391,2.0,2.0
3675,2.0,1.0
3758,2.0,2.0
2258,2.0,2.0
1789,3.0,3.0
2988,2.0,2.0
2389,2.0,2.0
1207,3.0,3.0
2484,2.0,2.0
670,3.0,3.0
137,1.0,1.0
3417,3.0,3.0
1964,2.0,2.0
3381,1.0,1.0
3455,2.0,3.0
1880,3.0,3.0
1451,2.0,2.0
1811,3.0,3.0
2650,2.0,2.0
2492,2.0,2.0
851,3.0,3.0
3065,2.0,2.0
189,2.0,2.0
2063,1.0,1.0
1251,2.0,2.0
1952,2.0,2.0
2117,2.0,2.0
3746,2.0,2.0
1433,1.0,1.0
3043,2.0,2.0
1263,2.0,2.0
4033,2.0,1.0
2864,2.0,2.0
3510,2.0,3.0
1892,2.0,2.0
2172,2.0,2.0
926,3.0,3.0
2276,1.0,1.0
3777,2.0,2.0
2875,2.0,2.0
98,1.0,1.0
557,2.0,2.0
819,2.0,2.0
3291,1.0,1.0
3918,2.0,1.0
2190,2.0,1.0
3217,2.0,2.0
2835,2.0,1.0
826,3.0,3.0
1552,2.0,2.0
3756,2.0,2.0
3205,1.0,1.0
174,2.0,2.0
1905,3.0,3.0
3904,2.0,1.0
1123,3.0,2.0
2813,2.0,2.0
539,3.0,3.0
1120,3.0,3.0
2906,2.0,2.0
862,2.0,2.0
3975,2.0,2.0
1129,3.0,2.0
3411,2.0,2.0
1732,3.0,3.0
280,1.0,1.0
3243,2.0,2.0
2654,2.0,2.0
914,2.0,1.0
3533,2.0,2.0
1469,2.0,2.0
1989,2.0,2.0
1352,2.0,2.0
198,2.0,2.0
3737,2.0,2.0
217,1.0,1.0
2463,1.0,1.0
1657,3.0,3.0
3539,2.0,2.0
3503,2.0,3.0
2724,3.0,3.0
1221,2.0,2.0
3199,2.0,2.0
1615,2.0,2.0
57,2.0,2.0
3483,2.0,3.0
2226,2.0,2.0
381,1.0,1.0
2260,2.0,2.0
1569,2.0,2.0
1742,3.0,3.0
2997,3.0,3.0
638,3.0,3.0
1955,1.0,2.0
212,1.0,1.0
3197,1.0,1.0
2567,2.0,3.0
663,3.0,3.0
1366,2.0,2.0
905,2.0,2.0
2035,2.0,2.0
765,3.0,3.0
3651,2.0,2.0
3843,1.0,1.0
1882,3.0,3.0
3997,2.0,2.0
1695,2.0,3.0
2315,1.0,1.0
1671,2.0,3.0
1536,1.0,1.0
3619,2.0,2.0
1787,3.0,3.0
3163,2.0,2.0
3608,2.0,3.0
1028,2.0,2.0
4038,2.0,2.0
3868,2.0,2.0
715,3.0,3.0
1877,3.0,3.0
3544,1.0,2.0
1133,3.0,2.0
68,2.0,2.0
3339,1.0,1.0
425,2.0,2.0
654,3.0,3.0
2072,2.0,1.0
3227,1.0,1.0
2912,2.0,2.0
1770,3.0,3.0
2471,2.0,2.0
2638,3.0,3.0
1550,2.0,2.0
2223,2.0,2.0
1392,2.0,2.0
1368,2.0,2.0
2598,2.0,2.0
996,2.0,1.0
74,2.0,2.0
1359,2.0,2.0
1343,2.0,2.0
3230,1.0,1.0
1385,1.0,1.0
39,3.0,2.0
210,1.0,1.0
449,1.0,1.0
3368,1.0,1.0
41,3.0,2.0
2082,2.0,2.0
2154,1.0,1.0
875,3.0,3.0
3571,2.0,2.0
2510,2.0,2.0
1663,3.0,3.0
3624,2.0,2.0
1842,3.0,3.0
2449,1.0,1.0
1296,2.0,2.0
703,2.0,2.0
976,3.0,2.0
2138,2.0,2.0
3459,2.0,2.0
3705,2.0,2.0
3517,2.0,3.0
4065,2.0,2.0
770,3.0,3.0
1691,3.0,3.0
3079,1.0,1.0
92,2.0,2.0
4003,2.0,2.0
1007,2.0,2.0
1082,3.0,2.0
1272,2.0,2.0
222,2.0,2.0
630,3.0,3.0
1637,3.0,3.0
1783,3.0,3.0
1247,2.0,2.0
3732,2.0,2.0
1976,2.0,2.0
3832,2.0,2.0
1805,3.0,3.0
2601,2.0,2.0
2225,2.0,2.0
2524,2.0,2.0
1062,3.0,3.0
201,2.0,2.0
1009,2.0,2.0
128,1.0,1.0
1008,2.0,2.0
890,3.0,3.0
2147,1.0,1.0
1248,2.0,2.0
1262,2.0,2.0
3763,2.0,2.0
1920,3.0,3.0
1372,2.0,2.0
164,2.0,2.0
2495,2.0,1.0
435,2.0,2.0
3661,2.0,2.0
3730,2.0,2.0
1649,3.0,3.0
3859,2.0,2.0
790,2.0,2.0
3042,1.0,1.0
3924,1.0,1.0
288,2.0,2.0
2077,2.0,2.0
1154,2.0,2.0
3944,2.0,1.0
588,3.0,3.0
1381,2.0,2.0
91,1.0,1.0
985,2.0,2.0
777,3.0,3.0
2381,2.0,2.0
801,2.0,2.0
1464,2.0,2.0
319,1.0,1.0
190,2.0,2.0
109,1.0,1.0
2020,2.0,1.0
292,2.0,2.0
531,3.0,3.0
2251,2.0,1.0
2241,2.0,2.0
3474,2.0,2.0
322,1.0,1.0
1997,2.0,2.0
2163,2.0,2.0
1813,3.0,3.0
1602,2.0,2.0
577,3.0,3.0
2561,2.0,3.0
1891,3.0,3.0
330,1.0,1.0
1516,2.0,2.0
3887,2.0,2.0
3953,2.0,1.0
2599,2.0,3.0
3623,3.0,3.0
93,2.0,2.0
2501,2.0,2.0
3175,2.0,2.0
304,1.0,1.0
2917,2.0,2.0
1768,2.0,2.0
1494,2.0,2.0
2104,1.0,1.0
3064,1.0,1.0
3030,2.0,2.0
1799,3.0,3.0
2199,2.0,2.0
581,3.0,3.0
4077,2.0,2.0
3021,1.0,1.0
1956,3.0,2.0
2957,2.0,2.0
3106,2.0,1.0
3158,1.0,1.0
902,2.0,3.0
1399,2.0,2.0
1244,2.0,2.0
3841,2.0,3.0
3397,1.0,1.0
3736,2.0,2.0
642,3.0,3.0
3122,1.0,1.0
3812,2.0,3.0
512,3.0,3.0
3878,2.0,2.0
3014,2.0,1.0
1220,2.0,2.0
3913,2.0,1.0
1057,3.0,3.0
1121,3.0,2.0
4060,2.0,2.0
247,2.0,2.0
317,1.0,1.0
2547,2.0,2.0
1829,3.0,3.0
597,3.0,3.0
1619,2.0,2.0
1943,2.0,2.0
2411,2.0,2.0
3973,2.0,2.0
2851,2.0,2.0
2367,2.0,2.0
3238,2.0,2.0
2209,2.0,2.0
156,2.0,2.0
1680,3.0,3.0
154,1.0,1.0
1861,3.0,3.0
3153,1.0,1.0
1308,2.0,2.0
562,2.0,2.0
3037,2.0,2.0
3247,2.0,2.0
1465,2.0,2.0
676,1.0,2.0
2850,2.0,2.0
3774,2.0,2.0
3344,2.0,2.0
3719,2.0,3.0
277,2.0,2.0
1635,3.0,3.0
1336,2.0,2.0
1971,2.0,2.0
4089,2.0,2.0
2125,1.0,1.0
2421,1.0,1.0
1071,3.0,2.0
2392,2.0,2.0
2793,3.0,3.0
430,1.0,1.0
2370,1.0,1.0
2340,2.0,2.0
586,3.0,3.0
3002,2.0,2.0
1195,2.0,2.0
1255,2.0,2.0
2016,2.0,1.0
2162,2.0,2.0
2443,1.0,1.0
3360,2.0,2.0
1642,3.0,3.0
3877,2.0,2.0
3862,2.0,2.0
2341,2.0,2.0
3531,3.0,3.0
992,2.0,2.0
3258,1.0,1.0
3681,2.0,2.0
805,3.0,3.0
2399,2.0,2.0
3284,2.0,2.0
1612,2.0,2.0
53,2.0,2.0
2146,1.0,1.0
3636,2.0,2.0
3435,2.0,3.0
12,2.0,2.0
2985,2.0,2.0
3191,2.0,2.0
2353,2.0,2.0
2186,1.0,1.0
2404,2.0,2.0
232,2.0,2.0
1656,3.0,3.0
3489,2.0,3.0
1145,2.0,2.0
4010,2.0,1.0
3249,2.0,2.0
2693,3.0,3.0
4102,2.0,2.0
1568,2.0,2.0
3259,1.0,1.0
893,3.0,2.0
1139,1.0,1.0
2017,1.0,1.0
945,2.0,2.0
3192,1.0,1.0
3327,2.0,2.0
788,2.0,2.0
1903,3.0,3.0
2453,2.0,2.0
3144,2.0,2.0
2395,2.0,2.0
386,1.0,1.0
842,2.0,2.0
3213,2.0,2.0
2696,3.0,3.0
1686,3.0,3.0
161,2.0,2.0
1918,3.0,3.0
1395,2.0,2.0
1143,1.0,1.0
2910,2.0,2.0
3218,2.0,2.0
3967,2.0,1.0
852,3.0,3.0
606,3.0,3.0
1108,3.0,2.0
1641,3.0,3.0
2246,2.0,2.0
2911,2.0,2.0
1024,2.0,2.0
3214,2.0,2.0
2454,1.0,1.0
4009,2.0,1.0
2620,3.0,3.0
1458,2.0,2.0
964,2.0,2.0
2183,1.0,1.0
2461,1.0,1.0
958,2.0,2.0
1369,2.0,2.0
800,2.0,2.0
3280,2.0,2.0
860,2.0,2.0
2516,2.0,2.0
3652,2.0,2.0
334,1.0,1.0
2074,2.0,1.0
131,2.0,2.0
3063,2.0,1.0
1258,2.0,2.0
1063,3.0,2.0
534,3.0,3.0
3779,2.0,2.0
1782,3.0,3.0
3611,3.0,3.0
2578,2.0,2.0
933,3.0,3.0
1269,2.0,2.0
195,2.0,2.0
1215,2.0,2.0
2497,2.0,1.0
4094,3.0,3.0
3566,2.0,2.0
659,3.0,3.0
681,2.0,2.0
242,2.0,2.0
1239,2.0,2.0
3286,2.0,2.0
1500,1.0,1.0
1962,3.0,3.0
3672,1.0,1.0
1318,2.0,2.0
3537,2.0,2.0
728,3.0,3.0
1229,2.0,2.0
3297,1.0,1.0
1837,3.0,3.0
1864,3.0,3.0
939,2.0,2.0
3283,2.0,2.0
1474,2.0,2.0
3778,2.0,2.0
2002,3.0,3.0
1548,2.0,2.0
2229,2.0,2.0
3846,2.0,1.0
1784,3.0,3.0
2823,2.0,2.0
1238,2.0,2.0
2178,1.0,1.0
3937,2.0,1.0
1048,2.0,2.0
481,2.0,2.0
1317,2.0,2.0
1373,2.0,2.0
3582,3.0,3.0
1495,2.0,2.0
1906,3.0,3.0
2750,2.0,2.0
721,3.0,3.0
870,2.0,3.0
1690,3.0,3.0
3590,3.0,3.0
1006,2.0,2.0
135,2.0,2.0
1454,2.0,2.0
1584,2.0,2.0
1922,3.0,3.0
180,2.0,2.0
758,3.0,3.0
3181,1.0,1.0
2752,2.0,2.0
1093,3.0,2.0
2065,2.0,2.0
1662,3.0,3.0
1419,2.0,2.0
3637,2.0,2.0
1627,3.0,3.0
727,3.0,3.0
2083,2.0,1.0
2862,2.0,2.0
1179,1.0,1.0
3929,2.0,1.0
734,2.0,3.0
3093,2.0,2.0
3439,3.0,3.0
2429,2.0,2.0
590,3.0,3.0
3335,1.0,1.0
1779,3.0,3.0
3308,2.0,2.0
66,2.0,2.0
743,3.0,3.0
1490,1.0,1.0
1665,3.0,3.0
962,2.0,3.0
2114,1.0,1.0
3659,2.0,3.0
3111,1.0,1.0
834,2.0,2.0
238,2.0,2.0
3176,2.0,2.0
65,1.0,1.0
3454,2.0,2.0
397,2.0,2.0
4031,2.0,2.0
3852,1.0,2.0
1526,1.0,1.0
3266,2.0,2.0
1112,3.0,3.0
1135,1.0,1.0
1606,2.0,2.0
3135,1.0,1.0
1570,2.0,2.0
2089,2.0,1.0
1862,3.0,3.0
1064,3.0,3.0
364,1.0,1.0
325,2.0,2.0
542,3.0,3.0
2861,2.0,2.0
563,2.0,2.0
887,3.0,3.0
82,1.0,1.0
4044,3.0,3.0
3401,2.0,2.0
1723,3.0,3.0
301,1.0,1.0
488,1.0,1.0
184,2.0,2.0
2644,2.0,2.0
521,3.0,3.0
3040,2.0,1.0
3869,2.0,1.0
3015,2.0,1.0
3810,3.0,3.0
3171,2.0,1.0
910,2.0,2.0
1626,3.0,3.0
1448,2.0,2.0
3165,2.0,1.0
2084,2.0,2.0
602,3.0,3.0
230,1.0,1.0
2716,2.0,2.0
1676,3.0,3.0
1345,2.0,2.0
2756,3.0,3.0
3704,2.0,2.0
2731,2.0,2.0
3620,2.0,2.0
657,3.0,3.0
2918,2.0,2.0
2986,2.0,2.0
2224,2.0,2.0
894,2.0,2.0
1002,2.0,1.0
2607,2.0,3.0
3045,2.0,2.0
336,1.0,1.0
3390,1.0,1.0
3817,2.0,2.0
2204,2.0,2.0
3645,2.0,2.0
2935,2.0,2.0
507,2.0,2.0
341,1.0,1.0
3403,2.0,2.0
138,1.0,1.0
3889,2.0,2.0
1639,3.0,3.0
853,3.0,3.0
3734,1.0,2.0
2505,2.0,2.0
2749,3.0,3.0
3340,1.0,1.0
561,2.0,2.0
4056,2.0,2.0
2134,2.0,2.0
1125,3.0,2.0
2274,2.0,2.0
489,1.0,1.0
3464,2.0,3.0
2371,1.0,1.0
3581,3.0,3.0
3032,2.0,1.0
2344,2.0,2.0
346,1.0,1.0
3072,1.0,1.0
1565,2.0,2.0
1917,2.0,2.0
1079,3.0,2.0
2042,2.0,2.0
3323,1.0,1.0
1358,2.0,2.0
731,2.0,2.0
547,2.0,3.0
2357,2.0,2.0
1443,2.0,2.0
3788,2.0,2.0
1887,3.0,3.0
3007,2.0,1.0
1026,2.0,2.0
2949,2.0,2.0
2093,2.0,2.0
2941,2.0,2.0
1282,3.0,3.0
1804,3.0,3.0
1264,2.0,2.0
1074,3.0,3.0
3951,2.0,1.0
1174,1.0,1.0
3204,2.0,2.0
668,2.0,2.0
372,2.0,2.0
623,3.0,3.0
1613,2.0,2.0
3863,2.0,2.0
2982,2.0,1.0
3656,2.0,2.0
3128,1.0,1.0
3461,2.0,3.0
4030,2.0,2.0
1222,2.0,2.0
345,1.0,1.0
809,2.0,3.0
929,3.0,3.0
3240,1.0,1.0
2602,2.0,2.0
1851,3.0,3.0
4088,2.0,2.0
3382,2.0,2.0
980,2.0,2.0
973,3.0,2.0
903,2.0,3.0
1200,2.0,2.0
3179,2.0,1.0
1445,2.0,2.0
3721,2.0,2.0
2795,2.0,2.0
2880,2.0,2.0
1689,3.0,3.0
829,2.0,2.0
1436,1.0,1.0
365,1.0,1.0
1507,2.0,2.0
1088,3.0,2.0
1888,3.0,3.0
73,2.0,2.0
3641,2.0,2.0
3018,2.0,1.0
3444,3.0,3.0
2373,2.0,2.0
4005,2.0,2.0
735,2.0,3.0
4085,2.0,2.0
23,2.0,2.0
1181,2.0,2.0
688,3.0,3.0
1513,2.0,2.0
2792,3.0,3.0
607,3.0,3.0
3022,2.0,1.0
1332,2.0,2.0
2759,2.0,2.0
3354,2.0,2.0
3267,2.0,2.0
1155,2.0,2.0
1673,3.0,3.0
1992,2.0,2.0
3574,3.0,3.0
4095,3.0,3.0
411,1.0,1.0
1529,2.0,1.0
2609,2.0,2.0
3200,1.0,1.0
2347,1.0,1.0
4034,2.0,2.0
2526,2.0,3.0
1545,2.0,2.0
2300,1.0,1.0
3119,1.0,1.0
2263,1.0,1.0
2038,2.0,1.0
94,2.0,2.0
3220,2.0,2.0
1160,2.0,2.0
3768,2.0,2.0
2923,2.0,2.0
1605,2.0,2.0
2774,2.0,1.0
752,3.0,3.0
2681,3.0,3.0
3162,2.0,2.0
2434,2.0,1.0
3338,1.0,1.0
3329,1.0,1.0
3481,2.0,3.0
20,2.0,2.0
791,3.0,3.0
2554,3.0,3.0
1330,2.0,2.0
49,2.0,2.0
3206,2.0,1.0
2746,2.0,2.0
3003,2.0,2.0
2744,2.0,2.0
505,2.0,2.0
1122,3.0,2.0
438,2.0,2.0
1033,2.0,2.0
3482,1.0,2.0
3600,3.0,3.0
2755,3.0,3.0
1438,2.0,2.0
3462,2.0,2.0
446,2.0,2.0
3100,2.0,2.0
3760,2.0,2.0
725,3.0,3.0
3819,2.0,3.0
821,2.0,3.0
1029,3.0,3.0
1537,1.0,1.0
284,2.0,2.0
1838,3.0,3.0
4071,2.0,2.0
1460,2.0,2.0
1110,3.0,2.0
689,3.0,3.0
1816,3.0,3.0
3123,1.0,1.0
1316,2.0,2.0
22,2.0,2.0
2107,1.0,1.0
3605,3.0,3.0
1731,3.0,3.0
1646,3.0,3.0
113,1.0,1.0
3420,2.0,3.0
279,2.0,2.0
2131,2.0,2.0
3319,1.0,1.0
2559,3.0,3.0
246,2.0,2.0
3180,1.0,1.0
2884,2.0,2.0
2406,2.0,2.0
1762,2.0,2.0
565,2.0,2.0
3422,2.0,2.0
2834,1.0,1.0
3094,2.0,2.0
1806,3.0,3.0
3513,2.0,3.0
2870,2.0,2.0
3126,1.0,1.0
2901,2.0,2.0
3665,2.0,3.0
1766,2.0,2.0
3527,3.0,3.0
387,1.0,1.0
3223,2.0,2.0
2330,1.0,1.0
2121,2.0,2.0
970,3.0,2.0
1478,2.0,2.0
1144,1.0,1.0
3948,2.0,1.0
917,2.0,1.0
9,2.0,2.0
3690,2.0,2.0
2952,2.0,2.0
358,1.0,1.0
1692,3.0,3.0
718,3.0,3.0
1705,3.0,3.0
2424,2.0,2.0
3294,1.0,1.0
2820,2.0,2.0
86,1.0,1.0
287,2.0,2.0
1581,2.0,2.0
1895,3.0,2.0
745,2.0,2.0
116,1.0,1.0
2700,3.0,3.0
384,1.0,1.0
1014,2.0,2.0
3431,2.0,3.0
1085,3.0,2.0
3416,2.0,3.0
2100,2.0,2.0
295,2.0,2.0
81,2.0,1.0
331,1.0,1.0
2717,3.0,3.0
2893,2.0,2.0
1791,3.0,3.0
1923,2.0,2.0
1970,2.0,2.0
3244,2.0,2.0
460,2.0,2.0
611,3.0,3.0
866,3.0,3.0
3707,2.0,2.0
3700,2.0,2.0
997,2.0,1.0
2739,2.0,2.0
150,1.0,1.0
3367,2.0,2.0
2332,1.0,1.0
2337,2.0,2.0
627,3.0,3.0
153,1.0,1.0
3231,1.0,1.0
3317,2.0,2.0
332,1.0,1.0
1916,2.0,2.0
3921,2.0,1.0
1497,1.0,1.0
1669,3.0,3.0
58,2.0,2.0
4086,2.0,2.0
1204,2.0,2.0
1105,3.0,3.0
637,2.0,3.0
2897,2.0,2.0
2036,2.0,1.0
2664,2.0,2.0
3371,1.0,1.0
479,1.0,1.0
1825,3.0,3.0
1177,2.0,2.0
1998,2.0,2.0
2896,2.0,2.0
236,2.0,2.0
3460,2.0,3.0
2026,2.0,2.0
3633,2.0,2.0
3568,2.0,2.0
178,2.0,2.0
2945,2.0,2.0
2990,2.0,2.0
2066,1.0,1.0
1846,3.0,3.0
2469,2.0,2.0
3451,2.0,2.0
3814,2.0,2.0
235,2.0,1.0
882,2.0,2.0
2236,2.0,2.0
1307,2.0,2.0
2663,3.0,3.0
2944,2.0,2.0
1304,2.0,2.0
1554,2.0,2.0
3440,2.0,3.0
2122,2.0,2.0
404,1.0,1.0
3306,2.0,2.0
3724,2.0,2.0
3871,1.0,2.0
2326,2.0,2.0
3377,1.0,1.0
2645,3.0,3.0
1322,2.0,2.0
7,2.0,1.0
2393,2.0,2.0
3172,2.0,2.0
182,1.0,1.0
3864,1.0,2.0
1621,2.0,2.0
569,3.0,3.0
2422,2.0,2.0
1950,3.0,2.0
906,3.0,3.0
3684,2.0,2.0
3922,1.0,1.0
2430,2.0,2.0
2451,1.0,1.0
3882,2.0,2.0
2160,1.0,1.0
2904,2.0,2.0
2706,3.0,3.0
3726,2.0,2.0
742,3.0,3.0
692,3.0,3.0
779,2.0,2.0
854,3.0,3.0
673,3.0,3.0
1925,2.0,2.0
593,2.0,3.0
1706,3.0,3.0
2295,1.0,1.0
1376,2.0,2.0
2720,2.0,2.0
571,3.0,3.0
471,2.0,2.0
2312,1.0,1.0
122,1.0,1.0
3493,2.0,3.0
56,2.0,2.0
3552,3.0,3.0
2324,2.0,2.0
43,1.0,1.0
1620,2.0,2.0
3139,2.0,2.0
3585,3.0,3.0
1697,3.0,3.0
3145,2.0,2.0
1092,3.0,2.0
761,2.0,2.0
1717,3.0,3.0
2214,2.0,2.0
1479,2.0,2.0
338,1.0,1.0
2552,2.0,2.0
837,2.0,2.0
385,1.0,1.0
456,1.0,1.0
1217,2.0,2.0
75,2.0,2.0
820,2.0,3.0
2616,3.0,3.0
3097,2.0,2.0
2144,2.0,2.0
4097,3.0,3.0
2127,1.0,1.0
2971,2.0,2.0
2828,1.0,1.0
419,1.0,1.0
1859,3.0,3.0
2338,2.0,2.0
585,3.0,3.0
532,3.0,3.0
2964,2.0,2.0
3488,2.0,3.0
3324,1.0,1.0
1128,3.0,2.0
1751,2.0,2.0
1001,2.0,3.0
3639,3.0,3.0
457,2.0,2.0
2655,2.0,2.0
353,1.0,1.0
1741,3.0,3.0
1685,3.0,3.0
2970,2.0,2.0
2734,2.0,2.0
1414,2.0,2.0
595,3.0,3.0
1245,2.0,2.0
1323,2.0,2.0
784,2.0,3.0
3853,2.0,2.0
3525,1.0,2.0
2090,2.0,1.0
502,2.0,2.0
600,3.0,3.0
3130,1.0,1.0
963,2.0,2.0
1410,2.0,2.0
1151,1.0,1.0
2520,2.0,2.0
3789,2.0,2.0
1060,3.0,3.0
1534,2.0,2.0
2570,2.0,3.0
3310,2.0,2.0
1467,2.0,2.0
3845,2.0,1.0
1447,2.0,2.0
1163,2.0,2.0
4014,2.0,2.0
1440,2.0,2.0
2368,2.0,2.0
423,2.0,2.0
535,3.0,3.0
3279,1.0,1.0
3457,2.0,2.0
573,3.0,3.0
4036,2.0,2.0
1653,3.0,3.0
3521,2.0,2.0
1824,3.0,3.0
3215,2.0,2.0
855,3.0,3.0
2780,2.0,1.0
1593,2.0,2.0
2403,2.0,2.0
3961,2.0,1.0
1493,2.0,2.0
3083,2.0,1.0
2649,2.0,2.0
3589,2.0,2.0
3526,2.0,3.0
1056,3.0,3.0
918,2.0,2.0
132,2.0,2.0
1449,2.0,2.0
554,2.0,2.0
936,2.0,2.0
748,2.0,3.0
1408,2.0,2.0
3942,2.0,1.0
921,2.0,2.0
2674,2.0,2.0
4043,3.0,3.0
3555,2.0,2.0
2968,3.0,3.0
1896,3.0,3.0
1707,3.0,3.0
2541,2.0,2.0
983,2.0,2.0
3986,2.0,2.0
253,1.0,1.0
367,1.0,1.0
1066,3.0,3.0
3096,2.0,2.0
1738,3.0,3.0
356,1.0,1.0
989,2.0,2.0
3120,1.0,1.0
3325,2.0,2.0
2363,2.0,2.0
151,1.0,1.0
388,1.0,1.0
2103,1.0,1.0
2804,2.0,2.0
3821,2.0,2.0
647,3.0,3.0
1835,3.0,3.0
2210,1.0,1.0
34,3.0,2.0
3004,2.0,2.0
2718,3.0,3.0
2956,2.0,2.0
484,2.0,2.0
3035,1.0,1.0
3827,2.0,3.0
1275,2.0,2.0
1582,2.0,2.0
2580,2.0,3.0
4017,2.0,1.0
2237,2.0,2.0
2487,2.0,1.0
1148,2.0,2.0
3597,2.0,2.0
691,3.0,3.0
3925,1.0,2.0
1383,2.0,1.0
71,2.0,2.0
2946,2.0,2.0
257,2.0,2.0
2690,3.0,3.0
811,2.0,3.0
2560,3.0,3.0
3808,2.0,2.0
3938,2.0,1.0
3352,1.0,1.0
738,2.0,2.0
2779,2.0,1.0
3664,3.0,3.0
2419,1.0,1.0
1557,2.0,2.0
403,2.0,2.0
1668,3.0,3.0
694,3.0,3.0
3529,2.0,3.0
1379,2.0,2.0
3017,2.0,1.0
149,1.0,1.0
2101,1.0,1.0
2528,2.0,3.0
1286,2.0,2.0
578,3.0,3.0
1236,2.0,2.0
1948,1.0,2.0
2745,2.0,2.0
3972,2.0,2.0
3698,2.0,2.0
3839,3.0,3.0
79,2.0,1.0
3800,2.0,2.0
3087,2.0,1.0
15,2.0,2.0
550,2.0,3.0
167,2.0,2.0
187,2.0,2.0
2321,2.0,2.0
148,1.0,1.0
1471,2.0,2.0
394,1.0,1.0
2966,2.0,3.0
3662,2.0,3.0
2878,2.0,2.0
2796,3.0,3.0
2509,2.0,2.0
1025,2.0,2.0
1111,3.0,2.0
227,2.0,2.0
3143,2.0,2.0
617,3.0,3.0
2120,2.0,2.0
2264,1.0,1.0
3613,3.0,3.0
2272,1.0,1.0
266,1.0,1.0
1872,3.0,2.0
1960,2.0,2.0
3385,1.0,1.0
2546,2.0,2.0
766,2.0,2.0
920,2.0,2.0
1849,3.0,3.0
1630,3.0,3.0
3193,2.0,2.0
2712,3.0,3.0
77,2.0,2.0
1958,3.0,2.0
3850,1.0,2.0
470,2.0,2.0
1596,2.0,2.0
377,2.0,2.0
3668,2.0,3.0
1335,2.0,2.0
3235,1.0,1.0
2059,2.0,2.0
755,2.0,3.0
2185,1.0,1.0
3820,2.0,2.0
649,3.0,3.0
4070,2.0,2.0
3767,2.0,2.0
4024,1.0,1.0
1326,2.0,2.0
1609,2.0,2.0
3491,1.0,2.0
2079,1.0,1.0
911,2.0,1.0
1046,2.0,2.0
33,3.0,2.0
1910,2.0,3.0
2070,2.0,1.0
1041,2.0,2.0
2261,2.0,2.0
3982,3.0,3.0
432,2.0,2.0
466,1.0,1.0
1011,2.0,2.0
95,2.0,2.0
1834,3.0,3.0
84,1.0,1.0
2334,2.0,2.0
1725,3.0,3.0
3524,2.0,3.0
1818,3.0,3.0
99,2.0,2.0
1038,2.0,2.0
3514,2.0,3.0
4067,2.0,2.0
812,2.0,3.0
3667,2.0,3.0
1340,2.0,2.0
1034,2.0,2.0
2816,2.0,2.0
208,2.0,2.0
1058,3.0,3.0
2442,1.0,1.0
3696,2.0,2.0
864,2.0,2.0
1473,2.0,2.0
3793,2.0,2.0
399,2.0,2.0
206,2.0,2.0
952,3.0,3.0
2943,2.0,2.0
3182,1.0,1.0
2899,2.0,2.0
889,3.0,3.0
824,2.0,2.0
2938,2.0,2.0
1016,2.0,2.0
4075,2.0,2.0
1206,3.0,3.0
3256,2.0,2.0
2218,2.0,2.0
513,3.0,3.0
2928,2.0,2.0
3428,2.0,3.0
2810,2.0,3.0
1226,2.0,2.0
2158,2.0,2.0
1267,2.0,2.0
1760,2.0,2.0
1106,3.0,2.0
1703,3.0,3.0
3432,2.0,3.0
2053,2.0,1.0
469,1.0,1.0
3917,2.0,1.0
3954,2.0,1.0
608,3.0,3.0
2243,2.0,2.0
1870,3.0,2.0
3919,2.0,1.0
584,3.0,3.0
1418,2.0,2.0
2833,2.0,1.0
260,2.0,2.0
1380,2.0,2.0
1442,2.0,2.0
1337,2.0,2.0
2456,1.0,1.0
499,2.0,2.0
2939,2.0,2.0
453,2.0,2.0
3792,2.0,2.0
1937,2.0,2.0
2657,2.0,2.0
1344,2.0,2.0
942,2.0,2.0
2118,2.0,2.0
988,3.0,3.0
290,2.0,2.0
955,3.0,3.0
1321,2.0,2.0
1094,3.0,2.0
186,2.0,2.0
949,3.0,3.0
3099,2.0,2.0
3058,2.0,1.0
598,3.0,3.0
3453,2.0,2.0
321,1.0,1.0
726,3.0,3.0
3425,2.0,3.0
3484,2.0,3.0
3202,1.0,1.0
2685,2.0,2.0
1931,1.0,2.0
2819,2.0,2.0
1224,2.0,2.0
1940,3.0,3.0
3998,2.0,2.0
375,2.0,2.0
1077,3.0,2.0
144,1.0,1.0
2427,2.0,2.0
2980,1.0,1.0
3860,2.0,2.0
3413,2.0,3.0
3212,2.0,1.0
119,1.0,1.0
951,3.0,3.0
2542,2.0,2.0
3974,2.0,2.0
497,1.0,1.0
3804,2.0,3.0
849,3.0,3.0
4048,3.0,3.0
1444,2.0,2.0
1355,1.0,1.0
2920,2.0,2.0
1103,3.0,3.0
1654,3.0,3.0
3670,2.0,1.0
2094,2.0,2.0
3239,1.0,1.0
3798,2.0,2.0
2054,2.0,2.0
3679,2.0,2.0
1865,3.0,3.0
1567,2.0,2.0
3699,2.0,2.0
3813,2.0,2.0
69,2.0,2.0
559,2.0,2.0
3311,2.0,2.0
3858,2.0,2.0
1432,1.0,1.0
967,2.0,2.0
2892,2.0,2.0
2566,2.0,3.0
274,1.0,1.0
931,2.0,1.0
2314,1.0,1.0
447,1.0,1.0
3487,2.0,3.0
3987,2.0,2.0
2271,1.0,1.0
517,3.0,3.0
1771,3.0,3.0
3766,2.0,2.0
756,2.0,3.0
2170,2.0,2.0
3983,3.0,3.0
1404,2.0,2.0
219,1.0,1.0
3348,1.0,1.0
3442,2.0,2.0
3264,2.0,2.0
3006,1.0,1.0
3743,2.0,2.0
370,1.0,1.0
197,2.0,2.0
3538,2.0,2.0
2729,2.0,3.0
2064,2.0,2.0
2916,2.0,2.0
3405,2.0,2.0
2247,2.0,2.0
4049,3.0,3.0
695,3.0,3.0
2485,2.0,2.0
2954,2.0,2.0
2135,2.0,2.0
3131,1.0,1.0
961,2.0,2.0
2323,2.0,2.0
2772,2.0,1.0
833,2.0,2.0
2707,2.0,2.0
2033,1.0,1.0
3458,2.0,2.0
416,1.0,1.0
1566,2.0,2.0
655,3.0,3.0
1823,3.0,3.0
2405,2.0,2.0
3629,2.0,2.0
2388,2.0,2.0
2530,2.0,3.0
30,2.0,2.0
2573,2.0,3.0
1184,2.0,2.0
1549,2.0,2.0
675,2.0,3.0
908,3.0,3.0
3855,2.0,2.0
306,1.0,1.0
2383,1.0,1.0
3592,2.0,2.0
3966,2.0,1.0
3899,2.0,1.0
115,2.0,1.0
3712,2.0,2.0
3465,2.0,3.0
3222,2.0,2.0
2826,3.0,3.0
3110,2.0,2.0
2782,3.0,2.0
1162,2.0,2.0
2438,2.0,2.0
1274,2.0,2.0
4039,1.0,2.0
159,2.0,2.0
2659,2.0,2.0
3456,2.0,3.0
494,1.0,1.0
324,1.0,1.0
3688,2.0,2.0
3765,2.0,2.0
3300,1.0,1.0
2863,2.0,2.0
709,3.0,3.0
1420,2.0,2.0
3364,2.0,2.0
2073,2.0,1.0
2800,2.0,2.0
3692,3.0,3.0
1126,3.0,2.0
2583,3.0,3.0
3380,1.0,1.0
3255,2.0,2.0
3396,2.0,2.0
3168,1.0,1.0
767,2.0,2.0
2976,2.0,1.0
843,3.0,3.0
2407,2.0,2.0
2091,2.0,2.0
3898,2.0,1.0
2871,2.0,2.0
2950,2.0,2.0
781,2.0,2.0
2692,3.0,3.0
2763,3.0,3.0
1005,2.0,2.0
2776,2.0,2.0
3947,2.0,1.0
3124,1.0,1.0
3891,2.0,1.0
2068,2.0,2.0
112,2.0,2.0
1312,2.0,2.0
3469,2.0,2.0
2,2.0,2.0
452,1.0,1.0
1796,3.0,3.0
97,2.0,2.0
2198,2.0,2.0
946,2.0,2.0
2888,2.0,2.0
2284,1.0,1.0
2181,2.0,2.0
1320,2.0,2.0
2265,1.0,1.0
3450,2.0,3.0
1425,2.0,2.0
3790,2.0,2.0
3956,2.0,1.0
1250,2.0,2.0
2806,2.0,2.0
3423,2.0,2.0
2359,2.0,2.0
3612,3.0,3.0
170,2.0,2.0
789,3.0,3.0
2220,2.0,2.0
1817,3.0,3.0
462,1.0,1.0
3614,2.0,2.0
2812,2.0,2.0
255,2.0,2.0
2440,2.0,2.0
2169,2.0,2.0
3923,1.0,1.0
2005,2.0,2.0
872,3.0,3.0
3372,1.0,1.0
3580,3.0,3.0
3796,2.0,2.0
1790,3.0,3.0
3943,2.0,1.0
1803,3.0,3.0
2277,1.0,1.0
55,2.0,2.0
2402,2.0,2.0
2477,2.0,2.0
3472,2.0,3.0
1172,2.0,1.0
2553,3.0,3.0
3027,2.0,2.0
1178,1.0,1.0
2221,2.0,2.0
1767,2.0,2.0
3920,2.0,1.0
2673,2.0,2.0
2867,2.0,2.0
1043,2.0,2.0
1452,2.0,2.0
551,2.0,3.0
3747,2.0,2.0
1708,3.0,3.0
3892,2.0,2.0
2727,2.0,2.0
3173,1.0,1.0
1285,2.0,2.0
1984,2.0,2.0
421,2.0,2.0
451,1.0,1.0
3546,2.0,3.0
3485,2.0,3.0
3011,2.0,1.0
2741,2.0,2.0
4019,2.0,1.0
2660,2.0,2.0
1788,3.0,3.0
2282,1.0,1.0
2933,2.0,2.0
2123,2.0,2.0
440,2.0,2.0
2714,3.0,3.0
2822,2.0,2.0
3008,2.0,2.0
142,1.0,1.0
265,2.0,2.0
2022,2.0,2.0
2157,2.0,2.0
3642,2.0,2.0
1353,2.0,2.0
1730,3.0,3.0
2439,2.0,2.0
3795,2.0,2.0
2778,2.0,1.0
1017,2.0,2.0
2322,2.0,2.0
3479,2.0,3.0
1487,1.0,1.0
720,2.0,2.0
2504,1.0,1.0
2400,2.0,2.0
192,2.0,2.0
2148,2.0,2.0
194,2.0,2.0
2219,2.0,2.0
1871,3.0,2.0
2848,2.0,2.0
427,1.0,1.0
439,1.0,1.0
3363,2.0,2.0
3233,1.0,1.0
1055,2.0,2.0
418,1.0,1.0
2437,2.0,2.0
3170,1.0,1.0
686,2.0,2.0
348,1.0,1.0
3265,2.0,2.0
605,3.0,3.0
4032,2.0,1.0
792,3.0,3.0
2900,2.0,2.0
1407,2.0,2.0
2883,2.0,2.0
1515,2.0,2.0
4013,2.0,2.0
3710,3.0,3.0
1763,2.0,2.0
1233,2.0,2.0
732,3.0,3.0
3828,2.0,3.0
1551,2.0,2.0
3332,1.0,1.0
2761,2.0,2.0
3751,2.0,2.0
1719,3.0,3.0
1035,2.0,2.0
2514,2.0,2.0
3673,2.0,1.0
3995,2.0,2.0
3711,3.0,3.0
2291,1.0,1.0
296,2.0,2.0
1857,3.0,3.0
3579,3.0,3.0
3876,2.0,2.0
935,3.0,3.0
2474,2.0,2.0
1985,2.0,2.0
3296,1.0,1.0
730,2.0,2.0
3695,2.0,2.0
891,3.0,3.0
3257,1.0,1.0
2651,2.0,2.0
3250,2.0,2.0
3080,2.0,2.0
491,1.0,1.0
3573,2.0,2.0
2854,2.0,2.0
3328,1.0,1.0
1682,3.0,3.0
3117,1.0,1.0
1822,3.0,3.0
252,2.0,2.0
3012,2.0,2.0
3076,1.0,1.0
4018,2.0,1.0
213,1.0,1.0
1387,2.0,2.0
1270,2.0,2.0
2206,1.0,1.0
648,3.0,3.0
3621,2.0,2.0
2508,2.0,2.0
844,2.0,3.0
2579,3.0,3.0
1847,3.0,3.0
146,1.0,1.0
2441,2.0,2.0
2156,2.0,2.0
3911,1.0,2.0
3835,2.0,3.0
2668,2.0,3.0
2787,3.0,3.0
2722,2.0,2.0
3811,2.0,1.0
3276,2.0,2.0
928,3.0,3.0
2175,2.0,2.0
2283,1.0,1.0
553,2.0,3.0
1328,2.0,2.0
2891,2.0,2.0
1186,2.0,2.0
544,2.0,3.0
4054,2.0,2.0
1743,3.0,3.0
2764,2.0,2.0
328,2.0,2.0
1166,1.0,1.0
2301,1.0,1.0
124,1.0,1.0
2018,2.0,2.0
639,3.0,3.0
3048,2.0,2.0
1794,3.0,3.0
3988,2.0,2.0
2006,1.0,1.0
1268,2.0,2.0
2533,2.0,2.0
2212,2.0,2.0
1169,2.0,1.0
2702,2.0,2.0
211,1.0,1.0
1629,3.0,3.0
3595,3.0,3.0
2926,2.0,2.0
2372,2.0,2.0
1225,2.0,2.0
3270,2.0,2.0
1049,2.0,2.0
2047,2.0,2.0
398,2.0,2.0
1511,2.0,2.0
3689,2.0,2.0
957,1.0,2.0
1411,2.0,2.0
1597,2.0,2.0
390,2.0,2.0
2907,2.0,2.0
3968,2.0,1.0
2213,2.0,2.0
2801,3.0,3.0
2890,2.0,2.0
2574,2.0,3.0
574,3.0,3.0
3033,2.0,1.0
937,2.0,2.0
3890,2.0,1.0
2165,2.0,2.0
1913,3.0,3.0
3383,2.0,2.0
1969,2.0,2.0
333,1.0,1.0
2511,2.0,2.0
1879,2.0,2.0
943,1.0,1.0
2894,2.0,2.0
1150,2.0,2.0
3829,2.0,3.0
836,2.0,2.0
1463,2.0,2.0
3884,1.0,2.0
3091,2.0,2.0
710,3.0,3.0
925,2.0,2.0
2770,2.0,1.0
1675,3.0,3.0
912,2.0,2.0
262,2.0,2.0
2653,2.0,2.0
865,2.0,2.0
2695,3.0,3.0
1127,3.0,2.0
680,2.0,2.0
1965,2.0,2.0
1095,3.0,2.0
2062,2.0,2.0
2934,2.0,2.0
646,3.0,3.0
1672,3.0,3.0
2137,2.0,2.0
1885,3.0,3.0
42,3.0,2.0
1506,2.0,2.0
1547,2.0,2.0
1280,2.0,2.0
990,2.0,2.0
1491,2.0,2.0
105,1.0,1.0
347,1.0,1.0
3575,3.0,3.0
3358,2.0,2.0
1694,3.0,3.0
841,3.0,3.0
2794,3.0,3.0
3112,1.0,1.0
1901,2.0,2.0
1116,3.0,2.0
1933,3.0,3.0
378,1.0,1.0
1289,2.0,2.0
4001,2.0,1.0
1573,2.0,2.0
2527,2.0,3.0
2141,2.0,2.0
1908,3.0,3.0
343,1.0,1.0
839,2.0,3.0
579,3.0,3.0
3245,2.0,2.0
807,2.0,2.0
3389,1.0,1.0
2656,2.0,2.0
218,1.0,1.0
2201,2.0,2.0
3558,2.0,2.0
1844,3.0,3.0
339,1.0,1.0
3495,2.0,2.0
2919,2.0,2.0
904,2.0,2.0
863,2.0,2.0
733,3.0,3.0
2983,2.0,1.0
1303,2.0,2.0
978,2.0,3.0
1655,3.0,3.0
2798,3.0,3.0
220,1.0,1.0
3248,2.0,2.0
984,3.0,3.0
2937,2.0,2.0
974,3.0,2.0
2233,1.0,1.0
3969,2.0,1.0
1681,3.0,3.0
1021,2.0,2.0
2416,2.0,2.0
3498,2.0,2.0
127,1.0,1.0
1138,1.0,1.0
3847,2.0,2.0
2481,2.0,1.0
1257,2.0,2.0
3638,3.0,3.0
228,2.0,2.0
3359,1.0,1.0
3849,1.0,2.0
803,3.0,3.0
2517,2.0,2.0
3476,2.0,3.0
1199,2.0,2.0
3716,3.0,3.0
678,2.0,2.0
270,1.0,1.0
1914,3.0,3.0
674,2.0,3.0
3496,2.0,2.0
3628,3.0,3.0
3262,1.0,1.0
1278,2.0,2.0
2903,2.0,2.0
3559,2.0,2.0
2732,3.0,3.0
1518,2.0,2.0
463,2.0,2.0
1957,3.0,2.0
705,2.0,2.0
966,2.0,2.0
38,3.0,2.0
2596,3.0,3.0
916,2.0,2.0
3392,1.0,1.0
3467,2.0,3.0
1981,2.0,2.0
2591,2.0,2.0
2788,2.0,2.0
335,1.0,1.0
2398,2.0,2.0
5,2.0,1.0
2830,1.0,2.0
2532,1.0,2.0
794,2.0,2.0
2697,3.0,3.0
2045,2.0,1.0
3708,2.0,2.0
3299,1.0,1.0
3186,1.0,1.0
2000,2.0,2.0
3830,2.0,2.0
2838,1.0,2.0
2191,2.0,2.0
785,2.0,2.0
1042,2.0,2.0
1769,3.0,3.0
2815,2.0,2.0
3755,2.0,2.0
3408,2.0,2.0
3761,2.0,2.0
1714,3.0,3.0
2814,1.0,1.0
1086,3.0,2.0
2539,2.0,3.0
3569,2.0,2.0
3438,2.0,2.0
85,1.0,1.0
3769,2.0,2.0
3447,2.0,2.0
3866,2.0,2.0
1142,2.0,2.0
3965,2.0,1.0
1772,3.0,3.0
3607,2.0,3.0
3691,2.0,2.0
323,1.0,1.0
2232,2.0,2.0
51,2.0,2.0
1684,3.0,3.0
2817,2.0,2.0
37,3.0,2.0
1446,2.0,2.0
3604,2.0,2.0
1403,2.0,2.0
495,1.0,1.0
2844,2.0,2.0
19,2.0,1.0
2099,2.0,2.0
2623,2.0,2.0
2597,2.0,2.0
2132,1.0,1.0
1781,3.0,3.0
3762,2.0,2.0
3288,1.0,1.0
3584,2.0,2.0
3818,2.0,2.0
536,3.0,3.0
100,1.0,1.0
1149,2.0,1.0
1083,3.0,2.0
1052,2.0,2.0
1281,2.0,2.0
318,1.0,1.0
2737,3.0,3.0
2785,3.0,3.0
2636,3.0,3.0
200,2.0,2.0
3121,1.0,1.0
3912,2.0,1.0
3799,2.0,2.0
1739,3.0,3.0
2682,2.0,2.0
3748,2.0,2.0
2015,2.0,1.0
486,2.0,2.0
998,2.0,1.0
2290,1.0,1.0
3090,2.0,2.0
3019,2.0,1.0
2426,2.0,2.0
2031,2.0,2.0
1604,2.0,2.0
2106,1.0,1.0
4006,2.0,1.0
2345,2.0,2.0
3321,1.0,1.0
2306,1.0,1.0
2391,2.0,2.0
669,2.0,3.0
3631,2.0,3.0
874,3.0,3.0
1677,3.0,3.0
986,2.0,2.0
3166,2.0,2.0
3081,2.0,2.0
2637,3.0,3.0
1183,2.0,2.0
1820,3.0,3.0
2488,2.0,1.0
3224,2.0,2.0
2043,2.0,2.0
1996,2.0,2.0
1701,3.0,3.0
2126,1.0,1.0
751,3.0,3.0
2202,2.0,2.0
3164,2.0,2.0
1097,3.0,2.0
814,2.0,3.0
1185,2.0,2.0
1499,1.0,1.0
1661,3.0,3.0
1504,2.0,2.0
1651,3.0,3.0
1300,2.0,2.0
2287,1.0,1.0
3802,1.0,2.0
3752,1.0,2.0
1091,3.0,3.0
2927,2.0,2.0
3895,1.0,2.0
4041,3.0,3.0
6,2.0,1.0
823,3.0,3.0
3874,1.0,2.0
2860,2.0,2.0
3706,2.0,2.0
3833,2.0,2.0
3896,2.0,2.0
940,2.0,2.0
2350,1.0,1.0
2445,2.0,2.0
979,2.0,2.0
248,2.0,2.0
3282,2.0,2.0
3782,2.0,2.0
3515,2.0,3.0
3958,2.0,1.0
344,1.0,1.0
1297,2.0,2.0
3932,2.0,1.0
3985,2.0,2.0
320,1.0,1.0
1422,2.0,2.0
2588,2.0,2.0
3053,2.0,1.0
3201,1.0,1.0
2625,2.0,2.0
2384,2.0,2.0
548,2.0,3.0
558,2.0,2.0
52,2.0,2.0
126,1.0,1.0
1329,2.0,2.0
2039,2.0,1.0
428,1.0,1.0
2044,1.0,1.0
2521,2.0,2.0
2177,1.0,1.0
2231,2.0,2.0
2095,2.0,2.0
1667,3.0,3.0
1561,2.0,2.0
2087,2.0,2.0
2877,2.0,2.0
3615,3.0,3.0
1616,2.0,2.0
448,1.0,1.0
2733,3.0,3.0
1633,2.0,3.0
275,1.0,1.0
391,2.0,2.0
2329,2.0,2.0
2431,2.0,2.0
3109,1.0,1.0
2027,2.0,1.0
2545,2.0,2.0
64,1.0,1.0
2629,2.0,3.0
2703,3.0,3.0
1350,2.0,2.0
2113,1.0,1.0
1512,2.0,2.0
3095,2.0,2.0
1634,3.0,3.0
3059,2.0,1.0
873,3.0,3.0
3977,2.0,2.0
310,1.0,1.0
3078,2.0,2.0
2145,1.0,1.0
1617,2.0,2.0
2435,2.0,2.0
3625,2.0,3.0
1167,1.0,1.0
1216,2.0,2.0
2633,2.0,2.0
1242,2.0,2.0
1192,2.0,2.0
18,2.0,2.0
941,2.0,3.0
1930,2.0,2.0
3088,2.0,2.0
2436,2.0,2.0
744,3.0,3.0
2293,1.0,1.0
2088,2.0,2.0
3156,2.0,2.0
243,2.0,2.0
229,2.0,2.0
3272,2.0,2.0
1902,3.0,3.0
1434,1.0,1.0
1362,1.0,1.0
2979,2.0,1.0
3939,2.0,1.0
706,3.0,3.0
3516,2.0,3.0
1753,2.0,2.0
1243,2.0,2.0
2955,2.0,2.0
1288,2.0,2.0
620,3.0,3.0
2164,2.0,2.0
1563,2.0,2.0
3125,1.0,1.0
3273,2.0,2.0
1899,3.0,3.0
1812,3.0,3.0
919,3.0,3.0
1583,2.0,2.0
3054,2.0,2.0
2641,2.0,2.0
1994,2.0,2.0
1700,3.0,3.0
618,3.0,3.0
1967,2.0,2.0
2671,2.0,2.0
2499,1.0,1.0
2041,2.0,2.0
857,2.0,2.0
3757,2.0,2.0
2187,2.0,2.0
1050,2.0,2.0
3797,2.0,2.0
3660,2.0,3.0
1683,3.0,3.0
2621,3.0,3.0
3326,2.0,2.0
3424,2.0,2.0
3554,2.0,2.0
1107,3.0,2.0
3304,2.0,2.0
2678,2.0,2.0
3783,2.0,2.0
2853,2.0,2.0
815,2.0,3.0
3697,2.0,2.0
3391,2.0,2.0
2670,2.0,2.0
315,1.0,1.0
840,3.0,3.0
4099,2.0,2.0
3772,2.0,2.0
2109,2.0,2.0
795,3.0,3.0
1485,1.0,1.0
1130,3.0,2.0
1102,3.0,3.0
2149,1.0,1.0
2448,1.0,1.0
2958,2.0,2.0
1520,2.0,2.0
3993,2.0,2.0
286,2.0,2.0
1480,2.0,2.0
1983,2.0,2.0
3333,2.0,2.0
1722,2.0,2.0
2360,2.0,2.0
1819,3.0,3.0
3350,2.0,2.0
2356,2.0,2.0
1136,1.0,1.0
2296,1.0,1.0
950,3.0,3.0
1750,2.0,2.0
3228,1.0,1.0
671,3.0,3.0
27,1.0,1.0
362,1.0,1.0
1961,2.0,2.0
2827,2.0,1.0
533,3.0,3.0
1357,1.0,1.0
1687,3.0,3.0
613,3.0,3.0
3378,1.0,1.0
2136,2.0,2.0
1757,2.0,2.0
3052,2.0,1.0
2859,2.0,2.0
1,2.0,2.0
1259,2.0,2.0
1013,2.0,2.0
1737,3.0,3.0
483,2.0,2.0
2256,2.0,2.0
4062,3.0,3.0
1132,3.0,2.0
3167,1.0,1.0
1073,3.0,2.0
329,2.0,1.0
1951,3.0,2.0
2865,2.0,2.0
3216,2.0,2.0
4072,2.0,3.0
2069,2.0,1.0
2551,2.0,2.0
3541,2.0,2.0
2873,2.0,2.0
2355,2.0,2.0
2262,2.0,2.0
2143,2.0,2.0
3169,1.0,1.0
2238,2.0,2.0
2056,2.0,1.0
1047,2.0,2.0
1386,2.0,2.0
352,1.0,1.0
2953,2.0,2.0
1134,3.0,2.0
2067,2.0,2.0
54,2.0,2.0
774,2.0,2.0
2784,2.0,2.0
3050,2.0,2.0
3731,2.0,2.0
1417,2.0,2.0
3137,1.0,1.0
1748,2.0,2.0
2895,2.0,2.0
1735,3.0,3.0
856,2.0,3.0
133,2.0,2.0
838,2.0,3.0
3693,2.0,3.0
2205,2.0,2.0
2055,2.0,1.0
3647,2.0,2.0
3414,2.0,2.0
1575,2.0,2.0
239,2.0,2.0
1351,2.0,2.0
769,3.0,3.0
3603,3.0,3.0
145,1.0,1.0
2531,2.0,2.0
3553,3.0,3.0
2299,1.0,1.0
3082,2.0,1.0
3857,2.0,2.0
2562,2.0,3.0
594,3.0,3.0
2192,2.0,2.0
1579,2.0,2.0
1032,2.0,2.0
2775,2.0,2.0
3807,3.0,3.0
1761,2.0,2.0
2266,1.0,1.0
1622,2.0,2.0
1346,2.0,2.0
3084,2.0,1.0
724,2.0,2.0
3303,1.0,1.0
3880,2.0,2.0
614,3.0,3.0
250,1.0,1.0
2543,2.0,2.0
3174,1.0,1.0
4091,2.0,2.0
2751,3.0,3.0
1509,2.0,2.0
1240,2.0,2.0
1164,2.0,2.0
2242,2.0,2.0
2058,2.0,2.0
3443,3.0,3.0
2255,2.0,2.0
1924,1.0,2.0
3630,2.0,3.0
701,2.0,3.0
3685,2.0,2.0
1519,2.0,2.0
2704,3.0,3.0
717,3.0,3.0
3221,2.0,2.0
2358,2.0,2.0
2614,2.0,3.0
50,2.0,2.0
2208,1.0,1.0
3138,1.0,1.0
1301,2.0,2.0
2898,2.0,2.0
3702,2.0,2.0
1311,2.0,2.0
740,2.0,2.0
900,2.0,3.0
273,1.0,1.0
1505,2.0,2.0
2876,2.0,2.0
3151,1.0,1.0
631,3.0,3.0
880,2.0,1.0
3992,2.0,2.0
3,2.0,2.0
1991,2.0,2.0
2632,3.0,3.0
3160,1.0,1.0
3198,2.0,2.0
938,2.0,2.0
2475,2.0,2.0
316,1.0,1.0
379,1.0,1.0
1298,2.0,2.0
2628,2.0,2.0
2842,2.0,2.0
1968,2.0,2.0
714,3.0,3.0
4073,2.0,3.0
1591,2.0,2.0
3822,2.0,1.0
2568,3.0,3.0
666,3.0,3.0
2021,2.0,2.0
1807,3.0,3.0
1182,2.0,2.0
616,3.0,3.0
402,2.0,2.0
3237,2.0,2.0
1839,3.0,3.0
3654,2.0,2.0
2085,2.0,2.0
3740,2.0,2.0
3376,1.0,1.0
3141,1.0,1.0
3791,2.0,2.0
2691,2.0,3.0
793,2.0,2.0
1131,3.0,2.0
3140,2.0,2.0
3108,2.0,2.0
468,1.0,1.0
224,2.0,1.0
3449,2.0,2.0
2613,2.0,3.0
850,3.0,3.0
4022,2.0,1.0
3824,3.0,3.0
3187,2.0,1.0
2767,2.0,2.0
2203,2.0,2.0
408,2.0,2.0
2317,2.0,2.0
1203,2.0,2.0
1860,3.0,3.0
3418,2.0,3.0
3511,2.0,3.0
634,3.0,3.0
2166,2.0,2.0
2097,2.0,1.0
3312,2.0,2.0
3653,2.0,2.0
1158,2.0,2.0
977,2.0,2.0
1580,2.0,2.0
1988,2.0,2.0
1293,2.0,2.0
1338,2.0,2.0
697,3.0,3.0
221,1.0,1.0
3347,1.0,1.0
808,2.0,2.0
2555,2.0,2.0
3727,2.0,2.0
3016,2.0,1.0
1194,2.0,2.0
2346,2.0,2.0
2839,2.0,2.0
2699,2.0,2.0
2995,2.0,2.0
3543,2.0,2.0
2390,2.0,2.0
417,1.0,1.0
2595,3.0,3.0
392,2.0,2.0
576,3.0,3.0
121,1.0,1.0
2180,1.0,1.0
2635,2.0,2.0
244,2.0,2.0
2730,2.0,2.0
3268,2.0,2.0
3886,2.0,2.0
609,2.0,3.0
2351,2.0,2.0
2879,2.0,2.0
3393,1.0,1.0
1219,2.0,2.0
625,3.0,3.0
2013,2.0,1.0
3314,2.0,2.0
3146,2.0,2.0
1348,2.0,2.0
3077,2.0,2.0
163,2.0,2.0
2618,3.0,3.0
1814,3.0,3.0
139,1.0,1.0
4078,2.0,2.0
104,1.0,1.0
1696,2.0,3.0
1562,2.0,2.0
350,1.0,1.0
560,2.0,2.0
2466,2.0,2.0
1734,3.0,3.0
129,1.0,1.0
1271,2.0,2.0
633,3.0,3.0
2050,1.0,1.0
140,1.0,1.0
1863,3.0,3.0
650,3.0,3.0
3646,2.0,2.0
3678,2.0,2.0
2028,2.0,1.0
868,3.0,3.0
504,2.0,2.0
3655,2.0,2.0
2967,2.0,2.0
2825,3.0,3.0
3370,1.0,1.0
2286,1.0,1.0
374,2.0,2.0
3500,2.0,3.0
234,2.0,1.0
1260,2.0,2.0
3563,2.0,2.0
3831,2.0,2.0
3071,2.0,1.0
3650,2.0,2.0
1733,3.0,3.0
3680,2.0,3.0
3666,2.0,3.0
1277,2.0,2.0
4074,2.0,2.0
737,2.0,2.0
1524,2.0,2.0
1435,1.0,1.0
3089,3.0,2.0
3466,2.0,2.0
2331,2.0,2.0
1253,2.0,2.0
3738,2.0,2.0
3518,2.0,3.0
3029,2.0,2.0
1810,3.0,3.0
1699,3.0,3.0
702,2.0,2.0
3269,2.0,2.0
1728,2.0,2.0
656,3.0,3.0
2102,1.0,1.0
2747,2.0,2.0
256,2.0,2.0
424,2.0,2.0
3407,2.0,2.0
2032,1.0,1.0
3805,2.0,2.0
1523,1.0,1.0
2197,2.0,2.0
806,3.0,3.0
2515,2.0,2.0
3583,3.0,3.0
2631,2.0,2.0
1396,2.0,2.0
3041,2.0,1.0
3501,2.0,2.0
376,2.0,2.0
1156,2.0,2.0
3773,2.0,2.0
3492,2.0,3.0
1840,3.0,3.0
2998,3.0,3.0
2328,2.0,2.0
157,2.0,2.0
1947,2.0,2.0
383,1.0,1.0
1636,3.0,3.0
1643,3.0,3.0
475,1.0,1.0
3750,2.0,2.0
786,2.0,3.0
209,2.0,2.0
2313,1.0,1.0
2316,1.0,1.0
2915,2.0,2.0
101,1.0,1.0
2362,1.0,1.0
699,3.0,3.0
3211,1.0,1.0
16,2.0,2.0
1578,2.0,2.0
1650,3.0,3.0
969,3.0,3.0
1456,2.0,2.0
179,2.0,2.0
2486,1.0,1.0
196,2.0,2.0
3502,2.0,3.0
2726,3.0,3.0
3572,2.0,2.0
281,1.0,1.0
1571,2.0,2.0
3739,2.0,2.0
1535,1.0,1.0
2133,2.0,2.0
1090,3.0,3.0
1409,2.0,2.0
2151,2.0,2.0
764,3.0,3.0
877,2.0,2.0
3336,1.0,1.0
3728,2.0,2.0
4008,2.0,1.0
46,1.0,1.0
514,3.0,3.0
3375,1.0,1.0
214,2.0,2.0
2661,3.0,3.0
2866,2.0,2.0
258,2.0,2.0
953,2.0,2.0
2503,2.0,2.0
3875,1.0,2.0
3038,2.0,2.0
3241,2.0,2.0
511,3.0,3.0
2303,1.0,1.0
1078,3.0,2.0
2155,2.0,2.0
2987,2.0,2.0
523,3.0,3.0
1423,2.0,2.0
3024,2.0,2.0
3366,2.0,2.0
2630,2.0,2.0
1228,2.0,2.0
898,3.0,3.0
546,2.0,2.0
1978,2.0,2.0
3916,2.0,1.0
2189,2.0,2.0
2150,2.0,1.0
564,2.0,2.0
3341,1.0,1.0
876,3.0,3.0
1754,2.0,2.0
2108,1.0,1.0
763,3.0,3.0
2410,2.0,2.0
102,2.0,2.0
2748,2.0,2.0
1658,3.0,3.0
1727,3.0,3.0
2470,2.0,2.0
203,2.0,2.0
604,3.0,3.0
667,2.0,3.0
3881,2.0,2.0
477,1.0,1.0
202,2.0,2.0
3837,2.0,1.0
2811,2.0,3.0
1929,1.0,2.0
2669,2.0,2.0
3780,2.0,2.0
111,2.0,2.0
143,1.0,1.0
3103,2.0,2.0
707,3.0,3.0
3990,2.0,3.0
787,2.0,3.0
1197,2.0,2.0
2465,2.0,2.0
3315,2.0,2.0
845,2.0,3.0
4079,2.0,2.0
3068,1.0,1.0
259,2.0,2.0
342,1.0,1.0
1413,2.0,2.0
2721,3.0,3.0
3856,1.0,2.0
312,2.0,2.0
3622,2.0,2.0
3786,2.0,2.0
3643,2.0,2.0
913,2.0,3.0
1815,3.0,3.0
1325,2.0,2.0
2130,2.0,2.0
2550,2.0,2.0
1152,2.0,2.0
455,1.0,1.0
2374,2.0,2.0
526,3.0,3.0
2432,2.0,2.0
1165,2.0,2.0
1542,2.0,2.0
1349,2.0,2.0
1080,3.0,2.0
169,2.0,2.0
3627,3.0,3.0
1230,2.0,2.0
2129,2.0,2.0
1188,2.0,2.0
1749,2.0,2.0
2781,2.0,2.0
2889,2.0,2.0
1401,2.0,2.0
268,1.0,1.0
519,3.0,3.0
1974,2.0,2.0
3999,2.0,2.0
3594,2.0,2.0
3330,1.0,1.0
4098,3.0,3.0
1544,2.0,2.0
3870,2.0,2.0
568,3.0,3.0
3331,1.0,1.0
3430,2.0,3.0
2665,2.0,2.0
1039,2.0,2.0
624,3.0,3.0
3784,2.0,2.0
3565,2.0,2.0
1631,3.0,3.0
1778,3.0,3.0
1101,3.0,2.0
1367,2.0,2.0
1883,3.0,3.0
1720,2.0,2.0
2478,2.0,2.0
4050,3.0,3.0
2327,2.0,2.0
4080,2.0,2.0
1237,2.0,2.0
2468,2.0,2.0
1963,2.0,2.0
1647,3.0,3.0
409,2.0,2.0
191,2.0,2.0
2412,2.0,2.0
1752,2.0,2.0
44,1.0,1.0
1302,2.0,2.0
1488,1.0,1.0
24,2.0,2.0
3362,2.0,2.0
294,2.0,2.0
3935,2.0,1.0
2974,2.0,3.0
3770,2.0,2.0
2640,2.0,2.0
723,3.0,3.0
1223,2.0,2.0
2857,2.0,2.0
1484,1.0,1.0
2480,2.0,1.0
3851,2.0,2.0
1987,2.0,2.0
1610,2.0,2.0
3640,2.0,2.0
415,1.0,1.0
3149,2.0,2.0
2506,2.0,2.0
2841,2.0,2.0
1793,3.0,3.0
2447,2.0,2.0
739,2.0,2.0
3522,2.0,2.0
2769,2.0,2.0
36,3.0,2.0
879,2.0,1.0
3412,2.0,3.0
3787,2.0,2.0
2634,2.0,2.0
3184,2.0,1.0
1397,2.0,2.0
3771,2.0,2.0
3020,2.0,2.0
4087,2.0,2.0
205,2.0,2.0
155,2.0,2.0
592,3.0,3.0
981,2.0,3.0
679,2.0,2.0
1314,2.0,2.0
2057,2.0,1.0
2240,2.0,2.0
4026,2.0,2.0
3441,2.0,2.0
1327,2.0,2.0
747,2.0,2.0
2743,2.0,2.0
1394,2.0,2.0
508,2.0,2.0
351,1.0,1.0
798,3.0,3.0
1546,2.0,2.0
2626,2.0,2.0
2215,2.0,2.0
1801,3.0,3.0
3931,1.0,1.0
3893,2.0,2.0
120,1.0,1.0
2483,2.0,2.0
3560,2.0,2.0
3616,2.0,2.0
888,3.0,3.0
276,2.0,2.0
1027,2.0,2.0
4015,2.0,1.0
3946,2.0,1.0
1911,3.0,3.0
596,3.0,3.0
1099,3.0,2.0
2387,2.0,2.0
1496,2.0,2.0
1531,1.0,1.0
1430,2.0,2.0
1339,2.0,2.0
2624,2.0,2.0
3301,1.0,1.0
152,1.0,1.0
1884,3.0,3.0
3949,2.0,1.0
2174,2.0,2.0
3351,1.0,1.0
1990,2.0,2.0
652,3.0,3.0
2482,2.0,1.0
1764,2.0,2.0
1830,3.0,3.0
2824,3.0,3.0
4083,2.0,2.0
3550,3.0,3.0
1632,3.0,3.0
2333,1.0,1.0
909,2.0,1.0
1588,2.0,2.0
2325,2.0,2.0
2366,2.0,2.0
108,1.0,1.0
1585,2.0,2.0
1628,3.0,3.0
8,2.0,2.0
1030,2.0,2.0
2909,2.0,2.0
3406,2.0,2.0
2612,2.0,3.0
1252,2.0,2.0
601,3.0,3.0
1912,3.0,3.0
2376,2.0,2.0
162,2.0,2.0
2335,2.0,2.0
1053,2.0,2.0
80,2.0,1.0
2139,1.0,1.0
3610,2.0,2.0
1045,2.0,2.0
2868,2.0,2.0
3246,2.0,2.0
867,3.0,3.0
2765,2.0,2.0
2753,3.0,3.0
883,2.0,2.0
1209,2.0,2.0
4035,2.0,2.0
1530,1.0,1.0
2046,2.0,2.0
1553,2.0,2.0
2924,2.0,2.0
13,2.0,2.0
1678,3.0,3.0
2675,2.0,2.0
3561,2.0,2.0
2996,2.0,3.0
2302,1.0,1.0
3591,3.0,3.0
2564,2.0,2.0
3578,2.0,3.0
3136,1.0,1.0
1850,3.0,3.0
3669,2.0,3.0
3720,2.0,2.0
271,1.0,1.0
3754,2.0,2.0
1514,2.0,2.0
599,3.0,3.0
773,2.0,2.0
1540,1.0,1.0
1809,3.0,3.0
3744,2.0,2.0
2951,2.0,2.0
3473,2.0,3.0
3104,2.0,2.0
89,1.0,1.0
2975,2.0,1.0
1481,2.0,2.0
3867,2.0,2.0
17,2.0,2.0
2159,2.0,2.0
2572,2.0,2.0
1904,2.0,2.0
3599,3.0,3.0
3274,2.0,2.0
240,1.0,1.0
698,3.0,3.0
524,3.0,3.0
3113,2.0,1.0
1076,3.0,3.0
3618,2.0,2.0
753,2.0,3.0
450,1.0,1.0
297,2.0,2.0
3161,2.0,2.0
3147,2.0,2.0
2496,2.0,2.0
2694,3.0,3.0
2034,2.0,2.0
2491,2.0,2.0
293,2.0,2.0
1786,3.0,3.0
2343,2.0,2.0
308,1.0,1.0
954,3.0,3.0
1170,2.0,1.0
441,2.0,2.0
683,2.0,2.0
626,3.0,3.0
1702,3.0,3.0
2354,2.0,2.0
2600,2.0,3.0
3293,1.0,1.0
357,1.0,1.0
454,2.0,2.0
3196,1.0,1.0
3031,2.0,1.0
1061,3.0,2.0
395,1.0,1.0
443,2.0,2.0
2989,2.0,2.0
1973,2.0,2.0
2710,2.0,2.0
2415,2.0,2.0
1415,2.0,2.0
1069,3.0,2.0
1802,3.0,3.0
3906,2.0,1.0
2603,2.0,3.0
3154,1.0,1.0
772,3.0,3.0
3188,2.0,2.0
1758,2.0,2.0
3823,2.0,2.0
2019,2.0,2.0
2244,2.0,2.0
1986,2.0,2.0
2615,2.0,3.0
2278,1.0,1.0
1291,2.0,2.0
2852,2.0,2.0
1201,2.0,2.0
3127,1.0,1.0
359,1.0,1.0
32,3.0,2.0
1716,3.0,3.0
437,2.0,2.0
1517,2.0,2.0
3226,1.0,1.0
776,2.0,2.0
3434,2.0,3.0
1227,2.0,2.0
1533,2.0,2.0
2253,1.0,1.0
311,2.0,2.0
3448,2.0,2.0
1475,2.0,2.0
1117,3.0,2.0
2184,1.0,1.0
2473,2.0,2.0
2396,2.0,2.0
3189,1.0,1.0
2307,1.0,1.0
1306,2.0,2.0
3025,2.0,2.0
1305,2.0,2.0
282,1.0,1.0
3894,1.0,2.0
1441,2.0,2.0
2281,1.0,1.0
3409,2.0,2.0
1003,2.0,1.0
3039,2.0,2.0
226,1.0,1.0
2627,2.0,2.0
1893,3.0,2.0
1187,2.0,2.0
2728,2.0,3.0
2211,1.0,1.0
2930,2.0,2.0
285,2.0,2.0
2608,2.0,2.0
168,2.0,2.0
1502,1.0,1.0
1356,1.0,1.0
3658,2.0,3.0
915,2.0,2.0
1015,2.0,2.0
3945,2.0,1.0
3562,3.0,3.0
2549,2.0,2.0
1113,3.0,3.0
2288,1.0,1.0
1792,3.0,3.0
2606,2.0,3.0
3086,1.0,1.0
1137,1.0,1.0
2414,2.0,2.0
490,1.0,1.0
2680,3.0,3.0
927,2.0,2.0
2809,3.0,3.0
2380,2.0,2.0
1595,2.0,2.0
3776,2.0,2.0
1848,3.0,3.0
1068,3.0,2.0
813,2.0,3.0
677,2.0,2.0
26,1.0,1.0
1360,1.0,1.0
299,1.0,1.0
1543,2.0,2.0
3649,3.0,3.0
1664,3.0,3.0
1510,2.0,2.0
2676,2.0,2.0
3703,2.0,2.0
1886,3.0,3.0
729,2.0,2.0
1592,2.0,2.0
610,3.0,3.0
2476,2.0,2.0
2061,2.0,1.0
1856,3.0,3.0
2348,1.0,1.0
117,1.0,1.0
3369,1.0,1.0
1299,2.0,2.0
501,2.0,2.0
3978,2.0,1.0
3062,2.0,1.0
165,2.0,2.0
216,2.0,2.0
2182,2.0,2.0
1310,2.0,2.0
1936,2.0,2.0
1402,2.0,2.0
1900,3.0,3.0
3074,2.0,2.0
1659,3.0,3.0
1010,2.0,2.0
2961,2.0,2.0
175,2.0,2.0
61,2.0,2.0
2342,2.0,2.0
3379,1.0,1.0
1775,3.0,3.0
1785,3.0,3.0
861,2.0,2.0
1389,2.0,1.0
355,1.0,1.0
3001,2.0,2.0
1866,3.0,3.0
1023,2.0,2.0
2076,2.0,2.0
2336,2.0,2.0
2268,1.0,1.0
2195,1.0,1.0
4027,2.0,1.0
1210,2.0,2.0
778,2.0,3.0
2433,2.0,2.0
1439,2.0,2.0
2590,2.0,3.0
2683,2.0,2.0
1709,3.0,3.0
549,2.0,3.0
314,2.0,2.0
3809,2.0,2.0
796,3.0,3.0
892,3.0,3.0
2605,2.0,3.0
3142,1.0,1.0
4023,2.0,1.0
2821,2.0,2.0
2914,2.0,2.0
3979,2.0,1.0
1942,2.0,2.0
3295,1.0,1.0
2115,1.0,1.0
704,2.0,2.0
4057,2.0,2.0
525,3.0,3.0
2153,2.0,1.0
2771,2.0,2.0
1528,2.0,1.0
406,2.0,2.0
782,2.0,2.0
3384,2.0,2.0
1081,3.0,2.0
459,1.0,1.0
759,3.0,3.0
3046,2.0,1.0
2379,2.0,2.0
436,2.0,2.0
1472,2.0,2.0
2913,2.0,2.0
1712,3.0,3.0
1560,2.0,2.0
1498,1.0,1.0
35,3.0,2.0
658,3.0,3.0
2698,3.0,3.0
972,3.0,2.0
3452,2.0,2.0
664,3.0,3.0
896,2.0,2.0
1087,3.0,2.0
746,3.0,3.0
2493,2.0,2.0
478,2.0,2.0
3598,2.0,3.0
2052,2.0,1.0
3463,2.0,3.0
2931,2.0,2.0
2310,1.0,1.0
818,2.0,2.0
2075,2.0,2.0
641,2.0,2.0
2318,2.0,2.0
3034,2.0,1.0
1800,3.0,3.0
1089,3.0,2.0
2586,2.0,2.0
2512,2.0,2.0
1928,2.0,2.0
2538,3.0,3.0
2576,2.0,2.0
2725,3.0,3.0
682,2.0,2.0
2529,2.0,3.0
70,2.0,2.0
1980,2.0,2.0
3504,2.0,2.0
1953,2.0,2.0
3398,1.0,1.0
300,1.0,1.0
1670,3.0,3.0
3494,2.0,3.0
708,3.0,3.0
3278,1.0,1.0
665,3.0,3.0
1608,2.0,2.0
3322,1.0,1.0
2273,1.0,1.0
3159,2.0,2.0
3132,1.0,1.0
3714,3.0,3.0
207,2.0,2.0
2112,2.0,2.0
1586,2.0,2.0
771,3.0,3.0
474,1.0,1.0
2556,2.0,2.0
3415,2.0,3.0
3957,2.0,1.0
14,2.0,2.0
1744,3.0,3.0
2535,2.0,2.0
537,3.0,3.0
2666,2.0,3.0
130,2.0,2.0
1213,2.0,2.0
3927,1.0,2.0
2259,2.0,2.0
3114,1.0,1.0
166,2.0,2.0
3507,2.0,3.0
3009,2.0,1.0
2773,2.0,1.0
2119,2.0,2.0
802,2.0,2.0
3577,2.0,2.0
3663,2.0,2.0
2462,1.0,1.0
307,1.0,1.0
3545,1.0,2.0
2647,2.0,2.0
3907,2.0,1.0
3210,1.0,1.0
1283,2.0,2.0
4069,2.0,2.0
899,3.0,3.0
1468,2.0,2.0
3445,2.0,3.0
2536,2.0,2.0
799,2.0,2.0
114,1.0,1.0
3909,2.0,1.0
4082,2.0,2.0
628,3.0,3.0
83,1.0,1.0
3345,2.0,2.0
3356,2.0,2.0
60,2.0,2.0
2548,2.0,2.0
313,1.0,1.0
591,3.0,3.0
2723,2.0,2.0
3129,1.0,1.0
4084,3.0,3.0
3915,2.0,1.0
2672,2.0,2.0
991,2.0,2.0
4037,2.0,2.0
2010,2.0,2.0
31,3.0,2.0
3963,2.0,1.0
3044,2.0,2.0
3897,2.0,1.0
1894,3.0,2.0
848,2.0,2.0
76,2.0,2.0
1405,2.0,2.0
2490,2.0,2.0
3838,2.0,2.0
713,3.0,3.0
566,2.0,2.0
3950,2.0,1.0
3509,2.0,3.0
1022,2.0,2.0
487,1.0,1.0
1828,3.0,3.0
2298,1.0,1.0
3900,1.0,1.0
2802,2.0,1.0
1897,3.0,3.0
2789,3.0,3.0
1652,3.0,3.0
2179,1.0,1.0
3478,2.0,3.0
2011,2.0,2.0
749,2.0,2.0
1746,2.0,2.0
67,2.0,2.0
1715,2.0,3.0
1457,2.0,2.0
48,2.0,2.0
3190,2.0,2.0
3991,2.0,2.0
4021,2.0,1.0
1774,3.0,3.0
2171,2.0,2.0
25,1.0,1.0
2832,2.0,2.0
651,3.0,3.0
1995,2.0,2.0
2217,1.0,1.0
3593,3.0,3.0
3051,2.0,2.0
1382,2.0,1.0
3671,2.0,1.0
783,3.0,3.0
1826,3.0,3.0
2807,2.0,3.0
1713,3.0,3.0
3865,2.0,2.0
1378,2.0,2.0
4058,2.0,2.0
1118,3.0,2.0
1421,2.0,2.0
3148,2.0,2.0
1808,3.0,3.0
750,3.0,3.0
2004,2.0,2.0
3520,2.0,2.0
2450,1.0,1.0
3208,1.0,1.0
2965,2.0,2.0
3013,2.0,1.0
3185,1.0,1.0
3349,2.0,2.0
2228,2.0,2.0
567,3.0,3.0
1959,3.0,3.0
570,3.0,3.0
3394,1.0,1.0
1729,3.0,3.0
1876,3.0,3.0
2762,3.0,3.0
3374,1.0,1.0
3785,2.0,2.0
2305,1.0,1.0
2364,2.0,2.0
3134,1.0,1.0
1944,2.0,2.0
2758,2.0,2.0
619,3.0,3.0
932,2.0,2.0
685,2.0,2.0
2768,2.0,2.0
3387,1.0,1.0
968,2.0,2.0
3970,2.0,1.0
3959,2.0,2.0
510,2.0,2.0
1115,3.0,2.0
1249,2.0,2.0
389,2.0,2.0
141,1.0,1.0
3060,2.0,2.0
948,3.0,3.0
2921,2.0,2.0
371,2.0,2.0
4028,2.0,2.0
2557,2.0,2.0
298,2.0,2.0
1018,2.0,2.0
1054,2.0,2.0
1625,3.0,3.0
2960,2.0,2.0
110,1.0,1.0
2777,2.0,1.0
4076,2.0,2.0
193,2.0,2.0
2719,3.0,3.0
2869,2.0,2.0
2249,2.0,2.0
1159,2.0,2.0
2887,2.0,2.0
3105,1.0,1.0
1966,2.0,2.0
1576,2.0,2.0
1539,1.0,1.0
2757,3.0,3.0
960,2.0,2.0
1140,2.0,2.0
1674,3.0,3.0
768,2.0,3.0
1070,3.0,2.0
2227,1.0,1.0
204,2.0,2.0
2304,1.0,1.0
2642,3.0,3.0
3984,2.0,2.0
4066,2.0,2.0
2799,3.0,3.0
1377,2.0,2.0
1827,3.0,3.0
1555,2.0,2.0
1096,3.0,2.0
2152,2.0,2.0
2684,2.0,2.0
3844,2.0,1.0
994,2.0,2.0
4042,2.0,3.0
1114,3.0,2.0
245,2.0,2.0
1287,2.0,2.0
3000,2.0,2.0
1276,2.0,2.0
261,2.0,2.0
1915,3.0,3.0
2902,2.0,2.0
3687,2.0,2.0
2361,1.0,1.0
4025,2.0,2.0
2375,2.0,2.0
4012,2.0,1.0
541,3.0,3.0
3490,2.0,3.0
3026,2.0,1.0
3741,2.0,2.0
426,1.0,1.0
2959,2.0,2.0
2423,2.0,2.0
1104,3.0,2.0
529,3.0,3.0
3717,3.0,3.0
3806,2.0,2.0
2280,1.0,1.0
241,2.0,2.0
1878,2.0,2.0
2872,2.0,2.0
2086,2.0,2.0
847,2.0,2.0
107,1.0,1.0
3872,1.0,2.0
3433,2.0,3.0
2984,2.0,1.0
72,2.0,1.0
2267,1.0,1.0
615,3.0,3.0
1939,2.0,2.0
1214,2.0,2.0
1558,2.0,2.0
269,1.0,1.0
3940,2.0,1.0
555,2.0,2.0
480,2.0,2.0
2622,2.0,2.0
106,1.0,1.0
3930,2.0,2.0
185,2.0,2.0
2858,2.0,2.0
3107,1.0,1.0
1059,3.0,3.0
3588,3.0,3.0
62,2.0,2.0
3402,2.0,2.0
3764,2.0,2.0
2207,1.0,1.0
1841,3.0,3.0
3677,2.0,1.0
473,2.0,2.0
3506,2.0,3.0
4016,2.0,1.0
3532,3.0,3.0
3964,2.0,1.0
223,1.0,1.0
3061,2.0,1.0
3564,2.0,2.0
3980,2.0,1.0
2098,2.0,2.0
3066,2.0,2.0
2007,2.0,1.0
3229,1.0,1.0
2847,2.0,2.0
1590,2.0,2.0
1037,2.0,2.0
816,2.0,3.0
360,1.0,1.0
2294,1.0,1.0
1075,3.0,3.0
3334,2.0,2.0
1898,3.0,3.0
1881,3.0,3.0
2009,2.0,1.0
1521,2.0,2.0
528,3.0,3.0
1266,2.0,2.0
1946,2.0,2.0
380,1.0,1.0
583,3.0,3.0
1640,3.0,3.0
1072,3.0,2.0
1589,2.0,2.0
1704,3.0,3.0
4,1.0,1.0
482,1.0,1.0
885,2.0,2.0
503,2.0,2.0
2973,2.0,2.0
3540,2.0,2.0
3242,2.0,2.0
2855,2.0,2.0
3941,2.0,1.0
3313,2.0,2.0
2311,1.0,1.0
1926,2.0,2.0
1907,3.0,3.0
2140,1.0,1.0
2846,2.0,2.0
3480,2.0,3.0
1211,2.0,2.0
1972,2.0,2.0
340,1.0,1.0
2216,2.0,2.0
1941,2.0,2.0
134,2.0,2.0
4096,3.0,3.0
11,2.0,2.0
736,3.0,3.0
1954,2.0,2.0
291,2.0,2.0
3634,2.0,2.0
3801,2.0,2.0
1190,2.0,2.0
1501,1.0,1.0
653,3.0,3.0
4063,3.0,3.0
1875,3.0,3.0
225,1.0,1.0
3873,2.0,2.0
760,2.0,2.0
1833,3.0,3.0
2081,1.0,1.0
2008,2.0,1.0
2446,2.0,2.0
3530,2.0,3.0
2071,2.0,1.0
1527,2.0,1.0
3373,1.0,1.0
1718,3.0,3.0
2881,2.0,2.0
3361,2.0,2.0
775,2.0,2.0
982,3.0,2.0
1858,3.0,3.0
832,3.0,3.0
2947,2.0,2.0
3576,3.0,3.0
147,1.0,1.0
3775,2.0,2.0
4053,2.0,2.0
2235,2.0,2.0
1313,2.0,2.0
3195,2.0,2.0
1370,2.0,2.0
947,3.0,3.0
1797,3.0,3.0
1821,2.0,3.0
28,1.0,1.0
78,2.0,1.0
1648,3.0,3.0
278,2.0,2.0
1977,2.0,2.0
3905,2.0,1.0
337,1.0,1.0
1234,2.0,2.0
3910,2.0,1.0
1261,2.0,2.0
2688,2.0,2.0
810,2.0,3.0
396,1.0,1.0
1564,2.0,2.0
1869,3.0,2.0
2969,2.0,2.0
1836,3.0,3.0
2978,2.0,1.0
3427,2.0,2.0
3825,2.0,3.0
2309,1.0,1.0
2060,2.0,1.0
2460,1.0,1.0
2176,2.0,2.0
3722,2.0,2.0
2808,2.0,2.0
1508,2.0,2.0
492,1.0,1.0
2457,1.0,1.0
693,3.0,3.0
3803,2.0,3.0
2558,3.0,3.0
3952,2.0,1.0
1067,3.0,2.0
4103,2.0,2.0
1040,2.0,2.0
1927,2.0,2.0
3644,2.0,2.0
2604,2.0,3.0
87,1.0,1.0
2037,2.0,1.0
1141,2.0,2.0
183,1.0,1.0
2617,2.0,3.0
4045,3.0,3.0
1756,2.0,2.0
1938,2.0,2.0
3718,3.0,3.0
3395,2.0,2.0
3318,2.0,1.0
237,2.0,2.0
2687,2.0,2.0
2882,2.0,2.0
1483,2.0,2.0
3098,2.0,2.0
4004,2.0,2.0
2252,2.0,2.0
3342,2.0,2.0
662,3.0,3.0
2397,2.0,2.0
3715,3.0,3.0
1044,2.0,2.0
1324,2.0,2.0
1624,2.0,3.0
3749,2.0,2.0
10,2.0,2.0
3236,1.0,1.0
3601,3.0,3.0
158,2.0,2.0
1374,2.0,2.0
869,3.0,3.0
1773,2.0,2.0
1284,2.0,2.0
305,2.0,2.0
719,2.0,2.0
1065,3.0,3.0
1333,2.0,2.0
1909,3.0,3.0
1406,2.0,2.0
3047,2.0,1.0
2292,1.0,1.0
3996,2.0,2.0
3049,2.0,2.0
3567,2.0,2.0
1218,2.0,2.0
1246,2.0,2.0
2581,2.0,2.0
3694,2.0,2.0
3102,2.0,2.0
1427,2.0,2.0
1232,2.0,2.0
2523,2.0,3.0
4051,2.0,3.0
445,2.0,2.0
2188,2.0,2.0
2885,2.0,2.0
1919,3.0,3.0
700,1.0,2.0
3475,2.0,3.0
283,1.0,1.0
3036,2.0,1.0
407,2.0,2.0
612,3.0,3.0
3203,2.0,2.0
3926,1.0,2.0
465,1.0,1.0
3914,1.0,2.0
1388,2.0,2.0
1295,2.0,2.0
2420,1.0,1.0
2589,3.0,3.0
3701,2.0,2.0
2319,2.0,2.0
2167,2.0,2.0
907,3.0,3.0
878,2.0,2.0
2239,2.0,2.0
123,1.0,1.0
2320,2.0,2.0
3934,2.0,1.0
804,3.0,3.0
263,2.0,2.0
3419,2.0,3.0
780,3.0,3.0
433,1.0,1.0
2385,2.0,2.0
401,1.0,1.0
3253,2.0,2.0
3725,2.0,2.0
410,2.0,2.0
3446,2.0,2.0
3400,2.0,2.0
1384,1.0,1.0
2843,2.0,2.0
846,2.0,2.0
1710,2.0,3.0
2708,2.0,2.0
2250,2.0,2.0
2658,2.0,2.0
3468,2.0,2.0
859,2.0,2.0
2582,3.0,3.0
3781,2.0,2.0
1577,2.0,2.0
1525,1.0,1.0
1315,2.0,1.0
3355,2.0,2.0
3842,2.0,2.0
1599,2.0,2.0
2577,2.0,2.0
3307,2.0,2.0
1176,2.0,2.0
2479,2.0,2.0
2111,2.0,2.0
1036,2.0,2.0
429,1.0,1.0
2092,2.0,2.0
4020,2.0,1.0
3056,2.0,1.0
506,2.0,2.0
2972,2.0,2.0
1645,3.0,3.0
21,2.0,2.0
538,3.0,3.0
629,3.0,3.0
3551,3.0,3.0
1279,2.0,2.0
361,1.0,1.0
757,3.0,3.0
413,1.0,1.0
1294,2.0,2.0
231,2.0,2.0
1171,1.0,1.0
1755,2.0,2.0
3116,2.0,2.0
572,3.0,3.0
901,2.0,2.0
2760,2.0,2.0
3005,2.0,1.0
1124,3.0,2.0
444,2.0,2.0
3759,2.0,2.0
3962,2.0,1.0
2096,2.0,1.0
975,3.0,2.0
199,2.0,2.0
1777,3.0,3.0
2585,2.0,2.0
3657,2.0,3.0
3879,1.0,2.0
3826,2.0,3.0
2735,2.0,2.0
1020,2.0,2.0
1347,2.0,2.0
3885,1.0,2.0
3437,2.0,3.0
171,2.0,2.0
1309,2.0,2.0
2279,1.0,1.0
2507,2.0,2.0
2161,1.0,1.0
3683,2.0,2.0
2791,2.0,2.0
422,2.0,2.0
3150,2.0,2.0
3232,1.0,1.0
3057,2.0,1.0
2030,2.0,2.0
3933,2.0,1.0
4052,3.0,3.0
2014,2.0,1.0
3085,2.0,1.0
369,1.0,1.0
3512,2.0,3.0
2142,2.0,2.0
2963,2.0,2.0
3486,2.0,3.0
2677,2.0,3.0
587,3.0,3.0
45,1.0,1.0
3152,1.0,1.0
3854,2.0,2.0
3794,2.0,2.0
181,1.0,1.0
3225,1.0,1.0
2173,1.0,1.0
2619,3.0,3.0
2200,1.0,1.0
3289,1.0,1.0
2040,2.0,2.0
1854,3.0,3.0
2196,2.0,2.0
2489,2.0,2.0
1431,1.0,1.0
3404,2.0,2.0
160,2.0,2.0
4061,3.0,3.0
741,2.0,2.0
2667,2.0,3.0
1371,2.0,2.0
2929,2.0,2.0
2168,2.0,2.0
2845,2.0,2.0
3836,2.0,1.0
1638,3.0,3.0
1459,2.0,2.0
2472,2.0,2.0
1759,2.0,2.0
2981,2.0,1.0
4040,1.0,2.0
1979,2.0,2.0
3305,2.0,2.0
2285,1.0,1.0
1556,2.0,2.0
1012,2.0,2.0
3735,2.0,2.0
1334,2.0,2.0
2740,2.0,2.0
1400,2.0,2.0
2803,2.0,2.0
886,3.0,3.0
3505,2.0,3.0
1679,3.0,3.0
1051,2.0,2.0
3549,3.0,3.0
1711,2.0,3.0
3281,2.0,2.0
461,1.0,1.0
3429,2.0,3.0
2254,1.0,1.0
2679,3.0,3.0
3261,1.0,1.0
2425,2.0,2.0
1031,2.0,2.0
4029,2.0,2.0
3290,1.0,1.0
1202,2.0,2.0
1614,2.0,2.0
2234,1.0,1.0
509,2.0,2.0
176,2.0,2.0
2518,2.0,2.0
3263,2.0,2.0
3742,2.0,2.0
2790,2.0,2.0
1693,3.0,3.0
3617,2.0,2.0
556,2.0,2.0
4068,2.0,2.0
2194,2.0,2.0
3155,1.0,1.0
1098,3.0,2.0
1873,3.0,3.0
1429,2.0,2.0
3092,2.0,2.0
603,3.0,3.0
1724,3.0,3.0
3055,2.0,1.0
1618,2.0,2.0
3194,2.0,2.0
2936,2.0,2.0
1726,3.0,3.0
2611,2.0,2.0
1205,2.0,2.0
90,1.0,1.0
1832,3.0,3.0
2610,2.0,2.0
303,1.0,1.0
1365,2.0,2.0
267,2.0,2.0
2594,2.0,2.0
3626,2.0,2.0
640,3.0,3.0
2023,2.0,2.0
3028,2.0,2.0
1290,2.0,2.0
249,2.0,2.0
2829,1.0,1.0
2992,2.0,2.0
1975,2.0,2.0
3309,2.0,2.0
373,2.0,2.0
47,1.0,1.0
3723,2.0,2.0
2565,2.0,3.0
1921,2.0,3.0
3285,2.0,2.0
3115,2.0,2.0
3118,2.0,2.0
1601,2.0,2.0
63,2.0,2.0
2977,2.0,1.0
4011,2.0,1.0
3834,2.0,2.0
522,3.0,3.0
1889,2.0,2.0
924,2.0,2.0
944,2.0,2.0
3353,1.0,1.0
1466,2.0,2.0
188,2.0,2.0
2991,2.0,2.0
2715,3.0,3.0
1934,3.0,3.0
1831,3.0,3.0
858,2.0,2.0
4047,3.0,3.0
3682,2.0,2.0
3570,2.0,2.0
754,2.0,3.0
884,2.0,2.0
545,2.0,3.0
897,3.0,3.0
3410,2.0,2.0
922,2.0,2.0
2840,2.0,2.0
434,1.0,1.0
3542,2.0,2.0
2646,3.0,3.0
987,2.0,2.0
1180,2.0,2.0
1273,2.0,2.0
3609,2.0,2.0
3471,2.0,3.0
2269,2.0,2.0
1019,2.0,2.0
498,1.0,1.0
3519,2.0,2.0
575,3.0,3.0
420,1.0,1.0
2994,2.0,2.0
3848,1.0,2.0
1611,2.0,2.0
363,1.0,1.0
3254,2.0,2.0
3010,2.0,1.0
2467,2.0,2.0
2458,1.0,1.0
1198,2.0,2.0
1119,3.0,2.0
2193,2.0,2.0
822,3.0,3.0
2905,2.0,2.0
644,3.0,3.0
173,2.0,2.0
3960,2.0,1.0
