FID,Condition_Score,condition_model_nb_pred
0,264.0,
1,308.0,
2,132.0,
3,176.0,
4,176.0,
5,176.0,
6,176.0,
7,176.0,
8,308.0,
9,176.0,
10,352.0,
11,176.0,
12,396.0,
13,176.0,
14,352.0,
15,308.0,
16,220.0,
17,308.0,
18,132.0,
19,176.0,
20,352.0,
21,176.0,
22,220.0,
23,176.0,
24,176.0,
25,176.0,
26,220.0,
27,220.0,
28,220.0,
29,176.0,
30,220.0,
31,264.0,
32,220.0,
33,264.0,
34,220.0,
35,308.0,
36,220.0,
37,308.0,
38,220.0,
39,352.0,
40,308.0,
41,308.0,
42,308.0,
43,132.0,
44,308.0,
45,176.0,
46,176.0,
47,220.0,
48,308.0,
49,132.0,
50,132.0,
51,176.0,
52,132.0,
53,132.0,
54,132.0,
55,132.0,
56,132.0,
57,176.0,
58,132.0,
59,308.0,
60,308.0,
61,88.0,
62,132.0,
63,176.0,
64,132.0,
65,88.0,
66,220.0,
67,220.0,
68,264.0,
69,176.0,
70,220.0,
71,132.0,
72,220.0,
73,132.0,
74,308.0,
75,132.0,
76,132.0,
77,176.0,
78,220.0,
79,220.0,
80,264.0,
81,220.0,
82,88.0,
83,88.0,
84,132.0,
85,88.0,
86,88.0,
87,88.0,
88,88.0,
89,88.0,
90,88.0,
91,176.0,
92,132.0,
93,132.0,
94,220.0,
95,220.0,
96,220.0,
97,176.0,
98,132.0,
99,132.0,
100,176.0,
101,132.0,
102,264.0,
103,132.0,
104,132.0,
105,88.0,
106,88.0,
107,88.0,
108,88.0,
109,264.0,
110,132.0,
111,132.0,
112,176.0,
113,132.0,
114,132.0,
115,352.0,
116,132.0,
117,132.0,
118,132.0,
119,176.0,
120,132.0,
121,88.0,
122,176.0,
123,352.0,
124,88.0,
125,88.0,
126,88.0,
127,88.0,
128,88.0,
129,88.0,
130,220.0,
131,132.0,
132,264.0,
133,132.0,
134,132.0,
135,132.0,
136,132.0,
137,132.0,
138,132.0,
139,220.0,
140,132.0,
141,264.0,
142,132.0,
143,132.0,
144,132.0,
145,176.0,
146,132.0,
147,220.0,
148,132.0,
149,220.0,
150,176.0,
151,264.0,
152,88.0,
153,132.0,
154,132.0,
155,308.0,
156,176.0,
157,132.0,
158,264.0,
159,220.0,
160,132.0,
161,220.0,
162,132.0,
163,220.0,
164,264.0,
165,132.0,
166,308.0,
167,264.0,
168,264.0,
169,132.0,
170,132.0,
171,352.0,
172,308.0,
173,132.0,
174,132.0,
175,44.0,
176,220.0,
177,132.0,
178,220.0,
179,220.0,
180,132.0,
181,176.0,
182,132.0,
183,132.0,
184,132.0,
185,132.0,
186,176.0,
187,132.0,
188,176.0,
189,132.0,
190,132.0,
191,132.0,
192,132.0,
193,176.0,
194,220.0,
195,132.0,
196,132.0,
197,88.0,
198,132.0,
199,132.0,
200,132.0,
201,132.0,
202,132.0,
203,132.0,
204,132.0,
205,132.0,
206,176.0,
207,132.0,
208,132.0,
209,132.0,
210,132.0,
211,132.0,
212,132.0,
213,176.0,
214,220.0,
215,132.0,
216,220.0,
217,132.0,
218,132.0,
219,132.0,
220,132.0,
221,220.0,
222,220.0,
223,176.0,
224,308.0,
225,132.0,
226,176.0,
227,176.0,
228,176.0,
229,132.0,
230,220.0,
231,176.0,
232,132.0,
233,132.0,
234,220.0,
235,308.0,
236,220.0,
237,176.0,
238,220.0,
239,176.0,
240,132.0,
241,132.0,
242,132.0,
243,132.0,
244,132.0,
245,132.0,
246,132.0,
247,132.0,
248,220.0,
249,132.0,
250,132.0,
251,264.0,
252,176.0,
253,88.0,
254,132.0,
255,220.0,
256,132.0,
257,176.0,
258,132.0,
259,176.0,
260,220.0,
261,220.0,
262,132.0,
263,220.0,
264,176.0,
265,132.0,
266,88.0,
267,132.0,
268,88.0,
269,88.0,
270,132.0,
271,176.0,
272,88.0,
273,88.0,
274,352.0,
275,308.0,
276,132.0,
277,88.0,
278,132.0,
279,88.0,
280,88.0,
281,88.0,
282,88.0,
283,88.0,
284,88.0,
285,88.0,
286,88.0,
287,132.0,
288,176.0,
289,88.0,
290,176.0,
291,88.0,
292,132.0,
293,88.0,
294,88.0,
295,132.0,
296,88.0,
297,88.0,
298,132.0,
299,88.0,
300,88.0,
301,88.0,
302,88.0,
303,88.0,
304,88.0,
305,176.0,
306,88.0,
307,132.0,
308,88.0,
309,88.0,
310,88.0,
311,220.0,
312,132.0,
313,176.0,
314,176.0,
315,132.0,
316,88.0,
317,88.0,
318,176.0,
319,176.0,
320,264.0,
321,88.0,
322,88.0,
323,88.0,
324,88.0,
325,88.0,
326,176.0,
327,88.0,
328,308.0,
329,220.0,
330,88.0,
331,88.0,
332,132.0,
333,132.0,
334,88.0,
335,176.0,
336,132.0,
337,88.0,
338,220.0,
339,176.0,
340,264.0,
341,176.0,
342,132.0,
343,88.0,
344,88.0,
345,88.0,
346,88.0,
347,88.0,
348,88.0,
349,88.0,
350,88.0,
351,88.0,
352,88.0,
353,88.0,
354,88.0,
355,88.0,
356,88.0,
357,88.0,
358,132.0,
359,88.0,
360,88.0,
361,88.0,
362,88.0,
363,88.0,
364,88.0,
365,88.0,
366,88.0,
367,88.0,
368,176.0,
369,88.0,
370,88.0,
371,220.0,
372,220.0,
373,176.0,
374,44.0,
375,176.0,
376,176.0,
377,0.0,
378,88.0,
379,220.0,
380,220.0,
381,220.0,
382,220.0,
383,88.0,
384,88.0,
385,132.0,
386,132.0,
387,132.0,
388,132.0,
389,88.0,
390,88.0,
391,88.0,
392,132.0,
393,176.0,
394,176.0,
395,176.0,
396,176.0,
397,88.0,
398,220.0,
399,220.0,
400,88.0,
401,132.0,
402,220.0,
403,220.0,
404,88.0,
405,132.0,
406,88.0,
407,88.0,
408,88.0,
409,88.0,
410,88.0,
411,88.0,
412,88.0,
413,88.0,
414,88.0,
415,88.0,
416,88.0,
417,88.0,
418,88.0,
419,88.0,
420,88.0,
421,176.0,
422,132.0,
423,88.0,
424,88.0,
425,132.0,
426,176.0,
427,176.0,
428,132.0,
429,88.0,
430,176.0,
431,220.0,
432,176.0,
433,88.0,
434,88.0,
435,220.0,
436,308.0,
437,264.0,
438,308.0,
439,132.0,
440,176.0,
441,176.0,
442,88.0,
443,176.0,
444,176.0,
445,220.0,
446,176.0,
447,88.0,
448,88.0,
449,176.0,
450,132.0,
451,132.0,
452,132.0,
453,132.0,
454,176.0,
455,88.0,
456,132.0,
457,132.0,
458,132.0,
459,88.0,
460,132.0,
461,132.0,
462,132.0,
463,132.0,
464,176.0,
465,88.0,
466,88.0,
467,88.0,
468,88.0,
469,176.0,
470,308.0,
471,132.0,
472,176.0,
473,132.0,
474,176.0,
475,132.0,
476,176.0,
477,132.0,
478,264.0,
479,132.0,
480,176.0,
481,176.0,
482,132.0,
483,132.0,
484,132.0,
485,132.0,
486,132.0,
487,88.0,
488,88.0,
489,132.0,
490,132.0,
491,132.0,
492,176.0,
493,132.0,
494,132.0,
495,176.0,
496,264.0,
497,176.0,
498,176.0,
499,176.0,
500,176.0,
501,132.0,
502,132.0,
503,132.0,
504,88.0,
505,88.0,
506,132.0,
507,220.0,
508,176.0,
509,132.0,
510,176.0,
511,220.0,
512,176.0,
513,132.0,
514,176.0,
515,132.0,
516,176.0,
517,132.0,
518,132.0,
519,308.0,
520,176.0,
521,132.0,
522,132.0,
523,176.0,
524,132.0,
525,264.0,
526,88.0,
527,88.0,
528,88.0,
529,88.0,
530,88.0,
531,88.0,
532,88.0,
533,88.0,
534,88.0,
535,88.0,
536,88.0,
537,88.0,
538,88.0,
539,220.0,
540,352.0,
541,220.0,
542,176.0,
543,176.0,
544,88.0,
545,88.0,
546,220.0,
547,88.0,
548,88.0,
549,308.0,
550,220.0,
551,132.0,
552,88.0,
553,308.0,
554,132.0,
555,132.0,
556,132.0,
557,132.0,
558,132.0,
559,176.0,
560,176.0,
561,176.0,
562,176.0,
563,176.0,
564,176.0,
565,176.0,
566,88.0,
567,176.0,
568,132.0,
569,132.0,
570,132.0,
571,132.0,
572,132.0,
573,176.0,
574,132.0,
575,132.0,
576,132.0,
577,176.0,
578,176.0,
579,352.0,
580,176.0,
581,176.0,
582,220.0,
583,176.0,
584,264.0,
585,308.0,
586,176.0,
587,176.0,
588,176.0,
589,132.0,
590,132.0,
591,308.0,
592,264.0,
593,264.0,
594,132.0,
595,132.0,
596,132.0,
597,132.0,
598,132.0,
599,308.0,
600,308.0,
601,220.0,
602,176.0,
603,132.0,
604,220.0,
605,88.0,
606,88.0,
607,88.0,
608,88.0,
609,88.0,
610,132.0,
611,132.0,
612,176.0,
613,176.0,
614,176.0,
615,132.0,
616,132.0,
617,132.0,
618,176.0,
619,176.0,
620,220.0,
621,220.0,
622,132.0,
623,132.0,
624,176.0,
625,132.0,
626,176.0,
627,176.0,
628,176.0,
629,176.0,
630,88.0,
631,88.0,
632,88.0,
633,176.0,
634,176.0,
635,220.0,
636,176.0,
637,88.0,
638,132.0,
639,88.0,
640,88.0,
641,176.0,
642,88.0,
643,88.0,
644,88.0,
645,88.0,
646,88.0,
647,88.0,
648,132.0,
649,132.0,
650,132.0,
651,132.0,
652,132.0,
653,88.0,
654,88.0,
655,176.0,
656,132.0,
657,132.0,
658,176.0,
659,132.0,
660,176.0,
661,176.0,
662,132.0,
663,132.0,
664,132.0,
665,88.0,
666,88.0,
667,264.0,
668,88.0,
669,220.0,
670,220.0,
671,88.0,
672,88.0,
673,176.0,
674,88.0,
675,88.0,
676,132.0,
677,88.0,
678,88.0,
679,132.0,
680,176.0,
681,176.0,
682,132.0,
683,88.0,
684,88.0,
685,88.0,
686,88.0,
687,132.0,
688,176.0,
689,132.0,
690,132.0,
691,132.0,
692,132.0,
693,264.0,
694,220.0,
695,220.0,
696,132.0,
697,132.0,
698,176.0,
699,176.0,
700,132.0,
701,88.0,
702,176.0,
703,176.0,
704,88.0,
705,88.0,
706,88.0,
707,88.0,
708,220.0,
709,264.0,
710,176.0,
711,176.0,
712,176.0,
713,132.0,
714,308.0,
715,264.0,
716,220.0,
717,176.0,
718,176.0,
719,132.0,
720,132.0,
721,132.0,
722,132.0,
723,132.0,
724,264.0,
725,132.0,
726,132.0,
727,132.0,
728,132.0,
729,132.0,
730,132.0,
731,132.0,
732,132.0,
733,220.0,
734,352.0,
735,264.0,
736,220.0,
737,132.0,
738,132.0,
739,132.0,
740,132.0,
741,132.0,
742,132.0,
743,132.0,
744,132.0,
745,176.0,
746,132.0,
747,176.0,
748,132.0,
749,132.0,
750,176.0,
751,220.0,
752,220.0,
753,88.0,
754,88.0,
755,88.0,
756,88.0,
757,352.0,
758,132.0,
759,132.0,
760,132.0,
761,176.0,
762,176.0,
763,132.0,
764,132.0,
765,264.0,
766,264.0,
767,308.0,
768,88.0,
769,176.0,
770,132.0,
771,132.0,
772,132.0,
773,132.0,
774,132.0,
775,132.0,
776,88.0,
777,132.0,
778,176.0,
779,308.0,
780,132.0,
781,132.0,
782,176.0,
783,88.0,
784,88.0,
785,88.0,
786,88.0,
787,88.0,
788,132.0,
789,132.0,
790,132.0,
791,88.0,
792,308.0,
793,176.0,
794,88.0,
795,132.0,
796,220.0,
797,88.0,
798,88.0,
799,132.0,
800,132.0,
801,132.0,
802,176.0,
803,132.0,
804,132.0,
805,220.0,
806,220.0,
807,176.0,
808,176.0,
809,176.0,
810,132.0,
811,176.0,
812,176.0,
813,176.0,
814,132.0,
815,88.0,
816,88.0,
817,88.0,
818,88.0,
819,132.0,
820,88.0,
821,88.0,
822,176.0,
823,132.0,
824,176.0,
825,132.0,
826,132.0,
827,132.0,
828,132.0,
829,264.0,
830,132.0,
831,176.0,
832,132.0,
833,220.0,
834,176.0,
835,44.0,
836,220.0,
837,176.0,
838,132.0,
839,176.0,
840,88.0,
841,88.0,
842,132.0,
843,132.0,
844,88.0,
845,88.0,
846,88.0,
847,132.0,
848,176.0,
849,176.0,
850,176.0,
851,264.0,
852,264.0,
853,220.0,
854,176.0,
855,132.0,
856,88.0,
857,88.0,
858,88.0,
859,88.0,
860,88.0,
861,88.0,
862,88.0,
863,88.0,
864,176.0,
865,88.0,
866,88.0,
867,88.0,
868,88.0,
869,88.0,
870,132.0,
871,176.0,
872,132.0,
873,88.0,
874,88.0,
875,176.0,
876,176.0,
877,396.0,
878,264.0,
879,220.0,
880,220.0,
881,220.0,
882,308.0,
883,264.0,
884,308.0,
885,308.0,
886,264.0,
887,88.0,
888,132.0,
889,132.0,
890,176.0,
891,176.0,
892,176.0,
893,220.0,
894,176.0,
895,132.0,
896,132.0,
897,132.0,
898,132.0,
899,176.0,
900,132.0,
901,132.0,
902,132.0,
903,88.0,
904,176.0,
905,308.0,
906,132.0,
907,88.0,
908,88.0,
909,220.0,
910,88.0,
911,308.0,
912,264.0,
913,88.0,
914,264.0,
915,220.0,
916,220.0,
917,264.0,
918,220.0,
919,176.0,
920,176.0,
921,352.0,
922,176.0,
923,264.0,
924,132.0,
925,132.0,
926,132.0,
927,88.0,
928,132.0,
929,132.0,
930,88.0,
931,220.0,
932,264.0,
933,132.0,
934,132.0,
935,176.0,
936,132.0,
937,264.0,
938,176.0,
939,220.0,
940,220.0,
941,88.0,
942,132.0,
943,220.0,
944,176.0,
945,220.0,
946,132.0,
947,176.0,
948,132.0,
949,308.0,
950,264.0,
951,220.0,
952,132.0,
953,132.0,
954,396.0,
955,88.0,
956,308.0,
957,264.0,
958,264.0,
959,440.0,
960,264.0,
961,88.0,
962,220.0,
963,220.0,
964,396.0,
965,264.0,
966,396.0,
967,132.0,
968,220.0,
969,352.0,
970,220.0,
971,220.0,
972,264.0,
973,308.0,
974,220.0,
975,308.0,
976,220.0,
977,264.0,
978,176.0,
979,396.0,
980,352.0,
981,264.0,
982,220.0,
983,352.0,
984,220.0,
985,308.0,
986,440.0,
987,176.0,
988,308.0,
989,132.0,
990,176.0,
991,176.0,
992,176.0,
993,176.0,
994,176.0,
995,220.0,
996,220.0,
997,220.0,
998,220.0,
999,264.0,
1000,264.0,
1001,220.0,
1002,396.0,
1003,440.0,
1004,220.0,
1005,352.0,
1006,220.0,
1007,264.0,
1008,220.0,
1009,308.0,
1010,308.0,
1011,264.0,
1012,220.0,
1013,132.0,
1014,308.0,
1015,220.0,
1016,264.0,
1017,264.0,
1018,220.0,
1019,176.0,
1020,220.0,
1021,264.0,
1022,176.0,
1023,264.0,
1024,308.0,
1025,308.0,
1026,176.0,
1027,176.0,
1028,176.0,
1029,220.0,
1030,264.0,
1031,132.0,
1032,132.0,
1033,264.0,
1034,176.0,
1035,220.0,
1036,264.0,
1037,88.0,
1038,264.0,
1039,220.0,
1040,176.0,
1041,176.0,
1042,352.0,
1043,264.0,
1044,440.0,
1045,132.0,
1046,88.0,
1047,176.0,
1048,176.0,
1049,132.0,
1050,220.0,
1051,308.0,
1052,44.0,
1053,264.0,
1054,220.0,
1055,352.0,
1056,440.0,
1057,308.0,
1058,220.0,
1059,220.0,
1060,264.0,
1061,264.0,
1062,396.0,
1063,220.0,
1064,220.0,
1065,308.0,
1066,308.0,
1067,220.0,
1068,308.0,
1069,352.0,
1070,220.0,
1071,220.0,
1072,264.0,
1073,440.0,
1074,264.0,
1075,352.0,
1076,264.0,
1077,176.0,
1078,176.0,
1079,176.0,
1080,220.0,
1081,220.0,
1082,220.0,
1083,352.0,
1084,308.0,
1085,308.0,
1086,308.0,
1087,352.0,
1088,264.0,
1089,352.0,
1090,176.0,
1091,176.0,
1092,308.0,
1093,264.0,
1094,264.0,
1095,220.0,
1096,220.0,
1097,352.0,
1098,220.0,
1099,220.0,
1100,220.0,
1101,220.0,
1102,264.0,
1103,264.0,
1104,396.0,
1105,176.0,
1106,220.0,
1107,264.0,
1108,220.0,
1109,176.0,
1110,308.0,
1111,352.0,
1112,176.0,
1113,176.0,
1114,308.0,
1115,308.0,
1116,176.0,
1117,220.0,
1118,308.0,
1119,132.0,
1120,308.0,
1121,220.0,
1122,264.0,
1123,220.0,
1124,264.0,
1125,308.0,
1126,88.0,
1127,264.0,
1128,308.0,
1129,352.0,
1130,308.0,
1131,440.0,
1132,352.0,
1133,220.0,
1134,264.0,
1135,220.0,
1136,132.0,
1137,176.0,
1138,132.0,
1139,176.0,
1140,132.0,
1141,132.0,
1142,176.0,
1143,132.0,
1144,176.0,
1145,132.0,
1146,132.0,
1147,132.0,
1148,264.0,
1149,308.0,
1150,176.0,
1151,264.0,
1152,176.0,
1153,176.0,
1154,176.0,
1155,176.0,
1156,176.0,
1157,176.0,
1158,132.0,
1159,264.0,
1160,176.0,
1161,176.0,
1162,176.0,
1163,176.0,
1164,176.0,
1165,176.0,
1166,264.0,
1167,352.0,
1168,176.0,
1169,176.0,
1170,176.0,
1171,132.0,
1172,220.0,
1173,176.0,
1174,132.0,
1175,132.0,
1176,176.0,
1177,176.0,
1178,132.0,
1179,132.0,
1180,176.0,
1181,132.0,
1182,88.0,
1183,220.0,
1184,176.0,
1185,176.0,
1186,176.0,
1187,176.0,
1188,176.0,
1189,132.0,
1190,176.0,
1191,264.0,
1192,220.0,
1193,176.0,
1194,308.0,
1195,264.0,
1196,88.0,
1197,264.0,
1198,220.0,
1199,220.0,
1200,352.0,
1201,220.0,
1202,264.0,
1203,264.0,
1204,176.0,
1205,264.0,
1206,176.0,
1207,176.0,
1208,264.0,
1209,220.0,
1210,264.0,
1211,264.0,
1212,264.0,
1213,352.0,
1214,176.0,
1215,264.0,
1216,176.0,
1217,220.0,
1218,132.0,
1219,264.0,
1220,176.0,
1221,220.0,
1222,220.0,
1223,264.0,
1224,132.0,
1225,176.0,
1226,352.0,
1227,264.0,
1228,176.0,
1229,132.0,
1230,176.0,
1231,220.0,
1232,176.0,
1233,88.0,
1234,88.0,
1235,88.0,
1236,220.0,
1237,308.0,
1238,132.0,
1239,132.0,
1240,176.0,
1241,132.0,
1242,132.0,
1243,308.0,
1244,176.0,
1245,132.0,
1246,132.0,
1247,176.0,
1248,88.0,
1249,132.0,
1250,264.0,
1251,88.0,
1252,88.0,
1253,220.0,
1254,132.0,
1255,176.0,
1256,352.0,
1257,88.0,
1258,176.0,
1259,220.0,
1260,264.0,
1261,132.0,
1262,176.0,
1263,88.0,
1264,88.0,
1265,132.0,
1266,132.0,
1267,132.0,
1268,88.0,
1269,132.0,
1270,132.0,
1271,88.0,
1272,396.0,
1273,308.0,
1274,132.0,
1275,132.0,
1276,88.0,
1277,132.0,
1278,220.0,
1279,220.0,
1280,264.0,
1281,264.0,
1282,176.0,
1283,264.0,
1284,352.0,
1285,176.0,
1286,176.0,
1287,176.0,
1288,176.0,
1289,176.0,
1290,220.0,
1291,264.0,
1292,264.0,
1293,132.0,
1294,220.0,
1295,132.0,
1296,264.0,
1297,176.0,
1298,132.0,
1299,132.0,
1300,132.0,
1301,264.0,
1302,264.0,
1303,220.0,
1304,220.0,
1305,220.0,
1306,176.0,
1307,132.0,
1308,308.0,
1309,264.0,
1310,176.0,
1311,264.0,
1312,264.0,
1313,220.0,
1314,176.0,
1315,176.0,
1316,308.0,
1317,132.0,
1318,352.0,
1319,264.0,
1320,220.0,
1321,220.0,
1322,132.0,
1323,308.0,
1324,88.0,
1325,220.0,
1326,176.0,
1327,176.0,
1328,220.0,
1329,132.0,
1330,88.0,
1331,264.0,
1332,176.0,
1333,220.0,
1334,176.0,
1335,220.0,
1336,176.0,
1337,264.0,
1338,176.0,
1339,132.0,
1340,176.0,
1341,132.0,
1342,132.0,
1343,132.0,
1344,132.0,
1345,176.0,
1346,132.0,
1347,132.0,
1348,132.0,
1349,132.0,
1350,352.0,
1351,220.0,
1352,352.0,
1353,264.0,
1354,308.0,
1355,132.0,
1356,88.0,
1357,88.0,
1358,132.0,
1359,88.0,
1360,88.0,
1361,88.0,
1362,88.0,
1363,0.0,
1364,176.0,
1365,176.0,
1366,176.0,
1367,176.0,
1368,176.0,
1369,176.0,
1370,88.0,
1371,176.0,
1372,220.0,
1373,264.0,
1374,132.0,
1375,176.0,
1376,132.0,
1377,264.0,
1378,352.0,
1379,308.0,
1380,132.0,
1381,132.0,
1382,264.0,
1383,176.0,
1384,88.0,
1385,88.0,
1386,264.0,
1387,264.0,
1388,308.0,
1389,176.0,
1390,176.0,
1391,176.0,
1392,176.0,
1393,176.0,
1394,220.0,
1395,220.0,
1396,308.0,
1397,264.0,
1398,220.0,
1399,220.0,
1400,308.0,
1401,132.0,
1402,220.0,
1403,176.0,
1404,88.0,
1405,176.0,
1406,132.0,
1407,176.0,
1408,88.0,
1409,88.0,
1410,220.0,
1411,176.0,
1412,176.0,
1413,176.0,
1414,220.0,
1415,176.0,
1416,176.0,
1417,220.0,
1418,176.0,
1419,220.0,
1420,88.0,
1421,88.0,
1422,132.0,
1423,132.0,
1424,88.0,
1425,132.0,
1426,88.0,
1427,88.0,
1428,88.0,
1429,88.0,
1430,176.0,
1431,88.0,
1432,132.0,
1433,88.0,
1434,132.0,
1435,88.0,
1436,132.0,
1437,132.0,
1438,176.0,
1439,88.0,
1440,88.0,
1441,176.0,
1442,132.0,
1443,88.0,
1444,132.0,
1445,88.0,
1446,176.0,
1447,264.0,
1448,220.0,
1449,88.0,
1450,88.0,
1451,132.0,
1452,176.0,
1453,132.0,
1454,176.0,
1455,220.0,
1456,220.0,
1457,176.0,
1458,220.0,
1459,308.0,
1460,176.0,
1461,176.0,
1462,220.0,
1463,176.0,
1464,220.0,
1465,176.0,
1466,176.0,
1467,132.0,
1468,264.0,
1469,220.0,
1470,88.0,
1471,88.0,
1472,220.0,
1473,220.0,
1474,132.0,
1475,132.0,
1476,176.0,
1477,176.0,
1478,132.0,
1479,176.0,
1480,176.0,
1481,176.0,
1482,220.0,
1483,308.0,
1484,88.0,
1485,264.0,
1486,308.0,
1487,220.0,
1488,352.0,
1489,132.0,
1490,88.0,
1491,220.0,
1492,264.0,
1493,176.0,
1494,176.0,
1495,176.0,
1496,176.0,
1497,308.0,
1498,264.0,
1499,264.0,
1500,132.0,
1501,176.0,
1502,132.0,
1503,176.0,
1504,264.0,
1505,132.0,
1506,132.0,
1507,220.0,
1508,220.0,
1509,176.0,
1510,176.0,
1511,176.0,
1512,220.0,
1513,220.0,
1514,220.0,
1515,220.0,
1516,176.0,
1517,176.0,
1518,264.0,
1519,220.0,
1520,264.0,
1521,176.0,
1522,176.0,
1523,44.0,
1524,220.0,
1525,44.0,
1526,44.0,
1527,220.0,
1528,176.0,
1529,176.0,
1530,132.0,
1531,88.0,
1532,88.0,
1533,132.0,
1534,132.0,
1535,132.0,
1536,132.0,
1537,132.0,
1538,132.0,
1539,132.0,
1540,132.0,
1541,352.0,
1542,264.0,
1543,88.0,
1544,88.0,
1545,176.0,
1546,88.0,
1547,88.0,
1548,88.0,
1549,132.0,
1550,88.0,
1551,88.0,
1552,88.0,
1553,132.0,
1554,88.0,
1555,220.0,
1556,88.0,
1557,176.0,
1558,176.0,
1559,220.0,
1560,220.0,
1561,220.0,
1562,264.0,
1563,352.0,
1564,88.0,
1565,132.0,
1566,88.0,
1567,88.0,
1568,88.0,
1569,88.0,
1570,88.0,
1571,176.0,
1572,88.0,
1573,88.0,
1574,88.0,
1575,88.0,
1576,88.0,
1577,88.0,
1578,220.0,
1579,88.0,
1580,88.0,
1581,88.0,
1582,220.0,
1583,220.0,
1584,264.0,
1585,352.0,
1586,308.0,
1587,176.0,
1588,308.0,
1589,220.0,
1590,220.0,
1591,132.0,
1592,132.0,
1593,132.0,
1594,132.0,
1595,396.0,
1596,220.0,
1597,176.0,
1598,176.0,
1599,176.0,
1600,440.0,
1601,396.0,
1602,352.0,
1603,220.0,
1604,264.0,
1605,308.0,
1606,88.0,
1607,88.0,
1608,88.0,
1609,88.0,
1610,88.0,
1611,88.0,
1612,352.0,
1613,176.0,
1614,220.0,
1615,264.0,
1616,220.0,
1617,264.0,
1618,308.0,
1619,220.0,
1620,176.0,
1621,176.0,
1622,220.0,
1623,220.0,
1624,88.0,
1625,176.0,
1626,132.0,
1627,220.0,
1628,132.0,
1629,220.0,
1630,220.0,
1631,176.0,
1632,132.0,
1633,132.0,
1634,264.0,
1635,88.0,
1636,132.0,
1637,88.0,
1638,440.0,
1639,264.0,
1640,264.0,
1641,308.0,
1642,308.0,
1643,220.0,
1644,220.0,
1645,220.0,
1646,308.0,
1647,132.0,
1648,308.0,
1649,264.0,
1650,176.0,
1651,220.0,
1652,176.0,
1653,220.0,
1654,176.0,
1655,176.0,
1656,176.0,
1657,176.0,
1658,132.0,
1659,176.0,
1660,220.0,
1661,220.0,
1662,132.0,
1663,176.0,
1664,176.0,
1665,176.0,
1666,264.0,
1667,132.0,
1668,132.0,
1669,352.0,
1670,352.0,
1671,220.0,
1672,132.0,
1673,132.0,
1674,132.0,
1675,176.0,
1676,132.0,
1677,132.0,
1678,352.0,
1679,176.0,
1680,132.0,
1681,176.0,
1682,220.0,
1683,132.0,
1684,220.0,
1685,132.0,
1686,176.0,
1687,220.0,
1688,132.0,
1689,176.0,
1690,132.0,
1691,176.0,
1692,264.0,
1693,220.0,
1694,308.0,
1695,220.0,
1696,220.0,
1697,220.0,
1698,220.0,
1699,220.0,
1700,176.0,
1701,132.0,
1702,352.0,
1703,220.0,
1704,308.0,
1705,88.0,
1706,352.0,
1707,176.0,
1708,132.0,
1709,176.0,
1710,132.0,
1711,0.0,
1712,308.0,
1713,176.0,
1714,220.0,
1715,132.0,
1716,176.0,
1717,176.0,
1718,220.0,
1719,220.0,
1720,132.0,
1721,132.0,
1722,132.0,
1723,132.0,
1724,132.0,
1725,220.0,
1726,220.0,
1727,176.0,
1728,220.0,
1729,220.0,
1730,176.0,
1731,176.0,
1732,88.0,
1733,88.0,
1734,264.0,
1735,220.0,
1736,220.0,
1737,220.0,
1738,220.0,
1739,220.0,
1740,220.0,
1741,220.0,
1742,220.0,
1743,264.0,
1744,176.0,
1745,176.0,
1746,132.0,
1747,220.0,
1748,176.0,
1749,88.0,
1750,176.0,
1751,220.0,
1752,220.0,
1753,264.0,
1754,220.0,
1755,220.0,
1756,220.0,
1757,264.0,
1758,220.0,
1759,220.0,
1760,220.0,
1761,220.0,
1762,264.0,
1763,220.0,
1764,220.0,
1765,308.0,
1766,220.0,
1767,220.0,
1768,308.0,
1769,176.0,
1770,176.0,
1771,220.0,
1772,220.0,
1773,176.0,
1774,220.0,
1775,176.0,
1776,176.0,
1777,176.0,
1778,220.0,
1779,176.0,
1780,176.0,
1781,132.0,
1782,132.0,
1783,264.0,
1784,176.0,
1785,176.0,
1786,88.0,
1787,88.0,
1788,88.0,
1789,88.0,
1790,88.0,
1791,88.0,
1792,352.0,
1793,352.0,
1794,308.0,
1795,176.0,
1796,220.0,
1797,88.0,
1798,88.0,
1799,264.0,
1800,176.0,
1801,176.0,
1802,220.0,
1803,308.0,
1804,88.0,
1805,176.0,
1806,88.0,
1807,88.0,
1808,88.0,
1809,88.0,
1810,88.0,
1811,132.0,
1812,88.0,
1813,88.0,
1814,88.0,
1815,132.0,
1816,88.0,
1817,308.0,
1818,220.0,
1819,264.0,
1820,264.0,
1821,132.0,
1822,88.0,
1823,88.0,
1824,88.0,
1825,88.0,
1826,176.0,
1827,88.0,
1828,88.0,
1829,132.0,
1830,132.0,
1831,88.0,
1832,264.0,
1833,176.0,
1834,176.0,
1835,176.0,
1836,176.0,
1837,176.0,
1838,88.0,
1839,132.0,
1840,132.0,
1841,220.0,
1842,220.0,
1843,176.0,
1844,220.0,
1845,132.0,
1846,176.0,
1847,264.0,
1848,176.0,
1849,176.0,
1850,176.0,
1851,132.0,
1852,352.0,
1853,176.0,
1854,264.0,
1855,220.0,
1856,176.0,
1857,220.0,
1858,176.0,
1859,176.0,
1860,176.0,
1861,220.0,
1862,264.0,
1863,132.0,
1864,264.0,
1865,176.0,
1866,220.0,
1867,176.0,
1868,132.0,
1869,220.0,
1870,220.0,
1871,176.0,
1872,132.0,
1873,88.0,
1874,88.0,
1875,88.0,
1876,132.0,
1877,88.0,
1878,220.0,
1879,264.0,
1880,352.0,
1881,176.0,
1882,264.0,
1883,220.0,
1884,132.0,
1885,176.0,
1886,176.0,
1887,220.0,
1888,176.0,
1889,88.0,
1890,264.0,
1891,176.0,
1892,132.0,
1893,132.0,
1894,132.0,
1895,132.0,
1896,88.0,
1897,88.0,
1898,88.0,
1899,132.0,
1900,176.0,
1901,88.0,
1902,176.0,
1903,176.0,
1904,220.0,
1905,88.0,
1906,176.0,
1907,88.0,
1908,132.0,
1909,88.0,
1910,176.0,
1911,308.0,
1912,88.0,
1913,132.0,
1914,132.0,
1915,220.0,
1916,132.0,
1917,176.0,
1918,264.0,
1919,176.0,
1920,88.0,
1921,44.0,
1922,88.0,
1923,308.0,
1924,220.0,
1925,396.0,
1926,396.0,
1927,264.0,
1928,264.0,
1929,308.0,
1930,220.0,
1931,176.0,
1932,308.0,
1933,352.0,
1934,308.0,
1935,396.0,
1936,308.0,
1937,396.0,
1938,220.0,
1939,264.0,
1940,264.0,
1941,220.0,
1942,176.0,
1943,176.0,
1944,44.0,
1945,352.0,
1946,176.0,
1947,132.0,
1948,220.0,
1949,176.0,
1950,308.0,
1951,308.0,
1952,176.0,
1953,132.0,
1954,132.0,
1955,264.0,
1956,264.0,
1957,264.0,
1958,220.0,
1959,264.0,
1960,176.0,
1961,264.0,
1962,308.0,
1963,264.0,
1964,176.0,
1965,220.0,
1966,220.0,
1967,220.0,
1968,220.0,
1969,220.0,
1970,220.0,
1971,220.0,
1972,220.0,
1973,220.0,
1974,220.0,
1975,220.0,
1976,220.0,
1977,220.0,
1978,220.0,
1979,220.0,
1980,220.0,
1981,220.0,
1982,220.0,
1983,220.0,
1984,220.0,
1985,264.0,
1986,264.0,
1987,220.0,
1988,220.0,
1989,220.0,
1990,220.0,
1991,220.0,
1992,220.0,
1993,220.0,
1994,132.0,
1995,220.0,
1996,132.0,
1997,176.0,
1998,396.0,
1999,88.0,
2000,352.0,
2001,220.0,
2002,176.0,
2003,132.0,
2004,308.0,
2005,264.0,
2006,264.0,
2007,264.0,
2008,220.0,
2009,308.0,
2010,352.0,
2011,308.0,
2012,220.0,
2013,264.0,
2014,264.0,
2015,264.0,
2016,264.0,
2017,176.0,
2018,176.0,
2019,176.0,
2020,176.0,
2021,176.0,
2022,176.0,
2023,176.0,
2024,220.0,
2025,220.0,
2026,220.0,
2027,176.0,
2028,264.0,
2029,264.0,
2030,264.0,
2031,220.0,
2032,396.0,
2033,220.0,
2034,176.0,
2035,176.0,
2036,264.0,
2037,220.0,
2038,176.0,
2039,220.0,
2040,264.0,
2041,308.0,
2042,264.0,
2043,352.0,
2044,176.0,
2045,308.0,
2046,220.0,
2047,176.0,
2048,220.0,
2049,264.0,
2050,176.0,
2051,308.0,
2052,176.0,
2053,176.0,
2054,308.0,
2055,264.0,
2056,220.0,
2057,264.0,
2058,176.0,
2059,352.0,
2060,220.0,
2061,308.0,
2062,132.0,
2063,308.0,
2064,264.0,
2065,176.0,
2066,220.0,
2067,352.0,
2068,264.0,
2069,176.0,
2070,308.0,
2071,220.0,
2072,220.0,
2073,220.0,
2074,264.0,
2075,132.0,
2076,220.0,
2077,220.0,
2078,352.0,
2079,352.0,
2080,264.0,
2081,132.0,
2082,132.0,
2083,440.0,
2084,220.0,
2085,176.0,
2086,264.0,
2087,132.0,
2088,132.0,
2089,264.0,
2090,352.0,
2091,132.0,
2092,132.0,
2093,132.0,
2094,308.0,
2095,264.0,
2096,176.0,
2097,176.0,
2098,176.0,
2099,264.0,
2100,352.0,
2101,88.0,
2102,88.0,
2103,88.0,
2104,176.0,
2105,88.0,
2106,220.0,
2107,176.0,
2108,220.0,
2109,132.0,
2110,132.0,
2111,176.0,
2112,308.0,
2113,132.0,
2114,132.0,
2115,132.0,
2116,132.0,
2117,132.0,
2118,176.0,
2119,220.0,
2120,220.0,
2121,264.0,
2122,88.0,
2123,88.0,
2124,176.0,
2125,176.0,
2126,132.0,
2127,176.0,
2128,308.0,
2129,176.0,
2130,132.0,
2131,220.0,
2132,176.0,
2133,132.0,
2134,132.0,
2135,132.0,
2136,176.0,
2137,132.0,
2138,88.0,
2139,132.0,
2140,176.0,
2141,132.0,
2142,132.0,
2143,220.0,
2144,88.0,
2145,220.0,
2146,132.0,
2147,220.0,
2148,132.0,
2149,176.0,
2150,308.0,
2151,132.0,
2152,440.0,
2153,176.0,
2154,132.0,
2155,220.0,
2156,132.0,
2157,132.0,
2158,132.0,
2159,176.0,
2160,132.0,
2161,176.0,
2162,264.0,
2163,264.0,
2164,264.0,
2165,132.0,
2166,176.0,
2167,132.0,
2168,132.0,
2169,176.0,
2170,264.0,
2171,176.0,
2172,264.0,
2173,132.0,
2174,220.0,
2175,176.0,
2176,220.0,
2177,132.0,
2178,132.0,
2179,132.0,
2180,88.0,
2181,176.0,
2182,220.0,
2183,132.0,
2184,132.0,
2185,176.0,
2186,176.0,
2187,220.0,
2188,176.0,
2189,176.0,
2190,176.0,
2191,220.0,
2192,176.0,
2193,132.0,
2194,132.0,
2195,132.0,
2196,220.0,
2197,176.0,
2198,220.0,
2199,264.0,
2200,132.0,
2201,176.0,
2202,132.0,
2203,220.0,
2204,220.0,
2205,132.0,
2206,88.0,
2207,308.0,
2208,220.0,
2209,88.0,
2210,132.0,
2211,132.0,
2212,176.0,
2213,176.0,
2214,264.0,
2215,176.0,
2216,176.0,
2217,176.0,
2218,176.0,
2219,88.0,
2220,88.0,
2221,88.0,
2222,176.0,
2223,176.0,
2224,132.0,
2225,176.0,
2226,132.0,
2227,176.0,
2228,88.0,
2229,308.0,
2230,132.0,
2231,220.0,
2232,176.0,
2233,176.0,
2234,132.0,
2235,88.0,
2236,88.0,
2237,88.0,
2238,132.0,
2239,88.0,
2240,132.0,
2241,88.0,
2242,88.0,
2243,132.0,
2244,176.0,
2245,132.0,
2246,88.0,
2247,132.0,
2248,88.0,
2249,88.0,
2250,176.0,
2251,264.0,
2252,220.0,
2253,132.0,
2254,176.0,
2255,220.0,
2256,132.0,
2257,352.0,
2258,88.0,
2259,220.0,
2260,176.0,
2261,220.0,
2262,176.0,
2263,88.0,
2264,88.0,
2265,88.0,
2266,88.0,
2267,88.0,
2268,88.0,
2269,0.0,
2270,88.0,
2271,88.0,
2272,88.0,
2273,88.0,
2274,88.0,
2275,88.0,
2276,88.0,
2277,88.0,
2278,88.0,
2279,88.0,
2280,88.0,
2281,88.0,
2282,88.0,
2283,88.0,
2284,88.0,
2285,88.0,
2286,88.0,
2287,88.0,
2288,88.0,
2289,88.0,
2290,88.0,
2291,88.0,
2292,88.0,
2293,88.0,
2294,88.0,
2295,88.0,
2296,88.0,
2297,176.0,
2298,88.0,
2299,176.0,
2300,176.0,
2301,176.0,
2302,88.0,
2303,132.0,
2304,132.0,
2305,88.0,
2306,176.0,
2307,176.0,
2308,132.0,
2309,88.0,
2310,132.0,
2311,88.0,
2312,132.0,
2313,176.0,
2314,88.0,
2315,88.0,
2316,132.0,
2317,88.0,
2318,88.0,
2319,88.0,
2320,88.0,
2321,88.0,
2322,88.0,
2323,88.0,
2324,88.0,
2325,88.0,
2326,132.0,
2327,132.0,
2328,88.0,
2329,176.0,
2330,132.0,
2331,88.0,
2332,132.0,
2333,176.0,
2334,176.0,
2335,132.0,
2336,132.0,
2337,220.0,
2338,220.0,
2339,220.0,
2340,88.0,
2341,176.0,
2342,176.0,
2343,88.0,
2344,176.0,
2345,176.0,
2346,88.0,
2347,264.0,
2348,132.0,
2349,220.0,
2350,44.0,
2351,176.0,
2352,88.0,
2353,88.0,
2354,88.0,
2355,88.0,
2356,88.0,
2357,88.0,
2358,88.0,
2359,132.0,
2360,220.0,
2361,176.0,
2362,132.0,
2363,88.0,
2364,88.0,
2365,132.0,
2366,88.0,
2367,88.0,
2368,132.0,
2369,220.0,
2370,220.0,
2371,176.0,
2372,132.0,
2373,88.0,
2374,88.0,
2375,88.0,
2376,176.0,
2377,176.0,
2378,132.0,
2379,88.0,
2380,88.0,
2381,132.0,
2382,88.0,
2383,132.0,
2384,132.0,
2385,220.0,
2386,176.0,
2387,440.0,
2388,88.0,
2389,132.0,
2390,88.0,
2391,88.0,
2392,88.0,
2393,88.0,
2394,132.0,
2395,132.0,
2396,88.0,
2397,88.0,
2398,88.0,
2399,132.0,
2400,88.0,
2401,176.0,
2402,132.0,
2403,176.0,
2404,88.0,
2405,88.0,
2406,88.0,
2407,352.0,
2408,176.0,
2409,176.0,
2410,88.0,
2411,176.0,
2412,176.0,
2413,88.0,
2414,220.0,
2415,352.0,
2416,132.0,
2417,132.0,
2418,176.0,
2419,132.0,
2420,220.0,
2421,176.0,
2422,264.0,
2423,88.0,
2424,176.0,
2425,176.0,
2426,176.0,
2427,220.0,
2428,220.0,
2429,176.0,
2430,176.0,
2431,264.0,
2432,176.0,
2433,176.0,
2434,220.0,
2435,220.0,
2436,220.0,
2437,220.0,
2438,220.0,
2439,88.0,
2440,88.0,
2441,132.0,
2442,220.0,
2443,308.0,
2444,132.0,
2445,132.0,
2446,176.0,
2447,264.0,
2448,132.0,
2449,132.0,
2450,132.0,
2451,132.0,
2452,220.0,
2453,220.0,
2454,88.0,
2455,88.0,
2456,88.0,
2457,88.0,
2458,132.0,
2459,88.0,
2460,88.0,
2461,88.0,
2462,132.0,
2463,88.0,
2464,176.0,
2465,88.0,
2466,176.0,
2467,88.0,
2468,88.0,
2469,176.0,
2470,176.0,
2471,264.0,
2472,220.0,
2473,132.0,
2474,176.0,
2475,132.0,
2476,132.0,
2477,88.0,
2478,176.0,
2479,132.0,
2480,220.0,
2481,220.0,
2482,176.0,
2483,88.0,
2484,88.0,
2485,88.0,
2486,308.0,
2487,264.0,
2488,308.0,
2489,176.0,
2490,132.0,
2491,132.0,
2492,132.0,
2493,176.0,
2494,176.0,
2495,176.0,
2496,176.0,
2497,264.0,
2498,88.0,
2499,220.0,
2500,88.0,
2501,308.0,
2502,352.0,
2503,440.0,
2504,0.0,
2505,132.0,
2506,132.0,
2507,132.0,
2508,88.0,
2509,132.0,
2510,132.0,
2511,88.0,
2512,88.0,
2513,132.0,
2514,132.0,
2515,352.0,
2516,176.0,
2517,176.0,
2518,176.0,
2519,176.0,
2520,132.0,
2521,220.0,
2522,176.0,
2523,132.0,
2524,176.0,
2525,132.0,
2526,132.0,
2527,132.0,
2528,132.0,
2529,132.0,
2530,176.0,
2531,132.0,
2532,88.0,
2533,176.0,
2534,132.0,
2535,132.0,
2536,132.0,
2537,132.0,
2538,352.0,
2539,132.0,
2540,264.0,
2541,396.0,
2542,396.0,
2543,220.0,
2544,220.0,
2545,220.0,
2546,220.0,
2547,220.0,
2548,220.0,
2549,132.0,
2550,220.0,
2551,176.0,
2552,132.0,
2553,264.0,
2554,308.0,
2555,132.0,
2556,176.0,
2557,176.0,
2558,132.0,
2559,132.0,
2560,132.0,
2561,132.0,
2562,132.0,
2563,132.0,
2564,220.0,
2565,132.0,
2566,132.0,
2567,132.0,
2568,220.0,
2569,132.0,
2570,176.0,
2571,176.0,
2572,176.0,
2573,176.0,
2574,264.0,
2575,132.0,
2576,132.0,
2577,132.0,
2578,132.0,
2579,176.0,
2580,220.0,
2581,220.0,
2582,176.0,
2583,176.0,
2584,220.0,
2585,264.0,
2586,176.0,
2587,220.0,
2588,220.0,
2589,88.0,
2590,88.0,
2591,132.0,
2592,88.0,
2593,132.0,
2594,308.0,
2595,132.0,
2596,88.0,
2597,176.0,
2598,176.0,
2599,88.0,
2600,132.0,
2601,220.0,
2602,176.0,
2603,88.0,
2604,88.0,
2605,88.0,
2606,88.0,
2607,88.0,
2608,352.0,
2609,176.0,
2610,220.0,
2611,176.0,
2612,132.0,
2613,176.0,
2614,88.0,
2615,176.0,
2616,176.0,
2617,132.0,
2618,88.0,
2619,88.0,
2620,176.0,
2621,176.0,
2622,132.0,
2623,220.0,
2624,176.0,
2625,264.0,
2626,176.0,
2627,132.0,
2628,176.0,
2629,88.0,
2630,176.0,
2631,132.0,
2632,132.0,
2633,308.0,
2634,220.0,
2635,132.0,
2636,132.0,
2637,176.0,
2638,132.0,
2639,132.0,
2640,396.0,
2641,176.0,
2642,220.0,
2643,220.0,
2644,176.0,
2645,176.0,
2646,176.0,
2647,220.0,
2648,132.0,
2649,132.0,
2650,132.0,
2651,220.0,
2652,264.0,
2653,176.0,
2654,176.0,
2655,264.0,
2656,176.0,
2657,132.0,
2658,132.0,
2659,308.0,
2660,308.0,
2661,308.0,
2662,396.0,
2663,220.0,
2664,264.0,
2665,132.0,
2666,88.0,
2667,132.0,
2668,88.0,
2669,88.0,
2670,264.0,
2671,88.0,
2672,88.0,
2673,88.0,
2674,88.0,
2675,88.0,
2676,88.0,
2677,132.0,
2678,396.0,
2679,220.0,
2680,220.0,
2681,220.0,
2682,176.0,
2683,220.0,
2684,308.0,
2685,264.0,
2686,220.0,
2687,220.0,
2688,132.0,
2689,132.0,
2690,132.0,
2691,132.0,
2692,132.0,
2693,308.0,
2694,132.0,
2695,132.0,
2696,132.0,
2697,132.0,
2698,176.0,
2699,308.0,
2700,176.0,
2701,176.0,
2702,44.0,
2703,220.0,
2704,132.0,
2705,132.0,
2706,220.0,
2707,132.0,
2708,220.0,
2709,176.0,
2710,132.0,
2711,132.0,
2712,132.0,
2713,220.0,
2714,132.0,
2715,132.0,
2716,308.0,
2717,132.0,
2718,176.0,
2719,176.0,
2720,132.0,
2721,220.0,
2722,132.0,
2723,132.0,
2724,264.0,
2725,220.0,
2726,176.0,
2727,220.0,
2728,176.0,
2729,176.0,
2730,308.0,
2731,176.0,
2732,264.0,
2733,220.0,
2734,44.0,
2735,132.0,
2736,132.0,
2737,176.0,
2738,132.0,
2739,396.0,
2740,132.0,
2741,132.0,
2742,176.0,
2743,132.0,
2744,176.0,
2745,132.0,
2746,220.0,
2747,176.0,
2748,220.0,
2749,176.0,
2750,176.0,
2751,176.0,
2752,264.0,
2753,44.0,
2754,220.0,
2755,132.0,
2756,132.0,
2757,88.0,
2758,176.0,
2759,176.0,
2760,88.0,
2761,176.0,
2762,88.0,
2763,88.0,
2764,132.0,
2765,132.0,
2766,132.0,
2767,220.0,
2768,220.0,
2769,220.0,
2770,220.0,
2771,220.0,
2772,308.0,
2773,220.0,
2774,220.0,
2775,220.0,
2776,220.0,
2777,176.0,
2778,220.0,
2779,220.0,
2780,440.0,
2781,220.0,
2782,220.0,
2783,132.0,
2784,88.0,
2785,132.0,
2786,132.0,
2787,132.0,
2788,220.0,
2789,176.0,
2790,308.0,
2791,308.0,
2792,88.0,
2793,88.0,
2794,220.0,
2795,88.0,
2796,88.0,
2797,88.0,
2798,88.0,
2799,88.0,
2800,132.0,
2801,220.0,
2802,220.0,
2803,132.0,
2804,220.0,
2805,220.0,
2806,132.0,
2807,88.0,
2808,132.0,
2809,88.0,
2810,88.0,
2811,88.0,
2812,88.0,
2813,176.0,
2814,132.0,
2815,264.0,
2816,132.0,
2817,176.0,
2818,264.0,
2819,308.0,
2820,132.0,
2821,264.0,
2822,176.0,
2823,264.0,
2824,176.0,
2825,88.0,
2826,88.0,
2827,352.0,
2828,264.0,
2829,264.0,
2830,220.0,
2831,308.0,
2832,396.0,
2833,308.0,
2834,308.0,
2835,176.0,
2836,264.0,
2837,264.0,
2838,88.0,
2839,264.0,
2840,308.0,
2841,220.0,
2842,176.0,
2843,308.0,
2844,396.0,
2845,132.0,
2846,132.0,
2847,0.0,
2848,396.0,
2849,132.0,
2850,308.0,
2851,352.0,
2852,308.0,
2853,308.0,
2854,352.0,
2855,220.0,
2856,220.0,
2857,308.0,
2858,176.0,
2859,176.0,
2860,176.0,
2861,176.0,
2862,176.0,
2863,176.0,
2864,264.0,
2865,176.0,
2866,264.0,
2867,308.0,
2868,308.0,
2869,264.0,
2870,264.0,
2871,264.0,
2872,352.0,
2873,308.0,
2874,264.0,
2875,220.0,
2876,308.0,
2877,220.0,
2878,264.0,
2879,308.0,
2880,308.0,
2881,264.0,
2882,308.0,
2883,264.0,
2884,264.0,
2885,264.0,
2886,264.0,
2887,308.0,
2888,220.0,
2889,352.0,
2890,264.0,
2891,220.0,
2892,352.0,
2893,352.0,
2894,220.0,
2895,176.0,
2896,176.0,
2897,220.0,
2898,264.0,
2899,264.0,
2900,308.0,
2901,220.0,
2902,220.0,
2903,220.0,
2904,264.0,
2905,396.0,
2906,220.0,
2907,176.0,
2908,176.0,
2909,176.0,
2910,264.0,
2911,176.0,
2912,176.0,
2913,176.0,
2914,352.0,
2915,264.0,
2916,308.0,
2917,308.0,
2918,352.0,
2919,264.0,
2920,308.0,
2921,308.0,
2922,308.0,
2923,308.0,
2924,308.0,
2925,308.0,
2926,308.0,
2927,308.0,
2928,220.0,
2929,396.0,
2930,352.0,
2931,264.0,
2932,220.0,
2933,264.0,
2934,308.0,
2935,308.0,
2936,308.0,
2937,264.0,
2938,396.0,
2939,264.0,
2940,308.0,
2941,264.0,
2942,308.0,
2943,308.0,
2944,308.0,
2945,264.0,
2946,176.0,
2947,264.0,
2948,176.0,
2949,176.0,
2950,176.0,
2951,176.0,
2952,176.0,
2953,264.0,
2954,220.0,
2955,176.0,
2956,176.0,
2957,220.0,
2958,396.0,
2959,264.0,
2960,176.0,
2961,264.0,
2962,264.0,
2963,264.0,
2964,176.0,
2965,308.0,
2966,264.0,
2967,440.0,
2968,88.0,
2969,220.0,
2970,220.0,
2971,264.0,
2972,176.0,
2973,176.0,
2974,88.0,
2975,220.0,
2976,308.0,
2977,396.0,
2978,308.0,
2979,220.0,
2980,440.0,
2981,220.0,
2982,396.0,
2983,220.0,
2984,352.0,
2985,220.0,
2986,352.0,
2987,264.0,
2988,308.0,
2989,308.0,
2990,264.0,
2991,264.0,
2992,264.0,
2993,308.0,
2994,308.0,
2995,220.0,
2996,88.0,
2997,132.0,
2998,176.0,
2999,396.0,
3000,176.0,
3001,308.0,
3002,308.0,
3003,264.0,
3004,220.0,
3005,352.0,
3006,132.0,
3007,352.0,
3008,220.0,
3009,220.0,
3010,220.0,
3011,220.0,
3012,220.0,
3013,264.0,
3014,176.0,
3015,176.0,
3016,220.0,
3017,176.0,
3018,176.0,
3019,220.0,
3020,220.0,
3021,44.0,
3022,396.0,
3023,352.0,
3024,132.0,
3025,176.0,
3026,176.0,
3027,264.0,
3028,220.0,
3029,308.0,
3030,352.0,
3031,220.0,
3032,264.0,
3033,220.0,
3034,264.0,
3035,220.0,
3036,264.0,
3037,352.0,
3038,220.0,
3039,220.0,
3040,352.0,
3041,220.0,
3042,308.0,
3043,220.0,
3044,176.0,
3045,176.0,
3046,220.0,
3047,264.0,
3048,176.0,
3049,264.0,
3050,220.0,
3051,308.0,
3052,264.0,
3053,264.0,
3054,176.0,
3055,264.0,
3056,220.0,
3057,220.0,
3058,176.0,
3059,308.0,
3060,308.0,
3061,176.0,
3062,264.0,
3063,176.0,
3064,220.0,
3065,352.0,
3066,220.0,
3067,352.0,
3068,308.0,
3069,396.0,
3070,264.0,
3071,440.0,
3072,264.0,
3073,352.0,
3074,264.0,
3075,308.0,
3076,176.0,
3077,264.0,
3078,440.0,
3079,44.0,
3080,264.0,
3081,308.0,
3082,220.0,
3083,176.0,
3084,264.0,
3085,220.0,
3086,176.0,
3087,396.0,
3088,308.0,
3089,220.0,
3090,396.0,
3091,396.0,
3092,176.0,
3093,176.0,
3094,176.0,
3095,352.0,
3096,308.0,
3097,264.0,
3098,264.0,
3099,132.0,
3100,132.0,
3101,132.0,
3102,176.0,
3103,132.0,
3104,132.0,
3105,396.0,
3106,308.0,
3107,220.0,
3108,220.0,
3109,132.0,
3110,220.0,
3111,308.0,
3112,264.0,
3113,220.0,
3114,220.0,
3115,132.0,
3116,132.0,
3117,176.0,
3118,176.0,
3119,220.0,
3120,132.0,
3121,132.0,
3122,132.0,
3123,132.0,
3124,132.0,
3125,132.0,
3126,176.0,
3127,132.0,
3128,132.0,
3129,176.0,
3130,176.0,
3131,132.0,
3132,132.0,
3133,176.0,
3134,132.0,
3135,132.0,
3136,132.0,
3137,220.0,
3138,132.0,
3139,220.0,
3140,220.0,
3141,176.0,
3142,132.0,
3143,308.0,
3144,264.0,
3145,264.0,
3146,264.0,
3147,132.0,
3148,132.0,
3149,176.0,
3150,176.0,
3151,220.0,
3152,132.0,
3153,132.0,
3154,132.0,
3155,132.0,
3156,220.0,
3157,176.0,
3158,176.0,
3159,308.0,
3160,88.0,
3161,176.0,
3162,132.0,
3163,220.0,
3164,176.0,
3165,220.0,
3166,132.0,
3167,220.0,
3168,220.0,
3169,220.0,
3170,176.0,
3171,132.0,
3172,132.0,
3173,176.0,
3174,176.0,
3175,308.0,
3176,220.0,
3177,132.0,
3178,176.0,
3179,264.0,
3180,132.0,
3181,132.0,
3182,132.0,
3183,132.0,
3184,220.0,
3185,132.0,
3186,220.0,
3187,132.0,
3188,220.0,
3189,176.0,
3190,308.0,
3191,220.0,
3192,176.0,
3193,88.0,
3194,264.0,
3195,396.0,
3196,132.0,
3197,132.0,
3198,176.0,
3199,220.0,
3200,132.0,
3201,132.0,
3202,176.0,
3203,132.0,
3204,220.0,
3205,132.0,
3206,264.0,
3207,264.0,
3208,88.0,
3209,88.0,
3210,132.0,
3211,132.0,
3212,132.0,
3213,220.0,
3214,88.0,
3215,88.0,
3216,132.0,
3217,88.0,
3218,88.0,
3219,88.0,
3220,88.0,
3221,88.0,
3222,88.0,
3223,132.0,
3224,132.0,
3225,176.0,
3226,88.0,
3227,88.0,
3228,132.0,
3229,88.0,
3230,88.0,
3231,132.0,
3232,88.0,
3233,88.0,
3234,176.0,
3235,132.0,
3236,88.0,
3237,88.0,
3238,176.0,
3239,176.0,
3240,88.0,
3241,88.0,
3242,88.0,
3243,132.0,
3244,88.0,
3245,88.0,
3246,88.0,
3247,88.0,
3248,88.0,
3249,88.0,
3250,88.0,
3251,88.0,
3252,88.0,
3253,88.0,
3254,88.0,
3255,88.0,
3256,88.0,
3257,88.0,
3258,132.0,
3259,132.0,
3260,88.0,
3261,88.0,
3262,88.0,
3263,88.0,
3264,88.0,
3265,88.0,
3266,176.0,
3267,88.0,
3268,88.0,
3269,88.0,
3270,88.0,
3271,88.0,
3272,88.0,
3273,88.0,
3274,88.0,
3275,88.0,
3276,88.0,
3277,88.0,
3278,176.0,
3279,264.0,
3280,176.0,
3281,88.0,
3282,88.0,
3283,88.0,
3284,88.0,
3285,88.0,
3286,88.0,
3287,132.0,
3288,132.0,
3289,88.0,
3290,88.0,
3291,44.0,
3292,220.0,
3293,132.0,
3294,88.0,
3295,88.0,
3296,88.0,
3297,88.0,
3298,88.0,
3299,88.0,
3300,176.0,
3301,88.0,
3302,132.0,
3303,132.0,
3304,176.0,
3305,176.0,
3306,132.0,
3307,132.0,
3308,88.0,
3309,88.0,
3310,88.0,
3311,132.0,
3312,88.0,
3313,132.0,
3314,88.0,
3315,88.0,
3316,88.0,
3317,88.0,
3318,220.0,
3319,88.0,
3320,88.0,
3321,88.0,
3322,88.0,
3323,88.0,
3324,220.0,
3325,264.0,
3326,132.0,
3327,88.0,
3328,176.0,
3329,176.0,
3330,220.0,
3331,220.0,
3332,176.0,
3333,264.0,
3334,220.0,
3335,88.0,
3336,88.0,
3337,176.0,
3338,88.0,
3339,176.0,
3340,176.0,
3341,132.0,
3342,220.0,
3343,220.0,
3344,88.0,
3345,264.0,
3346,264.0,
3347,352.0,
3348,176.0,
3349,176.0,
3350,264.0,
3351,352.0,
3352,132.0,
3353,44.0,
3354,220.0,
3355,220.0,
3356,176.0,
3357,88.0,
3358,176.0,
3359,220.0,
3360,176.0,
3361,264.0,
3362,264.0,
3363,176.0,
3364,88.0,
3365,176.0,
3366,176.0,
3367,176.0,
3368,132.0,
3369,88.0,
3370,132.0,
3371,88.0,
3372,88.0,
3373,88.0,
3374,88.0,
3375,88.0,
3376,88.0,
3377,88.0,
3378,88.0,
3379,88.0,
3380,264.0,
3381,132.0,
3382,88.0,
3383,88.0,
3384,88.0,
3385,88.0,
3386,88.0,
3387,132.0,
3388,176.0,
3389,88.0,
3390,88.0,
3391,88.0,
3392,88.0,
3393,88.0,
3394,88.0,
3395,88.0,
3396,88.0,
3397,88.0,
3398,176.0,
3399,264.0,
3400,88.0,
3401,88.0,
3402,88.0,
3403,88.0,
3404,88.0,
3405,88.0,
3406,132.0,
3407,132.0,
3408,220.0,
3409,176.0,
3410,308.0,
3411,220.0,
3412,132.0,
3413,132.0,
3414,220.0,
3415,176.0,
3416,132.0,
3417,396.0,
3418,220.0,
3419,220.0,
3420,132.0,
3421,132.0,
3422,88.0,
3423,88.0,
3424,220.0,
3425,220.0,
3426,176.0,
3427,264.0,
3428,132.0,
3429,176.0,
3430,176.0,
3431,132.0,
3432,132.0,
3433,132.0,
3434,132.0,
3435,132.0,
3436,132.0,
3437,132.0,
3438,396.0,
3439,264.0,
3440,220.0,
3441,396.0,
3442,396.0,
3443,220.0,
3444,220.0,
3445,308.0,
3446,352.0,
3447,220.0,
3448,352.0,
3449,220.0,
3450,264.0,
3451,220.0,
3452,176.0,
3453,176.0,
3454,132.0,
3455,176.0,
3456,308.0,
3457,220.0,
3458,220.0,
3459,264.0,
3460,176.0,
3461,132.0,
3462,176.0,
3463,220.0,
3464,132.0,
3465,220.0,
3466,176.0,
3467,132.0,
3468,308.0,
3469,220.0,
3470,396.0,
3471,220.0,
3472,132.0,
3473,132.0,
3474,176.0,
3475,220.0,
3476,132.0,
3477,220.0,
3478,176.0,
3479,132.0,
3480,132.0,
3481,308.0,
3482,264.0,
3483,176.0,
3484,88.0,
3485,88.0,
3486,88.0,
3487,88.0,
3488,88.0,
3489,88.0,
3490,88.0,
3491,264.0,
3492,88.0,
3493,88.0,
3494,88.0,
3495,264.0,
3496,308.0,
3497,132.0,
3498,176.0,
3499,132.0,
3500,132.0,
3501,176.0,
3502,88.0,
3503,88.0,
3504,132.0,
3505,88.0,
3506,88.0,
3507,88.0,
3508,88.0,
3509,88.0,
3510,132.0,
3511,132.0,
3512,132.0,
3513,396.0,
3514,264.0,
3515,352.0,
3516,352.0,
3517,88.0,
3518,88.0,
3519,0.0,
3520,264.0,
3521,176.0,
3522,308.0,
3523,88.0,
3524,88.0,
3525,88.0,
3526,88.0,
3527,88.0,
3528,264.0,
3529,132.0,
3530,88.0,
3531,88.0,
3532,88.0,
3533,88.0,
3534,88.0,
3535,88.0,
3536,88.0,
3537,88.0,
3538,132.0,
3539,132.0,
3540,88.0,
3541,88.0,
3542,88.0,
3543,88.0,
3544,264.0,
3545,264.0,
3546,176.0,
3547,88.0,
3548,132.0,
3549,88.0,
3550,88.0,
3551,176.0,
3552,176.0,
3553,176.0,
3554,88.0,
3555,88.0,
3556,88.0,
3557,176.0,
3558,176.0,
3559,220.0,
3560,132.0,
3561,132.0,
3562,132.0,
3563,220.0,
3564,220.0,
3565,176.0,
3566,132.0,
3567,132.0,
3568,132.0,
3569,132.0,
3570,132.0,
3571,132.0,
3572,132.0,
3573,132.0,
3574,132.0,
3575,132.0,
3576,132.0,
3577,308.0,
3578,132.0,
3579,132.0,
3580,132.0,
3581,132.0,
3582,132.0,
3583,132.0,
3584,352.0,
3585,132.0,
3586,220.0,
3587,132.0,
3588,132.0,
3589,176.0,
3590,264.0,
3591,220.0,
3592,132.0,
3593,132.0,
3594,132.0,
3595,308.0,
3596,352.0,
3597,132.0,
3598,132.0,
3599,176.0,
3600,88.0,
3601,176.0,
3602,176.0,
3603,132.0,
3604,88.0,
3605,88.0,
3606,176.0,
3607,88.0,
3608,88.0,
3609,88.0,
3610,88.0,
3611,88.0,
3612,88.0,
3613,88.0,
3614,132.0,
3615,176.0,
3616,88.0,
3617,308.0,
3618,88.0,
3619,176.0,
3620,88.0,
3621,176.0,
3622,176.0,
3623,176.0,
3624,88.0,
3625,176.0,
3626,88.0,
3627,132.0,
3628,132.0,
3629,176.0,
3630,176.0,
3631,88.0,
3632,88.0,
3633,220.0,
3634,308.0,
3635,264.0,
3636,88.0,
3637,88.0,
3638,132.0,
3639,132.0,
3640,308.0,
3641,88.0,
3642,264.0,
3643,352.0,
3644,88.0,
3645,88.0,
3646,132.0,
3647,132.0,
3648,264.0,
3649,132.0,
3650,176.0,
3651,308.0,
3652,264.0,
3653,220.0,
3654,308.0,
3655,352.0,
3656,220.0,
3657,0.0,
3658,88.0,
3659,88.0,
3660,176.0,
3661,132.0,
3662,132.0,
3663,176.0,
3664,88.0,
3665,88.0,
3666,88.0,
3667,88.0,
3668,88.0,
3669,88.0,
3670,220.0,
3671,308.0,
3672,264.0,
3673,220.0,
3674,220.0,
3675,308.0,
3676,264.0,
3677,264.0,
3678,264.0,
3679,220.0,
3680,88.0,
3681,352.0,
3682,264.0,
3683,264.0,
3684,220.0,
3685,220.0,
3686,220.0,
3687,220.0,
3688,220.0,
3689,220.0,
3690,220.0,
3691,264.0,
3692,264.0,
3693,440.0,
3694,220.0,
3695,220.0,
3696,264.0,
3697,220.0,
3698,264.0,
3699,220.0,
3700,220.0,
3701,308.0,
3702,440.0,
3703,220.0,
3704,220.0,
3705,220.0,
3706,220.0,
3707,264.0,
3708,132.0,
3709,176.0,
3710,132.0,
3711,132.0,
3712,220.0,
3713,132.0,
3714,88.0,
3715,88.0,
3716,88.0,
3717,88.0,
3718,176.0,
3719,176.0,
3720,132.0,
3721,176.0,
3722,308.0,
3723,220.0,
3724,220.0,
3725,220.0,
3726,308.0,
3727,264.0,
3728,308.0,
3729,264.0,
3730,308.0,
3731,220.0,
3732,308.0,
3733,176.0,
3734,396.0,
3735,176.0,
3736,220.0,
3737,308.0,
3738,220.0,
3739,220.0,
3740,220.0,
3741,220.0,
3742,220.0,
3743,220.0,
3744,220.0,
3745,264.0,
3746,220.0,
3747,220.0,
3748,308.0,
3749,308.0,
3750,220.0,
3751,176.0,
3752,396.0,
3753,264.0,
3754,220.0,
3755,220.0,
3756,220.0,
3757,220.0,
3758,220.0,
3759,220.0,
3760,220.0,
3761,352.0,
3762,308.0,
3763,352.0,
3764,308.0,
3765,220.0,
3766,440.0,
3767,220.0,
3768,352.0,
3769,220.0,
3770,264.0,
3771,308.0,
3772,264.0,
3773,220.0,
3774,308.0,
3775,352.0,
3776,220.0,
3777,352.0,
3778,352.0,
3779,176.0,
3780,264.0,
3781,264.0,
3782,264.0,
3783,220.0,
3784,220.0,
3785,264.0,
3786,264.0,
3787,220.0,
3788,264.0,
3789,264.0,
3790,308.0,
3791,264.0,
3792,220.0,
3793,220.0,
3794,308.0,
3795,220.0,
3796,308.0,
3797,264.0,
3798,308.0,
3799,352.0,
3800,308.0,
3801,308.0,
3802,88.0,
3803,176.0,
3804,44.0,
3805,264.0,
3806,440.0,
3807,88.0,
3808,220.0,
3809,264.0,
3810,132.0,
3811,220.0,
3812,132.0,
3813,220.0,
3814,264.0,
3815,88.0,
3816,220.0,
3817,308.0,
3818,264.0,
3819,88.0,
3820,220.0,
3821,88.0,
3822,352.0,
3823,220.0,
3824,132.0,
3825,176.0,
3826,88.0,
3827,88.0,
3828,176.0,
3829,176.0,
3830,88.0,
3831,308.0,
3832,220.0,
3833,88.0,
3834,264.0,
3835,132.0,
3836,264.0,
3837,220.0,
3838,264.0,
3839,176.0,
3840,44.0,
3841,88.0,
3842,176.0,
3843,132.0,
3844,352.0,
3845,220.0,
3846,264.0,
3847,264.0,
3848,352.0,
3849,220.0,
3850,176.0,
3851,220.0,
3852,264.0,
3853,264.0,
3854,440.0,
3855,396.0,
3856,264.0,
3857,0.0,
3858,0.0,
3859,0.0,
3860,176.0,
3861,132.0,
3862,352.0,
3863,176.0,
3864,396.0,
3865,396.0,
3866,352.0,
3867,264.0,
3868,264.0,
3869,220.0,
3870,176.0,
3871,352.0,
3872,264.0,
3873,220.0,
3874,220.0,
3875,176.0,
3876,220.0,
3877,264.0,
3878,220.0,
3879,176.0,
3880,220.0,
3881,264.0,
3882,220.0,
3883,220.0,
3884,220.0,
3885,176.0,
3886,220.0,
3887,220.0,
3888,264.0,
3889,220.0,
3890,352.0,
3891,220.0,
3892,220.0,
3893,220.0,
3894,88.0,
3895,132.0,
3896,220.0,
3897,264.0,
3898,220.0,
3899,264.0,
3900,176.0,
3901,264.0,
3902,264.0,
3903,396.0,
3904,220.0,
3905,220.0,
3906,440.0,
3907,440.0,
3908,352.0,
3909,440.0,
3910,220.0,
3911,308.0,
3912,220.0,
3913,220.0,
3914,220.0,
3915,264.0,
3916,352.0,
3917,264.0,
3918,264.0,
3919,220.0,
3920,308.0,
3921,220.0,
3922,220.0,
3923,264.0,
3924,264.0,
3925,264.0,
3926,264.0,
3927,264.0,
3928,220.0,
3929,352.0,
3930,220.0,
3931,132.0,
3932,264.0,
3933,264.0,
3934,264.0,
3935,220.0,
3936,220.0,
3937,264.0,
3938,264.0,
3939,308.0,
3940,220.0,
3941,352.0,
3942,308.0,
3943,308.0,
3944,308.0,
3945,220.0,
3946,308.0,
3947,308.0,
3948,308.0,
3949,308.0,
3950,220.0,
3951,264.0,
3952,220.0,
3953,220.0,
3954,308.0,
3955,220.0,
3956,308.0,
3957,308.0,
3958,352.0,
3959,352.0,
3960,308.0,
3961,396.0,
3962,396.0,
3963,396.0,
3964,308.0,
3965,220.0,
3966,352.0,
3967,220.0,
3968,396.0,
3969,440.0,
3970,352.0,
3971,352.0,
3972,352.0,
3973,264.0,
3974,352.0,
3975,308.0,
3976,352.0,
3977,220.0,
3978,264.0,
3979,220.0,
3980,220.0,
3981,44.0,
3982,176.0,
3983,264.0,
3984,220.0,
3985,220.0,
3986,308.0,
3987,308.0,
3988,264.0,
3989,88.0,
3990,176.0,
3991,220.0,
3992,220.0,
3993,176.0,
3994,220.0,
3995,132.0,
3996,220.0,
3997,264.0,
3998,220.0,
3999,220.0,
4000,88.0,
4001,88.0,
4002,308.0,
4003,176.0,
4004,132.0,
4005,220.0,
4006,220.0,
4007,220.0,
4008,132.0,
4009,132.0,
4010,176.0,
4011,220.0,
4012,176.0,
4013,132.0,
4014,132.0,
4015,132.0,
4016,176.0,
4017,132.0,
4018,176.0,
4019,176.0,
4020,132.0,
4021,132.0,
4022,176.0,
4023,176.0,
4024,0.0,
4025,132.0,
4026,176.0,
4027,132.0,
4028,176.0,
4029,132.0,
4030,308.0,
4031,264.0,
4032,176.0,
4033,220.0,
4034,176.0,
4035,132.0,
4036,176.0,
4037,88.0,
4038,88.0,
4039,88.0,
4040,264.0,
4041,88.0,
4042,264.0,
4043,88.0,
4044,88.0,
4045,88.0,
4046,88.0,
4047,88.0,
4048,88.0,
4049,88.0,
4050,88.0,
4051,264.0,
4052,88.0,
4053,88.0,
4054,176.0,
4055,88.0,
4056,132.0,
4057,88.0,
4058,132.0,
4059,88.0,
4060,88.0,
4061,88.0,
4062,88.0,
4063,176.0,
4064,220.0,
4065,308.0,
4066,220.0,
4067,220.0,
4068,264.0,
4069,220.0,
4070,220.0,
4071,220.0,
4072,44.0,
4073,176.0,
4074,396.0,
4075,220.0,
4076,220.0,
4077,220.0,
4078,220.0,
4079,308.0,
4080,308.0,
4081,220.0,
4082,352.0,
4083,264.0,
4084,88.0,
4085,220.0,
4086,220.0,
4087,264.0,
4088,220.0,
4089,396.0,
4090,308.0,
4091,352.0,
4092,220.0,
4093,132.0,
4094,220.0,
4095,176.0,
4096,176.0,
4097,220.0,
4098,176.0,
4099,220.0,
4100,264.0,
4101,220.0,
4102,264.0,
4103,352.0,
